headline_quote,best_body_sentence,best_body_quote,label,best_quote_sim,best_sim,quote_len,ctx_len,n_votes,majority_pred,easy_correct,easy_wrong,hard
['한화그룹 비선조직이 비자금 조성 주도'],"// flash 오류를 우회하기 위한 함수 추가 function _flash_removeCallback() {} [동아일보] 檢, 금감원 자료 받아 조사 “한화증권 10여개 지점 동원… 모두 300억∼500억원 조성” 한화 “우리와 무관 휴면계좌” 檢, 금감원 자료 받아 조사 “한화증권 10여개 지점 동원… 모두 300억∼500억원 조성” 한화 “우리와 무관 휴면계좌” 한화그룹 비자금 조성의혹을 수사 중인 서울서부지검 특별수사팀은 5일 한화그룹 내부의 비선조직인 이른바 ‘장교동팀’이 비자금 조성을 주도했다는 금융감독원 조사 결과를 바탕으로 비자금 조성 경위 등을 조사하고 있다.",한화증권 10여개 지점 동원 모두 300억 500억원 조성,1,0.4507232308387756,0.6408079862594604,5,89,4,1,False,False,True
"['한국, 올해 국민소득 2만불 재돌파']",kmtoil@yna.co.kr @yonhap_graphics(트위터) IMF 한국 경제 전망 (서울=연합뉴스) 김토일 기자 = 6일 국제통화기금(IMF)은 최근 발표한 '한국 경제 연례 협의 보고서'에 따르면 우리나라의 1인당 명목 국민소득이 올해 2만달러 고지를 3년 만에 다시 돌파할 것으로 전망됐다.,올해 1인당 국민소득의 경우 2만달러 돌파는 무난할 것으로 예상하고 있다,1,0.5727522373199463,0.3589016199111938,5,77,1,0,False,False,True
['새해 경기회복 빨라진다'],"● 국책은행,“공공성 강화에 주력하겠다.” 국책은행,“공공성 강화에 주력하겠다.” 김창록 산업은행 총재는 “공공적 역할을 선도하겠다.”고 운을 뗐다.",경기회복 속도가 점차 빨라지고 있다 ,1,0.7566895484924316,0.5317443609237671,3,49,3,1,False,False,True
['반짝 늘던 매수문의 다시 잠잠'],목동의 W공인 관계자는 “대책 발표 직후 매수 문의가 반짝 있더니 이내 잠잠해졌다.”면서 “집값이 오른다는 기대감이 있어야 집을 살 텐데 일단은 좀더 지켜보겠다는 심리가 큰 것 같다.”고 말했다.,대책 발표 직후 매수 문의가 반짝 있더니 이내 잠잠해졌다 ,0,0.6196473240852356,0.5232272148132324,5,60,1,0,False,False,True
['올해 몸 조심해야 할 세력은...'],"금감원은 ""상장회사의 경영권 변동 직후 신규 사업 추진 보도 등으로 주가가 급격히 상승할 경우, 사업의 구체적 계획 수립 여부 및 자금, 설비 등 사업추진 준비상황을 확인하는 등 신중한 투자 판단이 필요하다""고 밝혔다.",상장회사의 경영권 변동 직후 신규 사업 추진 보도 등으로 주가가 급격히 상승할 경우 사업의 구체적 계획 수립 여부 및 자금 설비 등 사업추진 준비상황을 확인하는 등 신중한 투자 판단이 필요하다,1,0.3069627583026886,0.3349567949771881,5,75,6,1,True,False,False
"['5천500만원 이하 일부, 연말정산 세부담 증가']",답변하는 최경환 장관 (서울=연합뉴스) 진성철 기자 = 최경환 경제부총리 겸 기획재정부 장관이 2일 국회 예산결산특별위원회 전체회의에서 답변하고 있다.,아직 올해 연말정산 결과가 최종 취합은 안 됐지만 여러 가지 시뮬레이션이나 추정을 해 보면 연봉 5천500만원 이하의 전체 세 부담이 줄어드는 것은 분명하다,1,0.6706101894378662,0.628393828868866,6,64,6,1,True,False,False
['서민 술인데…올려? 말어?'],가격동결 선언한 '이제우린' 소주[맥키스 제공] 가격동결 선언한 '이제우린' 소주[맥키스 제공] 가격동결 선언한 '이제우린' 소주[맥키스 제공] 이처럼 지방 소주사들이 가격 인상에 선뜻 나서지 못하는 데는 소주가 서민의 술이라는 이미지가 강하기 때문이다.,위스키나 맥주 등 다른 주류 가격을 올릴 때는 여론이 뜨겁지 않지만 서민의 술인 소주 가격을 올릴 때는 찬반양론이 매번 크게 엇갈린다,1,0.5530441403388977,0.5683457851409912,3,62,4,1,False,False,True
['평범하게 살기 싫어서 돈이다'],"☞ [정현영의 벌어야 사는 사람들②-2] ""돈 없이도 행복하다는 말은 거짓이다"" ☞ [정현영의 벌어야 사는 사람들②-2] ""돈 없이도 행복하다는 말은 거짓이다"" 정현영 한경닷컴 기자 jhy@hankyung.com",솔직히 말해서 금융업계에 입사하면 소위 가족 돈 을 끌어오지 않을 수 없는 구조다 신입사원은 은행 카드 주식 펀드 등 영업해서 터야 할 계좌 수가 적어도 20 30개는 된다 나홀로 영업해서 계좌를 뚫어나갔다 ,0,0.5445261001586914,0.6786501407623291,4,29,6,1,False,True,False
['5호선 직결…강남行 황금노선 열린다'],"국비 1071억원, 시비 1607억원을 투입할 예정이다.",강동구 거주자 시각에서 보면 강남으로 가는 전철노선이 하나 새로 생기는 셈,1,0.5986759662628174,0.7352426052093506,4,20,3,1,False,False,True
['소주세율 인상 재추진해야'],"박 차관은 이 날 KBS1 라디오 `안녕하십니까 김인영입니다'에 출연, ""맥주세율은 낮추면서 위스키, 소주세율을 못 올리면 재원확보에 막대한 차질이 생긴다""면서 ""고도주는 경제 전체에 부담인 만큼 공청회 등을 통한 국민들의 양해를 구한 뒤 재추진해야 할 것""이라고 말했다.",소주세율 인상을 재추진해야 할 것,0,0.9889510273933412,0.7211586236953735,3,86,0,0,True,False,False
['근로자 평균월급 264만원…상위 1%는 1천835만원'],"윤 의원은 ""평균 소득 산출에 연봉이 100억을 넘는 슈퍼리치까지 포함된 만큼 일반 국민의 평균 연봉은 3천172만원(월 264만원)보다 적은 것으로 봐야 한다""고 말했다.",평균 소득 산출에 연봉이 100억을 넘는 슈퍼리치까지 포함된 만큼 일반 국민의 평균 연봉은 3천172만원 월 264만원 보다 적은 것으로 봐야 한다,1,0.7783657312393188,0.5548090934753418,5,41,4,1,False,False,True
['이러다 보험사 망한다'],◇보험사 망한다는데 “안 팔수 없다”는 속사정 ◇보험사 망한다는데 “안 팔수 없다”는 속사정=보험사가 이같은 ‘위험성’을 모르지 않는다.,치매보험 인수거부는 상당히 이례적인 일로 그만큼 위험도가 크다고 본 것,1,0.6385228633880615,0.6538285613059998,3,41,6,1,True,False,False
['죽기 전날 유서 5장 보여줬다'],유서는 미리 써놨는데….”라고 말했다고 월간조선은 밝혔다.,정 전 회장의 자살과 관련해 경찰의 조사처럼 자살했다는 것 말고 아는 게 없다 ,1,0.5060856938362122,0.6004638075828552,5,61,5,1,False,False,True
['한국산이면 2배 가격에도 팔린다'],'전지현'의 샴푸 광고판이 그 맞은 편을 장식하고 있다.,한국 제품이라서 가격이 높은 편,1,0.7379742860794067,0.5724616050720215,4,37,4,1,False,False,True
['법대로 하다간 망한다'],대신 존폐를 가를 몇몇 차별조항을 바꿔 달라고 요구하고 있다.,대부업 이용 금융소비자 채무자 보호규정을 강화하는 것을 주요 내용으로 하는 대부업법 개정안의 방향은 맞다고 생각하지만 손비인정 축소나 자금조달 원천 차단과 같은 대부업체들에 절대 불리한 차별규정들이 존치하는 한 대부업자들의 자진폐업은 늘어날 수밖에 없는 실정,1,0.3534130752086639,0.6182950735092163,3,27,6,1,True,False,False
['특허괴물 막으라고 1천200억 투자…실적은 1건'],"// flash 오류를 우회하기 위한 함수 추가 function _flash_removeCallback() {} 추미애 ""민관합동 설립 특허관리전문회사 406억 누적손실"" (서울=연합뉴스) 김동현 기자 = 정부가 이른바 '특허괴물'로 알려진 외국계 특허관리전문회사(NPE)의 소송으로부터 국내 중소·중견기업을 보호하기 위해 설립한 업체가 실적 없이 세금만 축냈다는 지적이 제기됐다.",민관합동 설립 특허관리전문회사 406억 누적손실,1,0.7422260046005249,0.4325483441352844,5,63,6,1,True,False,False
['장롱속 카드 연회비 돌려받으세요'],4일 카드업계에 따르면 국민카드와 외환카드는 최근 회원들에게 “1년 이상 카드 사용 실적이 없는 회원이 탈퇴 의사를 밝히면 거래가 없는 기간의 연회비를 반환한다”는 내용의 안내장을 e메일과 우편으로 발송했다.,1년 이상 사용하지 않은 신용카드 연회비 돌려받으세요 ,0,0.6758634448051453,0.4255267381668091,4,77,1,0,False,False,True
['콜라가 뭐기에'],[머니투데이 원종태 기자]연초부터 코카콜라 가격이 또 올랐다.,지난해 12월 가격을 올린 제품은 환타와 사이다 커피 등 콜라가 아닌 제품과 음식점용 일부 코카콜라 제품이었다,1,0.6184639930725098,0.7060242891311646,2,43,6,1,True,False,False
['집값 더 떨어져야'],"// flash 오류를 우회하기 위한 함수 추가 function _flash_removeCallback() {} [머니투데이 전예진,송충현 기자][[머니투데이 9월 정기여론조사] ""8.29대책 별 효과 없다""는 의견도 37.4%] [머니투데이 전예진,송충현 기자][[머니투데이 9월 정기여론조사] ""8.29대책 별 효과 없다""는 의견도 37.4%] 우리나라 국민 10명 중 6명은 집값이 더 떨어져야 한다고 생각하는 것으로 조사됐다.",집값이 더 떨어져야 한다,0,0.9524410367012024,0.6741485595703125,3,56,0,0,True,False,False
['망했습니다. 재취업도 안 되네요'],그런데 재취업도 안 되네요’라는 제목으로 올라온 글의 일부다.,자영업 망하고 6개월째 실업자입니다 당신들이 만들어놓은 소득주도성장 덕분에 잘 운영되던 가게 손님 줄고 원재료 가격 올라가고 인건비 올라가고 남는 게 없어서 접었습니다 ,1,0.5836812853813171,0.8461176753044128,4,28,4,1,False,False,True
['한국증시는 날마다 블랙데이?'],김정태기자 dbman7@,할 말을 잃었다 장이 조정을 받는 것도 좋지만 문제는 특별히 하락요인이 이거다라고 명확히 드러나지 않는다는 점이 최대 악재인것 같다,1,0.2203625589609146,0.6904101371765137,3,25,4,1,False,False,True
['조치 취할 것'],국세청은 이로 인한 불편이나 불이익이 없도록 필요한 조치를 취할 예정이라고 덧붙였다.,직장인들은 다른 공제 항목에도 오류 가능성이 있는 만큼 정산 과정에서 꼼꼼히 확인해야 한다,1,0.4696051478385925,0.2826529741287231,3,54,6,1,True,False,False
['법대로 하든지 배째!'],오는 3월말 전세 만기가 끝나 새 집을 구했더니 집주인은 오히려 3월말까지 들어올 사람이 없다며 법대로 하든지 마음대로 하라고 큰소리 쳤다.,임차인의 권리보호를 위한 제도개선이 필요하다,1,0.4329893290996551,0.3528029918670654,3,70,6,1,True,False,False
"['식비, 집세 빼면 쓸 돈 없는데…물가가 낮다고?']",한 푼이라도 아끼려고 식비를 줄여 보려는 김씨에게 매달 정부가 소비자물가상승률을 발표하면서 ‘저물가’라고 설명하는 것은 납득이 되지 않는다.,최근 소비자물가상승률이 이례적으로 낮은 이유는 저유가 현상 이외에도 소비자물가 구성항목 편제방식과 가중치 영향도 상당한 것으로 보인다,1,0.4958474040031433,0.6062561869621277,7,38,3,1,False,False,True
['우리 떨고 있나'],류순열 선임기자 ryoosy@segye.com,금융감독원이 이달까지 자료를 취합하고 나서 제대로 신고됐는지 강도 높은 검사에 나설 계획,1,0.1657830625772476,0.2826777100563049,3,20,6,1,True,False,False
['英보험사 김연아에 100만달러 지급'],김연아의 한국 스폰서 은행들이 김연아가 지난해 자신이 세운 세계기록 207점을 깨고 올림픽 여자 피겨스케이팅에서 우승하면 100만달러의 보험금이 지급되도록 영국의 보험사 로이즈(Lloyds)에 보험을 들었다는 것이다.,골든걸 김연아는 그냥 완벽했다,1,0.3879674077033996,0.3277315497398376,4,80,6,1,True,False,False
['재산세 못내겠다'],세금 폭탄 웬말인가.’ 서울 강남구 압구정동 현대아파트·미성아파트 입주자 일동이 내건 현수막 내용이다.,재산세가 많다고 주민들이 아우성,1,0.6955447196960449,0.9077807068824768,2,37,6,1,True,False,False
"['2017년 소상공인, 하루 10시간 일하고 월평균 269만원 벌었다']",삼청동 상점에 붙은 '임대문의'[연합뉴스 자료사진] 삼청동 상점에 붙은 '임대문의'[연합뉴스 자료사진] 삼청동 상점에 붙은 '임대문의'[연합뉴스 자료사진] 부채가 있다고 말한 소상공인은 44.4%였다.,매출 감소,1,0.3192356824874878,0.5829122066497803,8,32,4,1,False,False,True
['허리띠 더 졸라맬 생각하니 한숨만'],// flash 오류를 우회하기 위한 함수 추가 function _flash_removeCallback() {} [쿠키 사회]○…“새해에는 허리띠를 더욱 졸라매야 할 형편입니다.,새해에는 허리띠를 더욱 졸라매야 할 형편입니다 없는 살림에 하루가 멀다하고 오르는 물가가 걱정입니다 ,0,0.6591404676437378,0.5282001495361328,5,53,2,0,False,False,True
['2018년 이후 구매하겠다'],"이어 '내년 하반기'라는 답변이 15.11%(100명)으로 두번째로 많았고, 내년 상반기 14.35%(95명), 올해 하반기 12.39%(82명), 올해 상반기 6.19%(41명) 등 순이었다.",전셋값 오른다,1,0.5694795846939087,0.4017433822154999,3,44,5,1,False,False,True
['올해부터 집값 떨어질 것'],"// flash 오류를 우회하기 위한 함수 추가 function _flash_removeCallback() {} (서울=연합뉴스) 유경수기자 = 추병직 건설교통부 장관은 ""올해를 기점으로 집값이 떨어질 것""이라고 말했다.",올해를 기점으로 집값이 떨어질 것,0,0.9808666706085204,0.5458780527114868,4,44,0,0,True,False,False
['서초구 주민 가장 넓은 아파트 산다'],"지방에서는 대전시의 아파트가 29.9평형으로 가장 컸고, 부산(29.82평형).대구시(29.45평형)가 뒤를 이었다.",아파트 평형이 커지는 것은 최근 대형평형 선호 현상으로 큰 평수 공급이 늘고 있기 때문,1,0.680508017539978,0.4790499210357666,6,30,4,1,False,False,True
['전세금 내줄 돈 없어'],1년 전 집주인에게 “집을 나가겠다”고 얘기해 놨지만 집주인이 “나도 노력하고 있지만 전세금을 내줄 수가 없다”며 버티고 있기 때문이다.,나도 노력하고 있지만 전세금을 내줄 수가 없다,0,0.8193409442901611,0.4654795527458191,4,72,2,0,False,False,True
"['주식과세·소득세율 인상설, 한참 앞선 추측']",무단전재 및 재배포 금지＞ 김수헌 (,일부 언론에서 주식양도차익과세나 부가가치세 소득세율 인상 검토설이 나오고 있는데 여러 걸음 앞서나가는 보도,0,0.8272121548652649,0.8856240510940552,5,7,3,1,False,False,True
['5년간 3조 투자'],대표이사는 현 케미칼 사업부장인 이승구 부사장이 맡는다.,2020년까지 3조원 이상의 투자를 통해 자동차 배터리 사업을 반드시 글로벌 초일류로 성장시키겠다,0,0.5220256447792053,0.442298412322998,3,37,4,1,False,False,True
['새벽장사 1개도 못파는 일 허다'],민망해진 이시장은 “좋은 날이 오겠죠”라고 위로했으나 이 상인은 “서울시장이 한번 와서 무엇을 알겠느냐”고 타박했다.,오늘 개시도 못했다 시장님이라도 하나 팔아달라 ,0,0.6436070203781128,0.5419772863388062,5,60,3,1,False,False,True
['집값 내년에 더 떨어진다'],"한국은행이 4일 발표한 ‘8·31 부동산 종합정책이 우리 경제에 미치는 영향’에 따르면 서울 강남 재건축아파트를 중심으로 집값 하락세가 이어지고, 올해보다는 내년에 하락폭이 훨씬 클 것으로 예상됐다.2006년 중 보유세 강화,2007년 양도세 강화 등 종합대책 일정에 따라 1가구 다주택을 중심으로 매물이 증가하면서 내년에 집값이 더 크게 떨어진다는 예측이다.",전국 집값이 3 퍼센트 쯤 떨어지는 것을 전제로 한 분석이 더 의미가 있다 ,1,0.7693843245506287,0.54228675365448,4,83,4,1,False,False,True
['빚내서 집사라는 정책에 악성 주택담보대출 늘었다'],때문에 규제가 적용되는 대출의 42% 수준으로 집값이 떨어질 경우 깡통주택으로 전락할 가능성이 상당히 높은 대출로 볼 수 있다.,규제 동시적용 대출의 52 4 퍼센트 가 위험 대출이 된 것은 최경환 경제부총리 취임 이후 규제완화 정책으로 인한 것,0,0.6742911338806152,0.7636936902999878,6,38,4,1,False,False,True
['웰컴! 한국형 신도시'],아스타나=정임수 기자,신도시 건설 경험과 기술이 축적된 한국 건설업체의 참여를 적극 기대하고 있다,1,0.5945992469787598,0.8153090476989746,3,19,3,1,False,False,True
['서민 주머니털생각말고 대안 마련하라'],이런 상황은 정부의 나라살림 곳곳에서 눈에 띈다.,옥탑방 주민들의 생계비를 올려달라고 할 때마다 예산전용은 불법이라 안된다는 변명만 단골메뉴로 들이밀더니 대통령실에서는 불법인 예산전용으로 엄동설한에 7 200만원어치의 화초나 사들이다니 ,1,0.5134792327880859,0.5170817375183105,4,20,3,1,False,False,True
['외인 수급 中으로 몰려'],장효원기자 specialjhw@inews24.com 장효원기자 장효원기자,또 1월에 코스피지수가 급등한 측면이 있어 2월 들어 밸류에이션 매력이 낮아진 것도 한 몫했다,0,0.2229864001274109,0.5420382618904114,4,15,6,1,False,True,False
['강남 대형아파트 인기 예전만 못해'],[박합수 KB국민은행 부동산팀장 habsoo@naver.com] [박합수 KB국민은행 부동산팀장,강남아파트는 이미 너무 올랐고 추가 상승은 어렵다,1,0.4050057828426361,0.691994845867157,5,19,4,1,False,False,True
['생존위한 질주'],세계적으로 저성장 시대가 본격화되면서 올해 경기도 그 어느 때보다 위태로운 만큼 생존을 위한 변화와 혁신에 총력을 기울이는 데 저마다 방점을 찍었다.,우리 앞에 놓인 현실을 냉철하게 직시해야 할 때,1,0.5145296454429626,0.4142858982086181,2,41,4,1,False,False,True
"[""주가 2000? 갈 곳 없는 '투기 자본'의 작품이다""]","갈 곳 없는 투기 자본의 작품"" ""주가 2000?",주가 2000 갈 곳 없는 투기 자본의 작품,0,0.9527316689491272,0.8848546743392944,8,36,3,1,False,False,True
"[""집값 제자리라도 '내 집' 마련하려면 16년?""]",나 같은 서민이 내 집을 마련하려면 빨라야 16년?,월 400만원 정도의 수입이 있는 가족이라면 10여 년 정도 걸리지 않을까요 저도 사실 2002년도에 아파트를 장만했는데 직장생활 시작한 후 12년 만에 장만한 것입니다 처음 아파트를 분양받았던 게 사태가 터졌던 97년이었는데 중도금을 못내 중도포기하고 분양권을 전매했었습니다 그리고 2002년도에야 아파트를 장만할 수 있었죠 저라고 특별한 방법이 있어서 한 것은 아니에요 그저 절약해서 한 푼 두 푼 모으고 부족한 돈을 대출받았죠 ,1,0.7566782236099243,0.8023396730422974,6,28,3,1,False,False,True
['복권업체 직원이 내부정보로 1등 당첨'],국회 법사위 소속 김재경(金在庚.한나라당) 의원이 25일 입수한 `복권제도 운영 및 관리실태'라는 감사원 감사 보고서에 따르면 녹색복권 재수탁업체인 N사 직원이 복권당첨 정보를 활용해 당첨금 2억5천만원의 1등에 당첨된 것으로 나타났다., 사 기술차장은 100만장당 한장 단위로 1등 복권이 발행된다는 정보를 입수하고 판매량이 95만장을 넘은 뒤 이틀에 걸쳐 복권을 집중구매 1등 복권에 당첨됐다,0,0.7400679588317871,0.2675865888595581,5,79,0,0,True,False,False
['유사휘발유로 못걷은 세금 1조3000억'],"노 의원은 ""지난해 제조된 것으로 추산된 유사휘발유를 리터당 1500원으로 계산하면 1조2400억원 규모에 이른다""라고 밝혔다.",유사 휘발유 판매로 3년 간 1조2936억원의 세금이 걷히지 않은 셈,0,0.8188247084617615,0.4057108163833618,4,35,3,1,False,False,True
['진짜 먹구름이 몰려온다?'],◇증감위 '증시 안정대책' 또 나올까 ◇증감위 '증시 안정대책' 또 나올까 그러나 중국 정부가 증시 불안이 지속되는 것을 좌시하지 않을 것이라는 목소리도 들린다.,결국 이날 중국 증시의 대폭락은 중국 경제 전반에 먹구름이 드리워질 수 있다는 위기감이 크게 작용했다,1,0.3455473482608795,0.5205627679824829,3,63,5,1,False,False,True
['주가상승세 당분간 지속..변동성도 커질 것'],"한은 관계자는 “다들 주식이 많이 오를 것이라고 전망하는데, 다들 오른다고 하면 오히려 거꾸로 안 오르는 경우도 있다”고 지적했다.",추세적으로 계속 좋아질 것으로 보이지만 변동성도 함께 커질 것,0,0.7533897757530212,0.6997125148773193,5,70,2,0,False,False,True
"[""`임회장 비리' 녹취록 존재…수행비서가 폭로""]","2010.10.24 scoop@yna.co.kr C&그룹 전직 임원 증언…""검찰도 확보했을 것"" (서울=연합뉴스) 이웅 전성훈 나확진 임수정 기자 = 1천억원대의 사기대출과 계열사 부당지원 혐의로 구속된 임병석(49) C&그룹 회장의 각종 비리가 담긴 녹취록이 존재하며 이것이 검찰에도 전달됐을 것이란 유력한 증언이 나왔다.",정씨가 임 회장의 운전사 겸 수행비서 역할을 하던 직원이 얘기하는 비리를 녹취해 임 회장을 협박한 것으로 안다,1,0.3520849943161011,0.3856710791587829,5,104,3,1,False,False,True
['비싸도 국산 농축산물 산다'],"아예 ""수입 농축산물이 좋고 구매에도 거리낌이 없다""는 반응도 9.1%나 차지했다.",우리 농축산물 가격이 수입품보다 훨씬 비싸면 수입 농축산물을 구매하겠다,1,0.8086181282997131,0.2328438013792038,4,44,6,1,True,False,False
"[""한국 '잃어버린 10년' 접어들 수도""]","기타노씨는 ""지난해 (일본에) '한국을 배우자'라는 붐이 있었지만, 한국 경제나 기업의 강점 중 대부분은 노동시간의 길이와 관련이 있다""며 ""한국이 노동시간을 줄일 경우 과거 일본에서와 마찬가지로 '잃어버린 10년'이 시작될 우려가 있다""고 주장했다.",중국 경제의 버블 거품 이 꺼지고 한국은 잃어버린 10년 에 접어들지도 모른다,0,0.7510989904403687,0.4528910219669342,5,51,6,1,False,True,False
['저물가 기조 계속될 것…디플레로 보긴 어려워'],"단 이를 ""디플레이션이라고 보기는 어렵다""는 입장이다.", 아직 디플레로 가고 있다고 보기는 어렵지 않나 생각한다,0,0.6605648994445801,0.7382820844650269,6,27,2,0,False,False,True
['가격보다 질이 우선'],"◇""비싸도 맛만 있으면 돼""…1500원 고가라면 시장 안착 ◇""비싸도 맛만 있으면 돼""…1500원 고가라면 시장 안착 © News1 © News1 © News1 지난해 상반기 짜장라면에서 시작된 라면 트렌드가 짬뽕라면으로 전이되면서 1500원짜리 고가 라면 제품이 시장에 안착했다.",최근 소비자들은 구성이 알차고 맛이 있으면 값이 비싸도 구매한다,1,0.5893023014068604,0.7059165239334106,3,71,1,0,False,False,True
['백종원도 주저 앉았다'],하지만 영업이익은 32억원으로 전년 147억원과 비교했을 때 약 5분의 1에 그치는 수준이었다.,대립과 갈등을 부추기는 입법보다는 산업을 진흥하는 데 도움을 주는 법안이 나와야 한다,1,0.1095123142004013,0.4629747569561004,3,40,6,1,True,False,False
['韓 쇠고기.분유.휴대전화 물가 세계 최상위'],갤럭시S 출시 4개월만에 500만대 돌파 (서울=연합뉴스) 이정훈 기자 = 삼성전자의 안드로이드 스마트폰 갤럭시S 판매량이 500만대를 넘어섰다.,수입산 제품의 경우 고가 제품을 선호하는 국내 소비자의 심리를 노려 가격을 비싸게 책정한 것으로 보인다,1,0.4616448879241943,0.7658164501190186,5,45,4,1,False,False,True
['유가 100달러 현실로 다가온다'],"웨인 휴머 투자사의 수석 경제분석가인 윌리엄 휴머는 “ 2주전 까지만 해도 유가 100달러는 가당치도 않은 이야기였지만 지금은 현실적으로 가능하게 됐다”며 “미국 경제가 스태그플레이션에 빠지고, 자동차 운행이 급격히 줄어들며, 고통스러운 희생을 강 요받게 될 것”이라고 전망했다."," 2주전 

까지만 해도 유가 100달러는 가당치도 않은 이야기였지만 지금은

 현실적으로 가능하게 됐다",0,0.7928961515426636,0.752286970615387,4,69,1,0,False,False,True
"['연말정산 세부담, 5500만원 이하도 늘어난 경우 있어']","// flash 오류를 우회하기 위한 함수 추가 function _flash_removeCallback() {} 【서울=뉴시스】조현아 곽치원 기자 = 최경환 경제부총리 겸 기획재정부 장관은 2일 연말정산과 관련, ""5500만원 이하 소득자 중에서 개별 케이스에 따라 (세금 부담이) 늘어난 분도 있다""고 말했다.",시뮬레이션을 추정해보면 5500만원 이하 소득자 중 전체 세부담이 줄어드는 것은 분명하다,0,0.6661049723625183,0.3056539297103882,7,57,3,1,False,False,True
['집값 더 떨어져야 한다'],[머니투데이 이유진 MTN기자]우리나라 국민 10명 중 6명은 집값이 더 떨어져야 한다고 생각하는 것으로 조사됐습니다.,집값이 더 떨어져야 한다,0,0.9987502098083496,0.673174262046814,4,55,2,0,False,False,True
['세금 안내는 서민 대부분인데 세금을 깎아준다고?'],"그는 “2008년 기준으로 전체 근로소득자 중 면세자 비중은 43.2%, 종합소득자 중 면세자 비중은 31.4%에 달한다”며 “예를 들어, 세제개편안에 따라 일용근로자 원천징수세율을 인하(현행 8%→6%)하더라도 실제 일용근로자의 원천징수세액의 상당수가 환급되고 있는 점을 고려하면 세제지원 효과는 제한적일 것”이라고 예상했다.",예를 들어 세제개편안에 따라 일용근로자 원천징수세율을 인하 현행 8 퍼센트 에서 6 퍼센트 하더라도 실제 일용근로자의 원천징수세액의 상당수가 환급되고 있는 점을 고려하면 세제지원 효과는 제한적일 것,1,0.6893676519393921,0.6282587051391602,6,90,6,1,True,False,False
['기업 생태계 역동성 없어'],"그는 ""할아버지, 아버지와 달리 역동적이지 못하고 기업가 정신을 잃어버린 재벌 3세가 부를 지키는 쪽의 의사 결정만 하다 보니 산업이 기존 틀을 벗어나지 못하고 있다""면서 ""재벌 3세가 새로운 기업이 성장할 수 있는 환경도 파괴하고 있다""고 비판했다.",재벌 3세가 새로운 기업이 성장할 수 있는 환경도 파괴하고 있다,1,0.6838579177856445,0.5263429880142212,4,62,6,1,True,False,False
['인사고과 문제'],신경수 인사전략연구소 대표는 “경쟁력 있는 기업을 만들기 위한 기본은 체계적인 인사ㆍ조직관리 및 인사측정평가시스템의 확립”이라며 “이를 바탕으로 노력한 만큼 얻을 수 있는 공정한 연봉체계를 확립한다면 직원들의 사기 진작에 큰 밑거름이 될 것”이라고 지적했다.,이를 바탕으로 노력한 만큼 얻을 수 있는 공정한 연봉체계를 확립한다면 직원들의 사기 진작에 큰 밑거름이 될 것,1,0.3326107263565063,0.1607079207897186,2,44,6,1,True,False,False
"['완벽주의자, 주름 거슬릴 듯']","이어 ""밝은 장면에서는 주름이 보일 수도 있기 때문에, 높은 가격을 지불 한 완벽주의자들은 신경이 거슬릴 수도 있다""고 덧붙였다.",밝은 장면에서는 주름이 보일 수도 있기 때문에 높은 가격을 지불 한 완벽주의자들은 신경이 거슬릴 수도 있다,0,0.7038050889968872,0.5335298776626587,4,65,1,0,False,False,True
"['SK이노, 이력서에 핵심기술·동료이름 다쓰라 요구']","SK이노베이션은 ""상황을 파악 중""이라며 신중한 입장을 내놨다.",상황을 파악 중,1,0.3485830426216125,0.2701271772384643,5,26,6,1,True,False,False
['불황의 끝이 안 보인다'],"내년 상반기에는 기대효과가 나타날 것으로..."" 이렇게 어려움을 겪고 있는 조선업계는 안으로도 심각한 내홍을 겪고 있습니다.",조선 해양과 무관한 비핵심자산과 자회사를 매각하고 조직개편 구조조정을 통해서 경영정상화 위해 노력하고 있습니다 내년 상반기에는 기대효과가 나타날 것으로 ,1,0.2101382911205291,0.4503797590732574,4,46,5,1,False,False,True
['주식 비중 더 줄여라'],특히 국내 주식 비중을 줄이는 것이 바람직하다고 밝혔다.,위험자산 비중을 크게 줄인 보수적 대응기조를 유지해야 한다,1,0.607376217842102,0.5088326930999756,4,48,4,1,False,False,True
['작년보다 투자·채용 늘릴 것'],"이건희 삼성전자 회장은 3일 호텔신라에서 열린 삼성 신년하례식 참석에 앞서 기자들과 만나 ""올해는 새로운 10년이 시작되는 해인 만큼 보통해와 달리 더 열심히 깊이 넓게 가야한다""고 강조하고 투자 및 채용 계획에 대해 ""작년보다 좀더 많이, 크게 할 것으로 예상한다""고 밝혔다.",작년보다 좀더 많이 크게 할 것으로 예상한다,0,0.5353860855102539,0.5577483177185059,4,89,1,0,False,False,True
['막힌 단춧구멍 째서 쓰라고 했다'],그는 “입에 담을 수 없는 욕을 먹고 있다.,양쪽 길이가 다른 가방끈은 잘라 쓰시면 된다 막힌 단춧구멍은 칼로 째서 착용하시라와 같은 어처구니없는 댓글들로 고객분들께 상처를 줬고 듣기 싫은 댓글은 삭제도 했었다,0,0.566481351852417,0.6153560876846313,5,14,5,1,False,False,True
['박삼구 전 회장이 아시아나항공 정말 팔까'],[송기영 기자 rckye@chosunbiz.com] [연지연 기자,박삼구 회장과 엮이고 싶지 않다는 이야기를 잠재 매수 후보군 기업으로 들었다,0,0.6189829111099243,0.6330628991127014,6,13,6,1,False,True,False
['설 앞두고 한우값 점점 오르니… 저렴한 수입육 더 팔릴까 걱정'],문 씨는 “한우 값이 오르면 수입육을 찾는 이들이 늘어 걱정”이라고 말했다.,한우 값이 오르면 수입육을 찾는 이들이 늘어 걱정,0,0.8143411874771118,0.7920646071434021,10,54,0,0,True,False,False
['고맙다'],// flash 오류를 우회하기 위한 함수 추가 function _flash_removeCallback() {} 작년 대규모 신약기술 수출에 포상… 1인당 4000만원꼴… 1년 연봉 상당/“허리띠 졸라매고 큰 성취 이뤄내 모든 임직원에 고마움·마음의 빚” 작년 대규모 신약기술 수출에 포상… 1인당 4000만원꼴… 1년 연봉 상당/“허리띠 졸라매고 큰 성취 이뤄내 모든 임직원에 고마움·마음의 빚” 한미약품 직원들이 지난해 체결한 대규모 신약 기술 수출에 대한 포상으로 1년 연봉에 해당하는 성과급을 받는다.,허리띠 졸라매고 큰 성취 이뤄내 모든 임직원에 고마움 마음의 빚,0,0.5955712795257568,0.3817982971668243,1,89,6,1,False,True,False
['우리집 김치 나도 안먹어'],"그는 그러나 ""웬만한 고급 식당이 아니고선 '얼마나 맛있는지'보다는 '얼마나 싼지'가 음식 장사의 관건인데 당연히 중국산 아니냐""며 ""나도 우리집 김치는 안 먹는다""고 덧붙였다.",나도 우리집 김치는 안 먹는다,0,0.962549328804016,0.6894459128379822,4,62,4,1,False,False,True
['서민 술인데…올려? 말어?'],가격동결 선언한 '이제우린' 소주[맥키스 제공] 가격동결 선언한 '이제우린' 소주[맥키스 제공] 가격동결 선언한 '이제우린' 소주[맥키스 제공] 이처럼 지방 소주사들이 가격 인상에 선뜻 나서지 못하는 데는 소주가 서민의 술이라는 이미지가 강하기 때문이다.,위스키나 맥주 등 다른 주류 가격을 올릴 때는 여론이 뜨겁지 않지만 서민의 술인 소주 가격을 올릴 때는 찬반양론이 매번 크게 엇갈린다,1,0.5530441403388977,0.5683457851409912,3,62,4,1,False,False,True
['시급은 올랐는데…'],남녀간 소득차이는 더 벌어졌다.,작년 한 해 소비부진 자영업체 휴폐업 증가 등 경기불황으로 아르바이트 노동시장의 수요가 줄었기 때문,1,0.2724906504154205,0.3823956251144409,2,21,6,1,True,False,False
['정부 믿고 주택담보대출 바꿨는데 손해만'],금융위 김용범 금융정책국장은 “정부정책에 부응해 신중하고 합리적으로 결정한 사람들이 특정 시점에 그런(손해) 부분이 발생한 것은 불가피한 측면이 있다”며 “고정금리도 대출 후 3년이 지나면 중도상환수수료 없이 다른 대출로 갈아탈 수 있다”고 말했다.,정부에서 하라는 대로 고정금리로 대출받아 꼬박꼬박 원금까지 갚았다가 손해만 보고 바보가 된 기분입니다 ,0,0.7507586479187012,0.5714282393455505,5,73,6,1,False,True,False
"['현대차, 따라하기는 그만']",▶ '욕망의 불꽃' 주인공들이 타는 차 알고보니.., 현대차 현대차는 따라하기보다는 혁신을 추구해야 한다 ,0,0.6612184047698975,0.6467270851135254,3,44,3,1,False,False,True
['대한통운 관심있다'],특징주!' ▶ (재테크)전세난 대책!,네,0,0.5588072538375854,0.8514394760131836,2,12,2,0,False,False,True
['위키리크스서 밝힌 현회장 멘트는 왜곡'],"명품증권방송 최저가 이용 + 주식매매수수료 무료 [관련기사] ☞ 현정은 회장, 새해 화두 ""교토삼굴·탈토지세"" [관련기사] ☞ 현정은 회장, 새해 화두 ""교토삼굴·탈토지세"" 현정은 회장, 새해 화두 ""교토삼굴·탈토지세"" ☞ 현대상선, 자사주 187만주 721억에 처분 ☞ 현대상선, 자사주 187만주 721억에 처분 현대상선, 자사주 187만주 721억에 처분 ☞ 김석동 ""현대건설 채권단, 책임감·신뢰 보여줘야"" ☞ 김석동 ""현대건설 채권단, 책임감·신뢰 보여줘야"" 김석동 ""현대건설 채권단, 책임감·신뢰 보여줘야"" ☞ 현대상선, 김성만 부회장·이석희 사장 선임 ☞ 현대상선, 김성만 부회장·이석희 사장 선임 현대상선, 김성만 부회장·이석희 사장 선임 ▶ (머니마켓) 성공투자의 지름길 '오늘의 추천주' ▶ (머니마켓) 성공투자의 지름길 '오늘의 추천주' ▶ (머니마켓) 성공투자의 지름길 '오늘의 추천주' ▶ (머니마켓) 오늘의 증권정보 '상승포착!",당시 스티븐슨 대사에게 전한 대화의 상당부분이 사실과 다르게 왜곡돼 있는 등 오류가 많다,1,0.5974205136299133,0.8282467126846313,5,114,3,1,False,False,True
['삼성상용차 분식 3124억'],"의혹4)경영지원, 홍보, 예비군중대, 신문화팀 경비가 ‘유형자산’이라니?",구체적으로 97회계년도 분식회계 규모는 2217억이며 여기에다 삼성중공업 부실자산 인수에 따른 분식회계 907억원을 합할 경우 총 분식규모는 3124억원,0,0.4796221852302551,0.8298879861831665,3,45,3,1,False,False,True
['올해 우리경제 한순간에 잘못될 수 있는 어려운 상황'],"2015.1.4/뉴스1 © News1 장수영 기자 기획재정부 시무식 신년사 기획재정부 시무식 신년사 (세종=뉴스1) 최경환 기자 = 최경환 부총리 겸 기획재정부 장관은 4일 올해 우리 경제에 대해 ""한순간에 잘못될 수도 있는"" 어려운 상황이라고 전망했다.",대내적으로는 경기회복세가 아직 탄탄하지 않은 가운데 기업과 가계부채 등 잠재되어 있는 리스크 요인으로 인해 여건변화에 따라 한 순간에 잘못될 수도 있는 상황,0,0.816068172454834,0.8344556093215942,8,71,4,1,False,False,True
['보너스카드 쓰면 현금영수증 덤'],한 고객이 OK캐쉬백 가맹점에서 현금 영수증을 받기 위해 카드와 현금을 계산대에 제시하고 있다.[서울신문]정유사들의 보너스카드 마케팅이 주목받고 있다., 캐쉬백 가맹점에서 포인트 적립과 현금영수증의 혜택을 동시에 받을 수 있기 때문에 알뜰 소비족 들의 만족도가 커졌다 ,1,0.6527340412139893,0.3788837194442749,4,46,4,1,False,False,True
['전세금 많이 올랐다는데…'],전세금 시가총액이 크게 늘어난 것은 글로벌 금융 위이후 매수심리 및 투자심리가 위축되면서 전세 쏠림 현상이 뚜렷해진 것으로 풀이된다.,최근 정부의 전월세 대책에도 이처럼 전세난이 지속되는 이유는 무엇보다 신규 공급되는 아파트가 절대적으로 부족한 이유가 크다,1,0.3873265385627746,0.615920901298523,3,48,6,1,True,False,False
"['수출대국 한국, 서비스업은 수입대국']","최용민 국제무역연구원 연구위원은 ""서비스 무역은 고용과 경상수지에 큰 영향을 끼치지만 그동안 제조업 위주 발전전략으로 우리나라에서 제대로 조명받지 못했다""고 말했다.",제조업과 서비스업의 수출순위 차이가 제조업 기준 10대 수출국 가운데 가장 커서 서비스 수출의 경쟁력 제고가 절실하다,1,0.693251371383667,0.2227625846862793,4,68,6,1,True,False,False
"['한국, 경제위기 극복 모범국']",한은은 임금지급과 임금수입의 불균형이 커진 데 대해 세계경제의 침체와 한국경제의 상대적 활력을 꼽고 있다.,글로벌 금융위기 이후 주요국 경기가 침체돼 해외 일자리는 줄어든 반면 우리나라는 위기를 비교적 빠르게 극복하면서 외국 근로자들이 몰린 것 같다,1,0.4306128621101379,0.3210615515708923,4,64,3,1,False,False,True
['노후 준비 제대로 못했어요'],이는 연구원이 설문조사 전문기관인 코리아리서치센터에 의뢰해 5월 18일부터 6월 17일까지 제주를 제외한 전국의 만 20세 이상 성인 남녀 1천200명을 대상으로 조사한 결과다.,정년 연장되면 더 근무하겠다,1,0.2977523803710937,0.3298200070858001,4,49,5,1,False,False,True
"['1년새 매출 급감, 한 명 고용도 힘들다']",상권 쇠퇴·경쟁업체 출현 등으로 매출 감소 상권 쇠퇴·경쟁업체 출현 등으로 매출 감소 형편이 어렵다 보니 고용인원은 평균 1명이 채 안 됐다.,폐업 경험이 1회 이상 있다,1,0.5416940450668335,0.6780316829681396,7,36,3,1,False,False,True
['면목없고 민망…인생 모든 것인 아시아나 떠나보낸다'],"// flash 오류를 우회하기 위한 함수 추가 function _flash_removeCallback() {} 사내게시판에 심경·인사 글 ""마음은 언제나 아시아나와 함께 있을 것"" 박삼구 전 금호아시아나그룹 회장[연합뉴스 자료사진] 박삼구 전 금호아시아나그룹 회장[연합뉴스 자료사진] 박삼구 전 금호아시아나그룹 회장[연합뉴스 자료사진] (서울=연합뉴스) 김동규 기자 = 박삼구 전 금호아시아나그룹 회장이 아시아나항공 매각과 관련해 임직원에게 ""면목 없고 민망한 마음""이라고 사과했다.",이제 저는 아시아나를 떠나보낸다,0,0.7364002466201782,0.5410787463188171,6,69,4,1,False,False,True
"['갤럭시 폴드, 접는 자국 선명···힌지쪽엔 1.5㎜ 틈새']",또 갤럭시 폴드를 펼쳤을 경우 중간을 아래위로 가로지르는 접는 자국도 선명하게 남는 것으로 드러났다.,갤럭시 폴드의 첫 인상은 펼친 화면에 접힌 자국이 있지만 꽤 견고해 보이고 스크린을 여닫는 느낌이 좋았다,1,0.6383450627326965,0.6864311695098877,7,43,4,1,False,False,True
['내생애 가장 비싼 한가위'],"광주광역시의 J씨(60)도 ""열무 두 단을 사니 1만원이 넘었다""면서 ""이게 말이 되느냐""고 정부를 성토했다.",열무 두 단을 사니 1만원이 넘었다,1,0.64573073387146,0.618759036064148,4,50,5,1,False,False,True
['주문 쏟아져…여긴 무역전쟁 몰라'],하지만 거리의 시작을 알리는 입간판에 다다르자 예상이 빗나갔다는 것을 직감했다.,공실의 주요인도 무역전쟁의 직접적인 여파보다는 중국 내 경쟁 심화와 임대료 상승,1,0.6474148035049438,0.5994585752487183,4,36,5,1,False,False,True
['화장품택배 속 구김종이…뽁뽁이보다 비싸지만 환경 생각했죠'],"머리로는 환경을 생각하면서도 손은 당장 더 예쁘고 화려한 제품으로 가는 것도 현실이므로, 무조건 일괄적으로 적용하기는 어렵다.",유통 면에서 보자면 뽁뽁이만큼 싸고 편하고 완충효과가 좋은 것은 없다,1,0.6059479117393494,0.6469252109527588,6,48,3,1,False,False,True
['아파트는 당신 줄게'],부부싸움을 한 뒤 반성문처럼 쓰는 ‘각서’가 대표적이다.,그동안 고생 많았어 아파트는 당신 줄게 ,0,0.8408931493759155,0.6070990562438965,3,27,4,1,False,False,True
['유통 부문 속터지네'],"허창수 그룹 회장에 이어 허동수 GS칼텍스 회장,강말길 GS홈쇼핑 부회장,김갑렬 GS건설 사장 등이 잇따라 취임 기자간담회를 가진 것과는 대조적이다.",우리 유통 전문기업 맞아 ,1,0.7954562306404114,0.4324244558811188,3,62,6,1,True,False,False
['택배기사 평균 연소득 6천937만원…1억원 이상 연봉자 559명'],"// flash 오류를 우회하기 위한 함수 추가 function _flash_removeCallback() {} [한국경제TV 김태학 기자] [한국경제TV 김태학 기자] CJ대한통운이 지난해 자사 택배기사의 수입을 분석한 결과, 평균 연 소득이 6,937만원, 월 578만원으로 나타났다고 밝혔습니다.",택배기사 연 소득은 국내 개인 사업자 평균 사업소득인 4 290만원을 상회하는 수준,1,0.2093471735715866,0.2345152497291565,7,59,5,1,False,False,True
['이젠 어떡해'],// flash 오류를 우회하기 위한 함수 추가 function _flash_removeCallback() {} 롯데월드타워 면세점 전경&lt;&gt; 롯데월드타워 면세점 전경&lt;&gt; 롯데월드타워 면세점 전경<> (서울=연합뉴스) 고유선 기자 = 롯데면세점 월드타워점이 영업을 시작한 지 1년여 만에 문을 닫게 되자 3천억원을 들여 새단장한 제2롯데 에비뉴엘동 7∼8층 활용 계획을 두고 롯데의 고민이 깊어지고 있다.,매우 특수한 상황인데다 아직 관세청의 발표가 난 지 며칠 지나지 않아 면세점이 있던 공간을 어떻게 활용할지는 결정된 것이 없다,1,0.3682269752025604,0.341984361410141,2,57,4,1,False,False,True
['짬뽕서 오징어 찾으면 로또 당첨'],정혁준 기자 june@hani.co.kr,요즘 짬뽕에서 오징어를 찾는다면 로또에 당첨되는 것과 마찬가지,0,0.908817172050476,0.5478764772415161,5,39,2,0,False,False,True
['우리 파는대로 포장·납품 해라'],"한 식·음료업체 관계자는 “매출이 좋은 제품을 ‘아르아르피’ 방식으로 납품해 달라고 요구해, 납품 단가는 그대로인 상태에서 포장 설비도 만들지 못해 수작업으로 포장을 바꾸고 있다”며 “애초 대형마트 몫인 매장 관리나 판촉 인건비를 납품 업체에 전가해 놓고 ‘아르아르피’ 도입으로 비용이 줄었다 말하는 것은 어불성설”이라고 주장했다.",매출이 좋은 제품을 아르아르피 방식으로 납품해 달라고 요구해 납품 단가는 그대로인 상태에서 포장 설비도 만들지 못해 수작업으로 포장을 바꾸고 있다,1,0.6971710920333862,0.5759991407394409,4,85,6,1,True,False,False
['그래도 믿을 건 청약뿐'],그러나 가입자 수 증가폭은 예년만 못하다.,다만 유주택자의 당첨 가능성이 희박해지면서 가입자 수 증가폭은 과거만큼 폭발적이진 않을 것,1,0.4170212745666504,0.3256617784500122,4,52,5,1,False,False,True
['노원 `4계동 시대` 열린다…저평가된 재건축에 기회'],"[특별취재팀 = 한우람 차장(팀장) / 김태성 / 김강래 / 박윤예 / 정주원 / 심희진 / 이새하 / 정희영 기자] ▶네이버 메인에서 '매일경제'를 받아보세요 ▶네이버 메인에서 '매일경제'를 받아보세요 ▶뉴스레터 '매콤달콤' 구독 ▶뉴스레터 '매콤달콤' 구독 ▶무궁무진한 프리미엄 읽을거리 ▶무궁무진한 프리미엄 읽을거리 [ⓒ 매일경제 & mk.co.kr, 무단전재 및 재배포 금지]",상대적으로 저평가된 서울 노원구 4계동 상계동 중계동 하계동 월계동 을 노려라 ,0,0.7170556783676147,0.8107650876045227,6,65,2,0,False,False,True
['휘발유값이 미쳤다'],"경일주유소 관계자는 ""정유사의 공급가격이 몇주째 올라 지난주 금요일(17일)부터 보통휘발유 가격을 2천135원으로 올렸다""며 ""주유소의 보통 휘발유 가격을 2천100원대로 인상한 것은 이번이 처음인 것으로 안다""고 말했다.",주유소의 보통 휘발유 가격을 2천100원대로 인상한 것은 이번이 처음인 것으로 안다,1,0.6947022676467896,0.6356080770492554,2,67,5,1,False,False,True
['금리 올릴 때 아니라는 생각 확고'],"저금리에 따른 인플레이션 압력 점증 가능성에 대해서는 ""정부는 대출 규제 강화와 유틸리티 가격 안정화 노력 등을 포함한 `부문별 정책(sectoral policy)`을 통해 대응할 준비가 돼 있다""고 말했다.",기준금리를 인상할 시점이 아니라는 게 정부의 확고한 생각,0,0.8681429624557495,0.5707868337631226,6,73,1,0,False,False,True
['빽다방 원조커피 마시고 눈앞 흐려져'],하지만 6개월이 지난 현재 별 다른 진척이 없는 상황이다.,밤샘 공부를 위해 원조커피를 사 마셨다가 외려 앞이 캄캄해지고 멍해졌다,0,0.6868789196014404,0.660883903503418,5,47,6,1,False,True,False
['근거없는 소송'],2015.11.5 (서울=연합뉴스) 최재구 기자 = 전립선비대증으로 인한 감염 증상으로 서울 연건동 서울대병원에 입원해 있던 신격호 롯데그룹 총괄회장이 5일 장남인 신동주 SDJ코퍼레이션 회장 등 가족의 도움을 받으며 퇴원하고 있다.,경영상 혼란을 주려는 근거없는 소송,0,0.8545295000076294,0.6444994211196899,2,93,4,1,False,False,True
['일부에선 주택 공급과잉 우려…예의주시'],"// flash 오류를 우회하기 위한 함수 추가 function _flash_removeCallback() {} 장관 취임 첫 기자간담회…""건설업계 자발적 확대지향 구조조정 필요"" ""수도권 규제 완화 등 비전문가가 소신 밝히기 일러"" (세종=연합뉴스) 이재영 기자 = 강호인 국토교통부 장관은 ""주택시장에는 급등도 급락도 없어야 한다""며 ""일부에서 공급과잉 우려도 있고 분양과열 양상을 보이기 때문에 그 부분이 크게 문제를 일으키지 않게 예의주시하며 관리하겠다""고 말했다.",일부에서 공급과잉 우려도 있고 분양과열 양상을 보이기 때문에 그 부분이 크게 문제를 일으키지 않게 예의주시하며 관리하겠다,0,0.7874957323074341,0.6551048755645752,4,84,1,0,False,False,True
['반도체 노하우 통째 中에 넘기는 自害 산안법'],[최현묵 기자 seanch@chosun.com,반도체 굴기 나선 중국에 우리 핵심 기밀 넘어갈 것,1,0.6375305652618408,0.6141049861907959,7,25,5,1,False,False,True
['누가 투자하겠나'],"이런 식이라면 누가 면세점에 중장기 투자를 하겠나""고 반문했다.",그런 계획을 바탕으로 1년사이 막대한 투자를 했는데 모든 게 물거품이 됐다 이런 식이라면 누가 면세점에 중장기 투자를 하겠나,0,0.6410177946090698,0.7421973943710327,2,59,5,1,False,False,True
"[""배추가 '금추'라지만""]",금(金)값 대관령 고랭지 배추 출하/자료사진금(金)값 대관령 고랭지 배추 출하 (평창=연합뉴스) 유형재 기자 = 잦은 비로 각종 채소값이 폭등한 가운데 14일 강원 평창군 대관령 일대의 고랭지 채소밭에서 배추 출하가 한창이다.,배추와 무가 시장의 수요와 공급에 민감한 작목이라서 뾰족한 대책이 없다,1,0.5645825266838074,0.5439799427986145,2,84,6,1,True,False,False
['3000원짜리도 목숨 걸고 판다'],"장민수씨는 ""남대문에서 중부시장이 나왔고, 가락동시장이 나왔다""며 ""서울 시장의 원조는 바로 남대문 시장""이라고 말했다.",우린 그래 3000원짜리를 팔더라도 목숨을 바칠 것처럼 판다,0,0.8629338145256042,0.607708215713501,4,42,2,0,False,False,True
['백수오 대목 5월인데… 1년 장사 망쳐'],얼마나 설명해야 믿으시겠어요.” 2일 오후 2시 서울 동대문구 경동시장.,5월은 가정의 달이어서 백수오 대목 인데 올해 장사는 물 건너갔다,0,0.7973719239234924,0.8148727416992188,6,20,2,0,False,False,True
['전립선비대증 때문'],"정 상무는 '증상이 심하냐'는 질문에 ""그것은 아니다""라며 ""소변과 관련한 증상 때문""이라고 설명했다.",소변과 관련한 증상 때문,0,0.7678607702255249,0.5837787985801697,2,53,6,1,False,True,False
['작년같은 호황 어려워'],"이주열 한국은행 총재는 이날 기자간담회에서 “(반도체 경기가) 최근 ‘회복되더라도 조금 늦게, 속도도 조금 더디게’ 이런 의견이 나오고 있어 상당한 우려를 갖고 보고 있다”고 말했다.",지난해보다는 부진하지만 평년 수준 혹은 평년보다 나을 것,1,0.709078848361969,0.4253875017166137,3,66,4,1,False,False,True
['한국형 원전 도입 의사'],"지경부 장관 ""책임있는 당국자 보내라""] [머니투데이 임동욱 기자][특사보내 매입의사 밝혀..",필리핀 국회의원이 한국을 방문한 것은 자기 지역구에 원전을 유치하기 위한 것,1,0.5347259640693665,0.9438017010688782,4,39,1,0,False,False,True
['자영업자 대출 600조 육박'],가장 최근에 나온 자영업자 대출 통계는 한국은행이 2013년 금융안정보고서에서 밝힌 451조원이다.,가계부채의 가장 취약고리가 자영업자 대출,1,0.6313029527664185,0.2326066493988037,4,24,4,1,False,False,True
['월급만으론 인생여전'],꾸준히 모아 둔 적금과 은행대출 등을 통해 투자금 1억원을 확보한 ‘김투자’(28)씨.,주위에서 호들갑을 떤다고 하는데 사실 월급을 모아 내 집을 마련하는 것은 쉽지 않다 ,1,0.5115932822227478,0.8845876455307007,2,39,6,1,True,False,False
['은행 없어졌으니 신용카드 바꿔라(?)'],"옛 한미은행의 백화점 연계 신용카드를 사용하고 있는 회사원 박모(30)씨는 최근 한국씨티은행 카드사업부 소속이라고 신분을 밝힌 한 직원으로부터 ""통합은행 출범으로 한미은행은 더 이상 존재하지 않아 한국씨티은행에서 발급하는 백화점 연계 리볼빙 카드로 바꿔야 한다""면서 ""개인정보 확인에 응해달라""는 전화를 받았다.",통합은행 출범으로 한미은행은 더 이상 존재하지 않아 한국씨티은행에서 발급하는 백화점 연계 리볼빙 카드로 바꿔야 한다,1,0.6531726121902466,0.6613420248031616,4,74,6,1,True,False,False
['실질 구매력은 줄었다'],경기가 나빠지면 상품의 소비와 수요가 줄어들면서 물가가 떨어져 경기 둔화 신호로 읽는다.,그런데도 디플레이터가 급격히 떨어진 건 수요 부진으로 다른 부분의 물가가 크게 떨어졌다는 의미이며 디스인플레이션 수준,0,0.5842082500457764,0.6433573365211487,3,31,4,1,False,False,True
['삼성건설이 왜 1등이야?'],CBS경제부 김대훈기자 (대한민국 중심언론 CBS 뉴스FM98.1 / 음악FM93.9 / TV CH 162),현대건설의 위상은 지금까지 세계 건설시장에서 해외 유수의 건설회사들과 어깨를 나란히 하며 건설한국의 명성을 떨쳐온 결과,1,0.6381645202636719,0.5157098770141602,3,36,6,1,True,False,False
['원전 최종협상.협정서명 위해 곧 방한'],"2010.06.15 jobo@yna.co.kr 터키-러, 원전부품 터키서 제조 논의 (부다페스트=연합뉴스) 황정우 특파원 = 타네르 이을드즈 터키 에너지ㆍ천연자원 장관은 최종협상을 벌이고 원자력발전 건설을 위한 정부 간 협정에 서명하기 위해 레제프 타이이프 에르도안 총리와 함께 조만간 서울을 방문할 것이라고 밝혔다.",2023년까지 지중해와 흑해 지역에 두 개의 원전을 건설하는 것을 계획하고 있다,1,0.4000110626220703,0.4322875738143921,5,90,3,1,False,False,True
['세금과의 전쟁 선포'],"강재섭(姜在涉) 원내대표는 이날 상임운영위 회의에서 ""경제난에 따른 세수부족 사태를 메우기 위해 봉급생활자나 서민 세부담을 늘리는 것은 강력 반대한다""면서 ""한나라당은 세금과의 전쟁을 선포할 것""이라고 밝혔다.",한나라당은 세금과의 전쟁을 선포할 것,0,0.8399503231048584,0.5569092035293579,3,64,1,0,False,False,True
"['오바마, 진작 한미FTA 지지했어야']",그러면서 오바마 대통령이 2008년에 한미 FTA를 지지하고 2009년에 의회 비준을 압박했더라면 훨씬 나았을 것이라고 지적했다., 미국 2007년 협정 원안보다 나아진 것 없어,1,0.564793050289154,0.578554093837738,4,67,4,1,False,False,True
['GM대우 대출금 갚아라'],GM대우는 지난달에도 만기가 돌아온 2천500억원의 대출금을 갚았다., 대우가 대출금 7천500억원에 대해 3개월간 만기 연장을 요청했다,1,0.4800831079483032,0.7135955095291138,3,44,6,1,True,False,False
['발코니 확장때 영수증 챙겨라'],"함영진 내집마련정보사 팀장은 “수선비를 받기 위해서는 지출사실을 입증할 있는 증빙서류를 잊지 말고 챙겨야 한다”며 “증빙서류는 반드시 세금계산서일 필요는 없고 공사한 사업자의 사업자등록번호나 성명 등 인적사항, 공사금액 및 공사일자 등이 명기돼 있으면 된다”고 말했다.",수선비를 받기 위해서는 지출사실을 입증할 있는 증빙서류를 잊지 말고 챙겨야 한다,1,0.6502867937088013,0.3909709453582763,4,41,0,0,False,True,False
"['포스코 기술, 죄책감 느낀 일본이 줬다']","멍거의 발언은 마치 일본이 `일제강점기`를 진심으로 뉘우쳐, 한국의 경제성장까지 후원했다는 식의 잘못된 인식을 심어줄 소지가 다분했다.",일본이 기술을 한국에 왜 줬느냐면 일본이 일제강점에 대한 죄책감을 느꼈기 때문 ,0,0.7887225151062012,0.5783677697181702,6,56,4,1,False,False,True
['연봉이 롯데 수준으로...'],[하진수 기자 hjs@chosunbiz.com ] [하진수 기자 hjs@chosunbiz.com,구체적으로 결정된 사안은 없다 삼성과 한화의 딜 등 선례를 고려할 것,1,0.4654558598995209,0.4670858979225158,3,16,6,1,True,False,False
"['마약혐의 황하나, 회사 경영과 무관']","남양유업 관계자는 ""황하나씨 개인과 관련한 내용을 남양유업과 결부해 보도하는 것을 자제해 달라""고 했다.",회사 경영과 무관하다,0,0.6665533781051636,0.3485811352729797,5,28,2,0,False,False,True
"['적립식펀드, 주가 떨어질 때가 문제']","그러나 주가가 하락하면 투자자들이 끝까지 신념을 지키기 힘들어질 수도 있으며 펀드호황이 계속될지, 아니면 2000년초 한국의 신용카드 열풍처럼 붕괴될 것인지가 문제라고 지적했다.",문제는 이러한 펀드 호황이 계속될 것인지 아니면 2000년대초 신용카드 열풍처럼 붕괴될 것인지,1,0.7666147947311401,0.6681404113769531,5,67,6,1,True,False,False
['어디 車야?…꾸미니까 몰라보겠네'],"'드레스업(Dress Up)'은 '꾸민다'는 뜻으로 액세서리 장착을 통해 자동차의 내,외장을 다른 차와 차별화해 한층 돋보이게 만드는 것을 말한다.", 대우는 액세서리를 차량개발 프로그램의 일부로 포함하고 있다,1,0.435960978269577,0.4704266190528869,3,42,4,1,False,False,True
"['농사짓기 힘든 땅, 도시사람도 살 수 있다면서요?']","농식품부 관계자는 ""추후 귀농 시 지가 상승이 염려되기 때문에 귀농을 염두해 둔 일반인이 매입을 문의하는 사례가 많다""며 ""비탈진 임야 주변 도로 등 사정을 감안해 전원주택 등을 짓기도 수월하다""고 말했다.",비탈진 임야 주변 도로 등 사정을 감안해 전원주택 등을 짓기도 수월하다,1,0.7103716135025024,0.639646589756012,7,70,6,1,True,False,False
['전화 한통이면 수천만원… 고금리에 허덕이다 벼랑끝 몰려'],◆“신용 지키려다 빚더미에” ◆“신용 지키려다 빚더미에” 김민기(36·가명)씨는 고등학교 졸업 후 인쇄 업체에서 10여년을 일하다 2010년 새로운 일을 해보고 싶어서 친구와 서울에서 실내 포장마차를 열었다.,당장은 쉽고 편하게 돈을 쓸 수 있지만 못 갚으면 나처럼 10 20년 고생할 수도 있다,1,0.6889561414718628,0.4462828040122986,7,53,6,1,True,False,False
['고령화 진행되면 부동산 선호 떨어져'],"보고서는 ""고령화가 진전되고 경제규모 확대와 더불어 성장잠재력이 둔화되면서 유동화가 쉽지 않고 거래비용과 보유비용이 많이 드는 부동산보다는 금융자산에 대한 선호가 높아질 것""이라고 분석했다.",고령화가 진전되고 경제규모 확대와 더불어 성장잠재력이 둔화되면서 유동화가 쉽지 않고 거래비용과 보유비용이 많이 드는 부동산보다는 금융자산에 대한 선호가 높아질 것,1,0.7438818216323853,0.6767752170562744,5,83,0,0,False,True,False
['앞으로 韓경제회복 쉽지 않다'],"그는 ""불행하게도 한국 정부의 경기부양책은 1분기에 전체 예산의 3분의 1을 배정할 정도로 상반기에 집중됐고, 국가부채 수준에 대한 공공의 우려는 상황이 악화되더라도 정부의 투자확대를 막을 것""이라며 ""게다가 한국은행은 조만간 인플레이션이 닥칠 것이기 때문에 확장적 통화정책을 중단할 수밖에 없어 한국경제의 순항은 쉽지 않을 것""이라고 말했다.",앞으로 한국경제 회복을 위한 항해가 순탄하지 않을 것 같다,0,0.869596004486084,0.6483458280563354,4,56,2,0,False,False,True
['영업지역 줄여라'],"지엔푸드는 2008년 12월부터 2010년 8월 사이 굽네치킨 서울 목동점 등 130곳에 재계약 선결사항을 내세워 영업지역을 축소, 변경하라고 일방적으로 통보했다.",프랜차이즈 사업자의 불공정거래 행태를 지속적으로 감시하겠다,1,0.294991135597229,0.4805240333080292,2,46,5,1,False,False,True
['韓상속세 명목·실효세율 모두 세계최고…부의 세습 아닌 기업영속성 차원서 봐야'],[한주형 기자] 정구용 한국상장사협의회 회장과 손경식 한국경영자총협회 회장(앞줄 왼쪽부터)이 28일 서울 중구 한국 프레스센터에서 열린 `글로벌 경쟁력 강화를 위한 상속세제 개선 토론회`에 참석해 이성봉 서울여대 경영학과 교수의 발표를 경청하고 있다.,세계 여러 나라에서 상속세를 완화하는 큰 이유는 경영의 영속성을 제고해 자국 기업의 국제 경쟁력을 강화하기 위한 것,0,0.6674198508262634,0.5698165893554688,9,138,2,0,False,False,True
"['마일리지, 전자화폐가 아닌 경품']",원정호기자 meetho@,마일리지는 전자화폐가 아니라 경품입니다 ,0,0.9347493052482604,0.4427853226661682,4,39,3,1,False,False,True
"['서민은 면허 사고, 대기업 앱이면 되나']","김정호 대표 페이스북 캡처 김정호 대표 페이스북 캡처 김정호 대표 페이스북 캡처 김 대표는 “타다가 1000대이고 개인택시가 1000대이면, 타다는 면허권을 안 샀기 때문에 1000억원을 덜 투자한 상태로 경쟁하는 거 아닌가.",서민은 돈 내고 면허권을 사고 차량도 구입해야 하는데 대기업이나 외국계는 그냥 앱 애플리케이션 이나 하나 만들어서 영업을 하면 되나,0,0.7850409150123596,0.6761884093284607,6,62,4,1,False,False,True
['화폐개혁 없다는데'],"싸게 느껴지니까 많이들 살 것 같은데요."" 진달래 / 서울 구로구 ""좀더 저렴하게 느껴질 수 있지만, 어차피 그돈이 그돈이니까 초반에는 쉽게 사지 못할 것 같기도…."" 이봉수 / 서울 서대문구 ""나라가 혼란하지 경제도 그렇고.",세상이 뒤집어지지 않겠어요 투기는 당연히 하겠죠 싸게 느껴지니까 많이들 살 것 같은데요 ,1,0.4047970175743103,0.5459146499633789,2,41,6,1,True,False,False
['시장 확대냐 베끼기냐'],화살이 돌고 돌아 본인의 등 뒤에 꽃히는 셈이다.,그런 과정에서 제조 전문 업체를 통해 얼마든지 단기간에 유사제품을 만들어 브랜드 이름만 붙여 판매할 수 있는 것,1,0.3869677782058716,0.5167638063430786,3,38,5,1,False,False,True
['한국에 배추 주려고 했는데...'],"<> (도쿄=연합뉴스) 이충원 특파원 = ""내년이나 내후년에라도 배추가 필요하면 말만 해주세요"" 한국에 배추 파동이 난 지난 9월.",내년에도 배추를 심을 테니 한국에 배추가 부족하면 말해달라,1,0.8330405354499817,0.7488750219345093,4,41,6,1,True,False,False
['영업해서 물량 확보하는게 중요'],배송 물량만으로도 일정한 수익을 올릴 수 있지만 고수익을 위해서는 영업활동을 통해 집하 물량을 확보하는 것이 중요하다는 것이다.,배송 물량은 구역별로 거의 일정하게 유지되기 때문에 집하 물량을 늘리면서 수입이 많이 올라왔다,1,0.517027735710144,0.6318389773368835,4,42,2,0,False,False,True
['정신이 없어요'],“하루종일 걸려오는 전화 때문에 정신을 못 차릴 지경입니다.” 29일 서울 송파구 거여동 도시개발아파트 단지 내 상가에 위치한 제일공인중개소에는 쉬지 않고 전화벨 소리가 울렸다.,하루종일 걸려오는 전화 때문에 정신을 못 차릴 지경입니다 ,0,0.6371123790740967,0.4352851808071136,2,53,6,1,False,True,False
"[""홈쇼핑 6개사, '가짜 백수오' 환불방안 8일 발표""]","© News1 소비자원 ""환불안 각사 자율적으로 마련할 예정"" 소비자원 ""환불안 각사 자율적으로 마련할 예정"" (서울=뉴스1) 양종곤 기자 = 홈쇼핑 업계가 '가짜 백수오' 제품 환불방안을 이르면 8일 발표한다.",홈쇼핑업계가 자발적으로 가짜 백수오 제품 환불안을 마련하기로 했다,0,0.6376892328262329,0.522713303565979,7,66,2,0,False,False,True
['稅폭탄 피하자'],"지금 팔면 4억원 이상 양도차익이 발생하지만 이씨가 내는 양도세는 주민세를 포함, 1억1,100만여원으로 1억7,500만원을 절세할 수 있다.",임대사업은 다주택 보유자가 합법적이고 효과적으로 세금을 줄일 수 있는 방법으로 세금감면 혜택과 더불어 주택공급이라는 사회적 장점까지 갖췄지만 오랜 기간 자금이 묶이는 단점이 있다,1,0.367609441280365,0.5832380056381226,2,42,4,1,False,False,True
['한국경제의 일본 추격 놀랍다'],"크루거 교수는 30일 신라호텔에서 열린 한국 경제 60년사 콘퍼런스의 기자회견에서 ""한국은 기적적인 성장을 이룩했다""면서 ""1974년에 처음 한국에 왔을 당시 일본 경제를 언젠가는 따라잡을 것이라는 말이 나왔는데 정말로 이 정도까지 추격할지는 몰랐다""고 밝혔다.",한국은 폐허 속에서 일어나 수출 주도형 정책 아래 재정 및 무역 부문의 개혁을 통해 퍼센트 가 넘는 연평균 성장을 거듭했는데 이는 어느 나라에서도 찾아볼 수 없다,0,0.7384007573127747,0.6957194805145264,4,121,1,0,False,False,True
['돈 얼마나 버느냐보다 중요한 건…'],"개인적 가치가 사회적 가치로 연결된 것""이라고 설명했다.",돈을 얼마나 버느냐보다 사회적 가치를 만드는 게 더 중요하다,0,0.7577270865440369,0.5515658855438232,5,51,2,0,False,False,True
['카드수수료 협상 위법사항 엄중조치'],"// flash 오류를 우회하기 위한 함수 추가 function _flash_removeCallback() {} ""현대차 협상 자료 아직 요청 안 해…점검 시기 미루지 않을 것"" 당국, 카드수수료 협상후 실태 점검…""위법사항 엄중조치"" (CG)[연합뉴스TV 제공] 당국, 카드수수료 협상후 실태 점검…""위법사항 엄중조치"" (CG)[연합뉴스TV 제공] 당국, 카드수수료 협상후 실태 점검…""위법사항 엄중조치"" (CG)[연합뉴스TV 제공] (서울=연합뉴스) 박용주 박의래 기자 = 금융당국이 신용카드사와 가맹점 간 수수료 협상이 종료되는 대로 실태 점검을 시작해 위법사항이 확인되는 경우 엄정조치하겠다고 경고했다.",카드수수료 문제는 적격비용 기반의 수수료율 산정 원칙과 수익자 부담 원칙의 틀 내에서 자율적 합의를 통한 해결이 원칙이나 금융당국이 수수료 협상을 모니터링하는 과정에서 카드사 또는 대형가맹점의 위법행위가 발견되는 경우 엄중한 조치를 취할 것,0,0.8577388525009155,0.2662570774555206,4,75,3,1,False,False,True
['최저임금 급격 인상 반복? 소상공인들의 거대한 저항 직면할 것'],"소상공인연합회 제공 ""2020년 최저임금 결정에 있어 또 다시 급격한 최저임금 인상이 반복된다면, 정부는 소상공인들의 터져나오는 거대한 분노와 저항에 직면할 수밖에 없을 것이다."" 최승재 소상공인연합회장은 28일 ""소상공인연합회는 소상공인들의 편에 서서 목숨을 건 생존권 투쟁의 선두에 설 수밖에 없을 것""이라며 정부에 경고를 날렸다.",2020년 최저임금 결정에 있어 또 다시 급격한 최저임금 인상이 반복된다면 정부는 소상공인들의 터져나오는 거대한 분노와 저항에 직면할 수밖에 없을 것이다 ,0,0.8517173528671265,0.7729723453521729,9,71,1,0,False,False,True
['보험료 오르는데 서비스 불만족'],무엇보다 보험료 인상에 대한 불만이 크다.,100세 시대가 도래함에 따라 의료비 부담에 대한 두려움으로 실손의료보험에 대한 관심이 높아지고 있지만 보장 범위 등 서비스 수준은 기대에 미치지 못하고 있다,1,0.6569617390632629,0.5702844858169556,4,39,2,0,False,False,True
"['전셋값 10% 하락하면 3만2천가구, 임대보증금 반환 못 해']","한국은행은 19일 '최근 전세 시장 상황 및 관련 영향 점검'이라는 보고서에서 ""전셋값 10% 하락 시 전체 임대 가구의 1.5%인 3만2천가구는 금융자산 처분, 금융기관 차입으로도 보증금 반환에 어려움을 겪을 수 있다""고 밝혔다.",전셋값 퍼센트 하락 시 전체 임대 가구의 1 5 퍼센트 인 3만2천가구는 금융자산 처분 금융기관 차입으로도 보증금 반환에 어려움을 겪을 수 있다,0,0.8019649982452393,0.6065100431442261,8,59,6,1,False,True,False
['금융기관 휘청해도 내 몫만 챙기면'],"B 농협의 불법 대출금은 59억원, C 수협은 27억원에 이른다.",금융기관 대출 관련 부정부패를 지속적으로 단속해 엄벌하고 범죄 수익을 끝까지 추적해 박탈하겠다,1,0.6068552732467651,0.566362738609314,5,53,6,1,True,False,False
['바뀐 건물주 주장보다 임차인 보호가 우선'],// flash 오류를 우회하기 위한 함수 추가 function _flash_removeCallback() {} (서울=연합뉴스) 임주영 기자 = 바뀐 건물주가 종전 임대인과 다른 주장을 할 경우 약자인 임차인의 지위 보호를 위해 임대인의 권리는 엄격히 해석해야 한다는 판결이 나왔다.,임대차계약 해지 조항 문구가 협의해 해지할 수 있다 에서 쌍방 합의 하에 해지할 수 있다 로 바뀌었지만 갱신계약 당시 건물 소유주는 변경 조항에 대해 아무 설명을 하지 않았고 계약에 의해 달성하려는 목적과 진정한 의사 등을 종합하면 이 같은 문구 변경은 원고에 대해 효력이 없다,1,0.6130657196044922,0.6641494035720825,6,63,2,0,False,False,True
['중저가? 백화점에 없는 데 왜사요'],홍익대 3학년 박유나 씨는 “무엇보다 백화점에 입점해 있지 않아 눈길을 잡아끌기 힘들다”며 “특히 젊은층의 수요를 어필할 수 있는 최대 프로모션 활동 중 하나인 광고도 하지 않아 솔직히 구매할 마음이 생기지 않는다”고 털어놨다.,무엇보다 백화점에 입점해 있지 않아 눈길을 잡아끌기 힘들다,1,0.8102916479110718,0.6063007116317749,5,85,6,1,True,False,False
['견제 장치 없다'],KBS 뉴스 박대기입니다.,기업 가치를 훼손하거나 주주권의 침해 이력이 있다,1,0.1136805862188339,0.5158354043960571,3,28,5,1,False,False,True
['하숙촌이 사라졌다'],하숙촌이라는 용어는 옛말이다.,군대 갔다와 보니 하숙집이 다 사라졌다,1,0.770917534828186,0.6185734272003174,2,29,2,0,False,False,True
['리콜 미적용 도요타 캠리도 문제 있었다'],"이에 대해 도요타 대변인 브라이언 라이언스는 2007년 이전 캠리에 대해 당국으로부터 세 차례 조사 명령을 받고 조사를 해 결함을 해결했었다며 ""당시 안전 문제와 관련한 추세(trend)가 있다는 어떤 증거도 발견되지 않았다""고 말했다.",당시 안전 문제와 관련한 추세 가 있다는 어떤 증거도 발견되지 않았다,1,0.2200843691825866,0.3851989507675171,6,76,6,1,True,False,False
['유통 중 내츄럴엔도텍 제품도 폐기대상'],// flash 오류를 우회하기 위한 함수 추가 function _flash_removeCallback() {} '가짜백수오' 논란 내츄럴엔도텍 (연합뉴스 자료사진) '가짜백수오' 논란 내츄럴엔도텍 (연합뉴스 자료사진) '가짜백수오' 논란 내츄럴엔도텍 (연합뉴스 자료사진) (서울=연합뉴스) 이유미 기자 = 한국소비자원은 '가짜 백수오' 파동의 당사자인 내츄럴엔도텍이 현재 시중에 유통 중인 제품도 회수·폐기 대상이라고 4일 밝혔다.,이엽우피소가 검출된 3월 26일 및 27일자 입고분을 포함한 해당 로트 동일 원료 공정으로 생산되는 단위 는 이미 식약처에서 반출 불가로 봉인돼 있어 단 1개의 제품도 생산 유통되지 않았다,0,0.6564246416091919,0.3681665062904358,5,66,3,1,False,False,True
['내년 사업계획 원점 재검토'],[장우정 기자 woo@chosunbiz.com ] [장우정 기자 woo@chosunbiz.com,카드사마다 수수료 손실분이 다르겠지만 어느 한 영역에서 손실 전부를 메울 수 없기 때문에 영업비 인건비 마케팅비 등 각 분야의 비용을 절감하는 방안을 검토하게 될 것,1,0.4366695582866668,0.5226308107376099,4,17,4,1,False,False,True
['한국 개인주식 다 팔고 하나 남았다'],"찰리 멍거 ""포스코는 베스트 컴퍼니""] [머니투데이 오마하(네브라스카주)=강호병특파원 ][어떤 종목 남겼나 관심...",2004년경 20개 한국기업 주식을 개인적으로 보유하고 있었지만 하나만 빼고 다 팔았다,0,0.6432783603668213,0.6980800628662109,6,60,1,0,False,False,True
['20조 몰려'],청약증거금은 19조8444억2240만원이 몰렸다.,삼성생명의 청약기록은 쉽게 깨지지 않을 것,1,0.1306598782539367,0.3880386352539062,2,24,3,1,False,False,True
['산은에 안팔겠다'],이에 대해 산업은행 관계자는 “지분 맞교환 같은 것은 우리가 결정할 수 없는 무리한 요구”라며 “사모펀드(PEF)를 통한 대우건설 인수가 어렵게 됐다”고 전했다.,요구 조건을 들어주지 않으면 대우건설 지분을 팔지 않겠다,0,0.6323445439338684,0.439500480890274,2,58,6,1,False,True,False
['한진해운·현대상선 강제합병 추진 사실 아냐'],"이와 관련, 한진해운은 지난달 28일 ""정부로부터 합병에 대한 검토를 요청받았으나 검토 결과 현실적으로 어렵다는 의견을 전달했다""고 밝힌 바 있다.",한진해운과 현대상선에 자발적 합병을 권유하거나 강제합병을 추진한 사실이 없다,0,0.6908036470413208,0.2730110883712768,5,40,2,0,False,False,True
['돈 없는데 중고 사자'],"정건길 11번가 중고 담당 상품기획자(MD)는 7일 ""경제적 여력이 부족한 학생과 사회 초년생을 중심으로 한 20∼40대가 리퍼브·중고제품을 주로 구매하고 있다""며 ""유아도서 및 중고서적을 찾는 소비자도 크게 늘었다""고 전했다.",경제적 여력이 부족한 학생과 사회 초년생을 중심으로 한 20 40대가 리퍼브 중고제품을 주로 구매하고 있다,1,0.5560308694839478,0.1774215251207351,4,50,6,1,True,False,False
['엔지니어링 인수 무리하게 요구해 거절'],"현대그룹은 ""이럼에도 불구하고 이를 두고 계속 의혹을 제기하고 있는 세력이 있는데, 이와 같은 근거없는 의혹제기를 중단하기를 바란다""고 밝혔습니다.",이럼에도 불구하고 이를 두고 계속 의혹을 제기하고 있는 세력이 있는데 이와 같은 근거없는 의혹제기를 중단하기를 바란다,1,0.348929226398468,0.3327368199825287,5,51,6,1,True,False,False
['신용카드 위·변조 사고 카드사도 절반 책임'],Z항공 등 여행사 여러 곳이 비슷한 피해를 봤다.,카드사가 위 변조 신용카드 거래에 따른 손실을 가맹점에만 떠넘기는 건 부당하다,0,0.8143941164016724,0.2273360192775726,6,42,3,1,False,False,True
"['수입 화장품, 해외보다 최고 2.46배 비싸']",한국소비자연맹이 9일 정부세종청사 브리핑에서 공개한 수입 화장품들./사진=이윤정 기자 한국소비자연맹이 9일 정부세종청사 브리핑에서 공개한 수입 화장품들./사진=이윤정 기자 한국소비자연맹이 9일 정부세종청사 브리핑에서 공개한 수입 화장품들./사진=이윤정 기자 한국소비자연맹이 9일 정부세종청사 브리핑에서 공개한 수입 화장품들./사진=이윤정 기자 브랜드 제조국 판매가격과도 차이를 보였다.,국내 및 해외에서 판매되는 화장품의 평균 가격을 비교해보니 백화점 판매제품은 해외 평균가격보다 1 02 1 56배 드럭스토어 판매제품은 해외 평균가격보다 1 11 2 46배 비싼 것으로 나타났다,0,0.8623361587524414,0.6416557431221008,6,87,3,1,False,False,True
['현대 금강산사업 정상화 돼야'],"// flash 오류를 우회하기 위한 함수 추가 function _flash_removeCallback() {} 정동영장관, 방북앞둔 현정은회장 면담 정동영장관, 방북앞둔 현정은회장 면담 정동영장관, 방북앞둔 현정은회장 면담 정동영장관, 방북앞둔 현정은회장 면담현회장 ""내부보고서 유출 죄송"" 현회장 10-11일 방북..윤만준 사장 동행안해 (서울=연합뉴스) 이상헌 기자 = 정동영(鄭東泳) 통일부 장관은 7일 ""남북협력기금 관련 내부보고서 유출로 정부의 신뢰에 상처를 주는 일이 있어서 대단히 유감스럽게 생각했었다""고 말했다.",그러나 이제는 사실관계가 드러났고 무엇보다 하루 빨리 현대의 금강산 관광사업이 정상화되는 것이 국민의 걱정을 덜어주는 것,0,0.629273533821106,0.5987201929092407,4,92,0,0,True,False,False
['워치도 럭셔리하게'],"LG 워치 어베인 럭스 LG 워치 어베인 럭스 LG 워치 어베인 럭스 LG 워치 어베인 럭스 LG 워치 어베인 럭스 ['생존 재테크' 백과사전 ""재테크를 부탁해"" ] ['생존 재테크' 백과사전 ""재테크를 부탁해"" ] [부자들에게 배우는 성공 노하우 '줄리아 투자노트' ] [부자들에게 배우는 성공 노하우 '줄리아 투자노트' ] [내 삶을 바꾸는 정치뉴스 'the 300'] [내 삶을 바꾸는 정치뉴스 'the 300'] [CEO의 삶을 바꾼 '내 인생 최고의 조언' ] [CEO의 삶을 바꾼 '내 인생 최고의 조언' ] [아찔한 girl~ 레이싱모델 핫포토 ] [아찔한 girl~ 레이싱모델 핫포토 ] 강미선 기자", 워치 어베인 럭스 는 호평 받았던 워치 어베인 디자인에 프리미엄 요소를 배가시킨 작품,1,0.6695634722709656,0.5777718424797058,2,114,2,0,False,False,True
['금강산관광 축소'],"개성사랑포럼 김규철 대표는 ""김 부회장이 중국에서 잠행하면서 북한을 상대로 구명운동을 벌이고 있는 것으로 안다""면서 ""계속 남북경협의 걸림돌로 남아있으면 그동안 세운 공까지도 색이 바랠 수 있다""고 주장했다.",개성 시범관광은 예정대로 진행되며 백두산 시범관광도 금강산관광 축소와 상관없이 추진해 나갈 것,1,0.7766281366348267,0.4447701573371887,2,39,5,1,False,False,True
['공주를 유혹하라'],○ 대학가선 ‘드레스 카페’ 인기몰이 백화점 의류매장 탈의실도 공주풍이다.,여자라면 누구나 공주를 동경한다,1,0.7459048628807068,0.6932061314582825,2,27,6,1,True,False,False
['게임중독은 병'],"그래픽=차준홍 기자 cha.junhong@joongang.co.kr 그래픽=차준홍 기자 cha.junhong@joongang.co.kr 그래픽=차준홍 기자 cha.junhong@joongang.co.kr 그래픽=차준홍 기자 cha.junhong@joongang.co.kr 그래픽=차준홍 기자 cha.junhong@joongang.co.kr ━ WHO ""게임 이용자 중 극히 일부의 문제"" ━ ━ WHO ""게임 이용자 중 극히 일부의 문제"" WHO ""게임 이용자 중 극히 일부의 문제"" 이 같은 답변에 대해 정신과 전문의들은 상대적으로 많은 시간을 게임하는데 쓰는 경우라 해도 가족 관계나 사회적 관계 등 종합적으로 다른 분야에 이상이 없는 경우 게임 중독에 해당되지 않는다는 의미로 해석했다.",게임 이용 장애는 게임 과잉으로 개인 가족 사회적 교육적 또는 직업적 기능에 현저한 장애나 심각한 손상을 초래하는 행태를 보이는 경우를 말한다,1,0.6925455927848816,0.5776492357254028,2,131,6,1,True,False,False
['물가 당분간 0%대 상승…농산물·석유류·복지정책 영향'],"한은 관계자는 2일 ""2월 금융통화위원회 의사록을 보면 소비자물가 상승률이 당분간 1% 미만으로 간다는 전망이 나온다""며 ""농산물, 석유류, 복지정책 강화 때문""이라고 말했다.",물가 당분간 퍼센트 대 상승 농산물 석유류 복지정책 영향,0,0.8471921682357788,0.2641367018222809,5,93,1,0,False,False,True
['아직도 모르나…집값 상승 공식 깨졌다'],시가 50억원 상당의 반포동 ‘아크로리버파크’ 전용 178㎡를 보자.,공급량이나 입지 같은 전통적인 펀더멘탈만으론 더 이상 부동산시장을 설명할 수 없는 단계로 왔다,0,0.6472803354263306,0.6671649217605591,5,32,5,1,False,False,True
['누가 먼저 망하나'],자료=한국은행 자료=한국은행 자료=한국은행 자료=한국은행 자료=한국은행 자료=한국은행 자료=한국은행 김정현 (,폐업 줄이어,1,0.3339273929595947,0.6256066560745239,3,24,6,1,True,False,False
['이번주 중 환불안 마련'],"© News1 소비자원·홈쇼핑 업체, 소비자 피해 구제방안 논의 시작…오후 결과 발표 예정 소비자원·홈쇼핑 업체, 소비자 피해 구제방안 논의 시작…오후 결과 발표 예정 (서울=뉴스1) 양종곤 기자 = 한국소비자원과 홈쇼핑업계가 이르면 이번주 중 가짜 백수오 관련 소비자 피해대책을 발표한다.",이번주 내 최종 방안을 도출할 수 있길 기대한다,0,0.6346717476844788,0.6238183975219727,4,75,3,1,False,False,True
"['미국, 달러 얼마나 풀까?']",달러화를 더 찍어 시중 채권을 매입하는 방식으로 푸는 것이다.,미국이 1조달러의 추가 양적완화 정책을 올해 4분기부터 내년 3분기까지 시행하면 원 달러 환율이 35원가량 더 하락하고 국내로 외국인 자본 유입은 164억달러 더 증가하며 경상수지는 21억달러 감소하는 것으로 분석됐다,1,0.6638981699943542,0.6037008762359619,4,34,2,0,False,False,True
['3억 전세금 못 주겠다'],◆우선 내용증명부터 발송 ◆우선 내용증명부터 발송 이런 경우 전문가들은 우선 보증금 반환을 요구하는 내용증명을 발송하라고 조언합니다.,세입자가 구해지지 않아 보증금 3억 원을 줄 수 없다,0,0.7211499810218811,0.5071269273757935,4,45,5,1,False,False,True
['욕실 물 틀어놔 옷 구김 폈는데…그게 스타일러 원리'],초기 아이디어 역시 해외출장 때 욕실에 뜨거운 물을 틀어놓고 정장을 걸어두어 구김을 펴던 조 부회장에게서 왔다는 게 그의 말이다.,스타일러로 매번 세탁소에 옷을 맡겨야 하는 고객의 수고를 덜어준 것이 발명 계기이자 성공 원인,1,0.5330770611763,0.6622459888458252,8,77,3,1,False,False,True
"['아저씨! 이 참치, 자연산이에요 양식이에요?']",자연산보다 양식산이 더 맛이 좋은 것이다.,기후변화로 겨울 수온 올라 양식 가능,1,0.4688915610313415,0.5448190569877625,5,33,6,1,True,False,False
['나를 바꾼건...'],"세상은 바뀌어가고 있다""고 말했다.",그 사람을 가만히 관찰해보니 제가 잘못 살아온 것 같았고 그 때부터 새로운 생각을 해보기로 했다,1,0.6331571936607361,0.6341164708137512,2,29,6,1,True,False,False
['가계 부채 급증 원인은 부동산'],"삼성경제연구소는 5일 '가계부채의 현황 및 시사점'이라는 제목의 보고서에서 ""저금리 시대에 부동산 가격이 오른 데다 은행들마저 대출 기준을 완화함에 따라 가계 부채가 급격히 증가하게 됐다""며 ""증가세를 둔화시키기 위한 방법을 찾아야 한다""고 주장했다.",저금리 시대에 부동산 가격이 오른 데다 은행들마저 대출 기준을 완화함에 따라 가계 부채가 급격히 증가하게 됐다,0,0.8286608457565308,0.5794774293899536,5,77,4,1,False,False,True
"['용산의 반값인데, 강남이라고 대책서 빼다니…']",'모바일익스프레스' ▶ (머니마켓) 휴대폰으로 받는 특별한 투자 코치!,돈이 많이 모이는 강남에서 돈이 풀려야 서민 경제도 살아날 수 있다,1,0.5938214063644409,0.6955264806747437,5,24,6,1,True,False,False
['14일까지 대출계약서 제출 재요구'],현대그룹은 조만간 입장을 정리해 발표할 예정이다.,대출확인서 의혹 해소에 불충분,1,0.6065627336502075,0.3013554811477661,4,50,3,1,False,False,True
"['미 연준, 영원히 금리인상 말아야']","이어 ""달리 말하자면 (금리 인상을) 그냥 한번 시도해보고 번복하는 일이 없어야 한다는 것""이라고 설명했다.",달리 말하자면 금리 인상을 그냥 한번 시도해보고 번복하는 일이 없어야 한다는 것,0,0.8263989686965942,0.729170560836792,5,49,6,1,False,True,False
['근로자 수임료 소득공제 추진'],// flash 오류를 우회하기 위한 함수 추가 function _flash_removeCallback() {} 한나라당 심재철 의원 한나라당 심재철 의원 한나라당 심재철 의원 한나라당 심재철 의원(서울=연합뉴스) 김경희 기자 = 한나라당 심재철(沈在哲) 의원은 7일 근로자의 변호사 수임료에 대한 소득공제 확대를 골자로 한 소득세법 개정안을 발의한다고 밝혔다.,법 개정을 통해 국민의 부담 경감과 영수증 사용 확대로 인한 투명사회 실천이라는 일석이조의 효과를 얻을 수 있을 것,1,0.4595364034175873,0.2647218704223633,4,68,5,1,False,False,True
['미용 서비스 가격 천차만별…최대 28배 차이'],"일반 파마의 경우 가장 높은 지역(서울)이 가장 낮은 지역(광주)보다 1.44배, 염색의 평균 가격이 가장 높은 지역(서울)이 가장 낮은 지역(인천)보다 1.44배 각각 높았다.",최종지불요금은 재료비 봉사료 부가가치세 등을 포함하는 것,1,0.5009459257125854,0.3355351090431213,6,51,4,1,False,False,True
['월셋집도 맞들면 낫다'],서울시 서대문구 대현동에 위치한 대현럭키 아파트 ◇대학 기숙사 건립도 원룸 월세시장에 ‘악재’ ◇대학 기숙사 건립도 원룸 월세시장에 ‘악재’ 대학가 월세 수요가 원룸에서 아파트 쪽으로 이동하면서 대학 주변 원룸시장에는 찬바람이 불고 있다.,기숙사 신축 공사를 지켜보면 속이 타 들어간다,1,0.650188148021698,0.7593584656715393,3,52,4,1,False,False,True
['쌍둥이 못 봐 고통…깊이 후회'],"특히 구속기간에 두 돌도 되지 않은 어린 쌍둥이 아들을 돌보지 못해 마음이 무너질 것 같은 고통도 받았다""며 선처를 호소했다.",집에 두고 온 아이들 생각에 뜬 눈으로 밤을 지새우고 깊은 후회 속에 반성의 시간을 보냈다,0,0.6007006764411926,0.6280391812324524,5,60,1,0,False,False,True
['창업정신 다시'],[서울신문]옛 영광을 되찾으려는 현대가(家)의 행보가 빨라지고 있다.,가족이나 현대맨이나 정 명예회장의 창업정신을 되새겼으면 한다 ,0,0.7445043325424194,0.7982814311981201,2,39,4,1,False,False,True
['정사장 유용 안했다'],[내 삶을 바꾸는 정치뉴스 'the 300' 바로가기] [내 삶을 바꾸는 정치뉴스 'the 300' 바로가기] ['스페셜 걸' 포토] ['스페셜 걸' 포토] [손안의 경제뉴스 머니투데이 모바일웹] [손안의 경제뉴스 머니투데이 모바일웹] [Ten Lines News 티타임즈 ] [Ten Lines News 티타임즈 ] ['취업의 모든 것' 잡드림 ] ['취업의 모든 것' 잡드림 ] 신현우 기자,아버지 정창선 회장 의 몸 상태가 좋지 않아 사업을 대신 이끌 수 없는 상황,0,0.3475878834724426,0.440641701221466,3,58,5,1,False,False,True
['난 그만둘 수 없다'],그래도 포기하거나 접을 수 없다.,직원들 있는데 도망갈 수 없다,0,0.6640686392784119,0.8209043741226196,4,22,5,1,False,False,True
['세계경제 더블딥 가능성…헤지펀드 유리'],"카사 본부장은 이날 서울 웨스틴조선호텔에서 가진 기자간담회에서 ""세계 경제가 더블딥에 빠질 가능성을 따져보면 10%가량으로 매우 높다""면서 ""각국 중앙은행들은 이 같은 상황을 잘 인지하고 있고, 더블딥을 방지하기 위해 상당 기간 초저금리를 유지할 것으로 보인다""고 말했다.",세계 경제가 더블딥에 빠질 가능성이 매우 높다,0,0.7463296055793762,0.3004648685455322,4,102,5,1,False,False,True
['한국 라면 맛있어요'],방콕=염희진 기자 salthj@donga.com 방콕 시암파라곤 백화점의 식품관 ‘고메 마켓’ 한 벽면에 자리한 한국 라면 진열대.,한국식 국물 라면 맛있어요,1,0.9254181385040284,0.6938769817352295,3,41,3,1,False,False,True
['4인 가족 신발 10만원에'],‘한국 신발시장의 유니클로’라고 부르기도 한다.,10만원에 가족 네 명 이 신발 한 켤레씩 장만할 수 있도록 하자,0,0.8833818435668945,0.5459979176521301,4,21,1,0,False,False,True
['물러설 곳 없어'],"더는 물러설 자리가 없다""고 말했다.",타다 ,0,0.5170506238937378,0.7804203033447266,3,59,3,1,False,False,True
['로또당첨 안부러워'],이후 300원대였던 인투스테크놀러지 주가가 엔터테인먼트사업 진출 소 식에 힘입어 29일 2150원까지 급등했고 이씨의 지분 가치는 42억원으로 늘었다 .,"슈퍼개미는 투자 경험이 많아 큰 차익을 올리지만 일반 개인투

 자자의 모범 선례로 보기는 어렵다",1,0.2771316170692444,0.4147868156433105,2,51,3,1,False,False,True
['부동산문제 안정 상태 日처럼 대폭락 없을것'],김 총재는 19일 서울 중구 남대문로3가 한은 본점에서 열린 출입기자단과의 만찬에서 이같이 말했다., 부동산 문제는 어느 정도 안정된 상태로 보며 자본이득에 대한 기대는 많이 줄겠지만 그렇다고 일본처럼 급격히 가격이 떨어질 것으로 보지는 않는다,0,0.8357931971549988,0.5964140295982361,6,70,2,0,False,False,True
['개인 신상정보 노출 과잉공시 마세요'],금감원 관계자는 “방대한 분량의 공시 신고서를 금감원이나 증권선물거래소가 일일이 개인정보 포함 여부에 대해 점검하기가 어려운 만큼 공시 회사가 자체적으로 불필요한 개인정보를 기재하지 않도록 주의해야 한다”고 말했다.,개인 정보 노출 과잉 공시 마세요 ,1,0.9315081238746644,0.5365113615989685,5,49,2,0,False,False,True
['시간제 직원 90% 이상 시급 7천~9천원'],"맥도날드는 이날 보도자료를 내고 ""1988년 한국에 진출한 이래 투명한 경영과 서비스 철학으로 현재 400여개 매장에서 1만8천여명의 인력을 고용하고 있다""며 ""크루 중심의 경영 철학에 따라 국내 정규직 매니저 75% 이상, 본사 직원 50% 이상이 매장 출신""이라고 설명했다.",크루 시간제 직원 의 93 퍼센트 이상이 7천원에서 9천원 이상의 시급을 받고 있으며 이들도 일반 사무직과 동일한 4대보험 퇴직금 학비지원 등 다양한 혜택을 받는다,0,0.7225116491317749,0.2690448760986328,6,129,2,0,False,False,True
['최저층에 경제 탓 삼가자'],"&lt;3&gt;소주성 실패 : 최저임금 계층에 경제 탓 삼가야…결정체계는 보완 소주성 실패 : 최저임금 계층에 경제 탓 삼가야…결정체계는 보완 이낙연 총리는 경제정책 부문에서 '소득주도성장 부작용'에 관해 ""소주성은 첫째 가계 소득을 최저임금 인상과 기초·장애인 연금으로 올리고, 둘째 가계비 지출을 의료/주택/교통비 절감으로 줄이고, 마지막으로 사회안전망을 고용보험과 실업급여확대 등으로 확충하는 것""이라고 정의했다.",사회에서 가장 임금 수준이 낮은 분들 때문에 경제 나빠진다는 말은 서로 조심했으면 한다,0,0.7257567644119263,0.7265809774398804,4,114,6,1,False,True,False
['내 자식이 나보다 성공할 가능성 적다'],젊은 세대일수록 노력의 힘에 대한 믿음이 약한 것으로 나타났다.,우리 사회에서 현재 본인세대에 비해 다음 세대인 자녀세대의 사회 경제적 지위가 높아질 가능성은 어느 정도라고 생각하십니까 ,1,0.489082008600235,0.5357228517532349,6,35,6,1,True,False,False
['우린 떳떳해…포기 말고 농사 지어야죠'],“‘농가 시름 깊다’고 언론에 백번 나가면 뭐해요.,가짜 백수오 논란에 소비자뿐만 아니라 우리도 피해자가 됐어요 우린 떳떳하니까 올해도 포기하지 않고 백수오 농사를 짓는거죠 ,0,0.7936170101165771,0.7519131898880005,5,29,2,0,False,False,True
['적립식 펀드가 최상의 투자수단'],◇역시 적립식 펀드=증권사 CEO들은 ‘향후 1년간 가장 유망한 투자수단은 무엇이라고 보는가’라는 질문에 7명이 적립식 펀드라고 답했다.,국내 증권사는 영업방식이나 수익구조에서 큰 차이가 없어 인수 합병 를 통한 시너지 효과를 기대하기 어렵다,1,0.3741704523563385,0.4554710686206817,4,44,4,1,False,False,True
"[""선조의 지혜 '된장'이 안 팔린다""]",또 된장 대신 '쌈장'으로 수요가 몰리는 것도 된장이 덜 팔리는 이유가 되고 있다.,최근 정부가 고추장의 매운맛 세분화를 추진하는 등 고추장에 대한 육성정책을 추진하고 있고 업체들도 다양한 종류의 고추장을 출시하고 있는 데 반해 된장에 대해서는 아직 이렇다 할 소비확대 요인이 없는 상황,1,0.2407582700252533,0.2039544284343719,5,69,5,1,False,False,True
['삼성으로부터 두달전 영입제의 받았다'],[두달전 삼성으로부터 영입제의를 받았다고 밝히는 이인용 MBC전앵커.,삼섬으로부터 두달전 홍보담당 임원 제의를 받고 많은 고민을 해왔다 한국의 주요 자산으로 성장한 삼성과 한국 사회 그리고 세계와의 건강한 커뮤니케이션을 선순환시키기위해 천직이라고 여겼던 기자직을 포기하고 삼성행을 택했다,0,0.7076340913772583,0.8238873481750488,4,15,0,0,True,False,False
['그때 주식에 돈 묻어둘걸'],# 1-단타매매는 안돼 어느 대형 증권사 리서치센터장의 일화.,그때 오히려 펀드 가입을 권고했더라면 짭짤한 수익을 냈을 것,1,0.680431604385376,0.7354575395584106,4,20,5,1,False,False,True
['21세기 두뇌 강국돼야'],// flash 오류를 우회하기 위한 함수 추가 function _flash_removeCallback() {} (서울=연합뉴스)김현준기자= 이건희(李健熙) 삼성 회장은 2일 21세기 국가간.기업간 경쟁은 훌륭한 인재를 얼마나 많이 길러내느냐 하는 교육전쟁이 될 것이라며 한국이 세계로 나아가기 위해서는 `두뇌(頭腦) 강국'이 돼야 한다고 밝혔다.,21세기 경쟁의 승자와 패자는 누가 먼저 시대의 흐름을 정확히 읽고 이를 선도하느냐에 달려 있다,1,0.5137555599212646,0.5100200176239014,3,67,2,0,False,False,True
['주변시세 넘지 말라'],"// flash 오류를 우회하기 위한 함수 추가 function _flash_removeCallback() {} HUG, 심사기준도 세분화 HUG, 심사기준도 세분화 ◆ 아파트 분양가 규제 ◆ 앞으로 새 아파트 분양가는 주변 시세의 100%를 넘지 못한다.",주변에 최근 1년간 분양한 단지가 없었던 곳은 직전 분양가의 1 퍼센트 수준까지 분양가가 올라가 분양가 상승의 주범이라는 지적이 있었는데 이번에 주변 시세 수준으로 조정됨에 따라 분양가 안정 효과가 크게 나타날 것,1,0.2329151928424835,0.4049796462059021,3,51,3,1,False,False,True
['한국경제 역풍 직면'],세종=이대혁 기자 selected@hankookilbo.com 세종=박준석 기자,한국 경제가 역풍을 맞고 있다,0,0.883581817150116,0.5529674291610718,3,29,2,0,False,False,True
['대박났네'],이 공동매장은 밖에서는 나란히 붙은 별개 점포처럼 보이지만 안에 들어가면 자유롭게 넘나들 수 있도록 만들어졌다.,첫 점포의 성공을 발판으로 19일 서울 가양동에 공동점포 2호점을 열 계획,1,0.235011875629425,0.2767956256866455,1,40,4,1,False,False,True
['추워서 일 못하겠네'],"""추워서 일을 못 하겠다""는 직원들의 불만이 쏟아지고 있어서다.",추워서 일을 못 하겠다,0,0.991523265838623,0.8122197389602661,3,82,1,0,False,False,True
['국민은행서 100불 위조지폐 78장 발견'],관계 당국에 따르면 한국인 K씨는 지난 9일 국민은행( 060000 060000) 서교지점에서 2만3000달러를 환전해 중국의 H은행에 1만5000달러를 입금하고 16일에는 본인이 갖고 있던 돈을 포함해 총 1만달러를 입금했다.,고객이 국민은행에서 환전을 했지만 이후 여러단계를 거친만큼 발견된 위조지폐가 국민은행에서 나왔다고 단정할 수는 없다,1,0.6712849140167236,0.3123139142990112,5,56,6,1,True,False,False
['새벽부터 줄섰어요'],결국 이 영업점 부지점장까지 나서 강씨에게 사과하고 나서야 상황이 마무리됐다.,아침 일찍부터 나와 영업점을 방문해 기분만 상했다,1,0.6333117485046387,0.6451020240783691,2,45,5,1,False,False,True
['경기 더이상 나빠지진 않을 것'],그러나 더 이상 우 리 경기가 나빠지리라고 보기에는 어렵다고 하겠다.” 박선호기자 shpark@,"아직 경기 저점여부를 단

언하기는 어려운 일이지만 더 이상 나빠지지는 않을 것",0,0.7759721279144287,0.7091624736785889,5,16,1,0,False,False,True
['무역전쟁 아닌 인민전쟁'],"[뉴욕 = 장용승 특파원 / 서울 = 박만원 기자] ▶네이버 메인에서 '매일경제'를 받아보세요 ▶네이버 메인에서 '매일경제'를 받아보세요 ▶뉴스레터 '매콤달콤' 구독 ▶뉴스레터 '매콤달콤' 구독 ▶무궁무진한 프리미엄 읽을거리 ▶무궁무진한 프리미엄 읽을거리 [ⓒ 매일경제 & mk.co.kr, 무단전재 및 재배포 금지]",중국 인민 전체가 협박을 받은 것이며 중국인 입장에서는 미국과의 무역전쟁이 인민전쟁이다,0,0.5728076696395874,0.5222107768058777,3,65,4,1,False,False,True
"[""한국 수출잠재력 '日잃어버린 20년' 닮았다""]",거기다 수출잠재력에 대한 회귀계수의 크기를 분석한 결과 한국이 여전히 일본을 추격하고 있긴 하지만 일본에 대한 한국의 추격 속도가 점차 둔화되고 있다는 점도 한국 수출잠재력에 대한 우려를 키웠다.,향후 한국 주요 수출품목들의 수출경쟁력 유지에 상당한 부담 요인,0,0.7919026017189026,0.3316468000411987,5,73,5,1,False,False,True
"['부동산정책, 당론과 다른 얘기 곤란']","박 대표는 이날 국회에서 열린 최고위원회의에서 ""부동산 정책에 대해서는 지난 최고위원회의에서 우리가 당론을 결정했다""면서 ""각자 소신과 여러 생각이 있겠지만 더 이상은 우리당에서 다른 얘기가 나와선 곤란하다""고 말했다.",부동산 정책에 대해서는 지난 최고위원회의에서 우리가 당론을 결정했다,0,0.7092548608779907,0.7212969064712524,5,85,2,0,False,False,True
['마음 바꿨어요'],"농협손보는 방카·설계사를 통해, 농협생보는 방카·기타법인대리점·설계사 채널로 대부분의 영업이 이뤄진다.",친분으로 청약이 이뤄지는 사례가 많은 대면채널과 달리 비대면채널은 철회에 대한 부담이 적은 데다가 상품정보를 취득하는 시간이 상대적으로 짧아 철회율이 높다,1,0.1766909658908844,0.6471595168113708,2,33,6,1,True,False,False
['담뱃값 인상 GDP 오히려 상승'],"복지부는 ""한국은행의 발표는 담배 제조업에 한정한 것으로 담배판매업과 조세수입에 따른 정부지출 등을 감안한다면 오히려 일정기간이 경과할 경우 GDP는 증가할 것""이라고 주장했다.",담뱃값 인상은 오히려 상승을 가져온다,0,0.779610276222229,0.7058989405632019,5,92,4,1,False,False,True
['韓-中 FTA 적극 추진하라'],"청와대 핵심 관계자는 ""한중일 FTA에 대한 산관학 연구가 오는 5월 중순에 나온다""며 ""일본과의 FTA가 어려우면 중국과의 FTA라도 스피드를내야 한다는 인식이 깔려 있다""고 설명했다.",일본과의 가 어려우면 중국과의 라도 스피드를내야 한다는 인식이 깔려 있다,0,0.4865923225879669,0.7095085382461548,4,55,6,1,False,True,False
"['한진칼 조원태 회장 선임, 사실 아닌 사기극']","곽정수 선임기자, 신민정 기자",회사 정관을 위배한 조원태 대표이사 회장 선임은 무효이고 한진칼이 지난 10일 회사채 발행을 위한 투자설명서 공시에서 조원태 사장을 대표이사 회장으로 밝힌 것도 허위공시에 해당한다,0,0.6882541179656982,0.9051153063774108,7,25,6,1,False,True,False
['집값 더 내려가요'],© News1 김일환 디자이너 © News1 김일환 디자이너 © News1 김일환 디자이너 한국감정원의 '주간 아파트 가격 동향' 조사에서 서울 아파트값은 지난주 0.09% 떨어져 16주 연속 하락했다.,주택시장을 모니터링한 결과 본격적인 봄 이사 철을 앞두고도 실수요자의 움직임은 크지 않은 상황,0,0.606440544128418,0.5691890716552734,3,48,2,0,False,False,True
['왜 항상 돈이 없지?'],"제윤경 에듀머니 대표는 ""돈이 없어서 저축을 할 수 없다고 하는 사람들 대부분은 돈에 대한 태도에 문제가 있는 경우가 더 많다""고 말했다.",돈이 없어서 저축을 할 수 없다고 하는 사람들 대부분은 돈에 대한 태도에 문제가 있는 경우가 더 많다,1,0.7218360304832458,0.7059720754623413,4,53,6,1,True,False,False
['밑져도 판다'],본사도 실익이 없는 것은 아니다.,실보다는 득이 크다,1,0.4644952714443207,0.4385237097740173,2,24,5,1,False,False,True
['공시지가로 계산하면 9배 늘어'],"[권오인/경실련 재벌개혁본부 국장 : ""현대차가 지금 한전부지라든지 강남에 많은 땅을 사들이면서, (토지 자산이) 삼성을 앞지르는 이런 결과가 나타났습니다.""] 현대차를 포함해 5대 재벌이 보유한 토지 규모도 2017년 기준 67조 5천억 원으로 10년 새 세 배 가까이가 늘었습니다.",현대차가 지금 한전부지라든지 강남에 많은 땅을 사들이면서 토지 자산이 삼성을 앞지르는 이런 결과가 나타났습니다 ,1,0.2814869284629822,0.4857760369777679,4,74,3,1,False,False,True
['모든 음식점 금연은 영업권 침해'],"이어 ""모든 음식점을 금연구역으로 한 것은 과도한 규제이므로 낮에 식사를 주로 하는 음식점을 금연구역으로 하되 저녁에 청소년들의 출입이 제한되는 호프집과 실내포장마차 등을 금연과 흡연구역으로 분리하는 것이 옳다""고 주장했다.",모든 음식점을 금연구역으로 한 것은 과도한 규제이므로 낮에 식사를 주로 하는 음식점을 금연구역으로 하되 저녁에 청소년들의 출입이 제한되는 호프집과 실내포장마차 등을 금연과 흡연구역으로 분리하는 것이 옳다,0,0.6335155963897705,0.5950990915298462,5,80,6,1,False,True,False
['이란에 12만명 파병? 한다면 더 많이 보낼 것'],뉴욕(미국)=이상배 특파원,만약 이란이 미국의 이익을 겨냥해 무슨 짓을 벌인다면 굉장히 나쁜 문제가 될 것,0,0.6925015449523926,0.5993534326553345,8,21,5,1,False,False,True
['밥 시간 줄여가며 일했다'],[동료 집배원 : 오전 9시 출근해서 저녁 6시 퇴근 못 하는 건 하지 말라고 하는데 솔직히 어떻게 안 합니까.,피곤해서 자겠다,1,0.4337415993213653,0.5385317802429199,4,36,5,1,False,False,True
['정부대책에도 강남 집값 안떨어질 것'],"유니에셋 이만호 사장은 ""강남 집값 안정을 위해서는 장지 등 강남을 대체할 수 있는 지역을 개발하는 수평적인 공급확대와 용적률 완화와 용도지구 확대 등 수직적 공급확대 두 가지 측면을 동시에 고려해야 한다""고 지적했다.",20년 후는 모르겠지만 현시점에서는 공급물량이 적고 수요자는 넘치는 강남 집값은 떨어지지 않을 것,1,0.7764073014259338,0.1519089043140411,5,46,5,1,False,False,True
['韓아파트값 연소득의 6배'],물가수준을 감안한 실질가격은 전국 및 서울 강북지역은 전고점인 1991년 수준을 회복하지 못하고 있으나 강남지역은 전고점 대비 40% 정도 높은 것으로 나타났다.,주택가격의 하락 압력이 있으나 명목가격의 급락은 부동산 비중이 높은 우리나라 가구의 자산구조상 큰 충격이 있을 수 있다,1,0.2768756151199341,0.2562302947044372,3,65,4,1,False,False,True
['난 왜 안심대출 못 받나'],"그는 ""현재 4%대 이자를 내는데 신규 대출의 대출이자가 자꾸 떨어지는 걸보니 속이 쓰리다""며 ""고정금리 대출자는 왜 구제가 안 되는지 모르겠다""고 분통을 터뜨렸다.",고정금리 대출자는 왜 구제가 안 되는지 모르겠다,1,0.7341946959495544,0.6123164892196655,5,61,5,1,False,False,True
['이달 말까지 연말정산 보완대책 마련'],"// flash 오류를 우회하기 위한 함수 추가 function _flash_removeCallback() {} [머니투데이 세종=정진우 기자] [경제부총리, '제49회 납세자의 날' 치사...""종합대책단 구성, 개선방안 검토""] 본문 이미지 영역 최경환 경제부총리 겸 기획재정부 장관 본문 이미지 영역 본문 이미지 영역 최경환 경제부총리 겸 기획재정부 장관 최경환 경제부총리 겸 기획재정부 장관 최경환 경제부총리 겸 기획재정부 장관 최경환 경제부총리 겸 기획재정부 장관최경환 경제부총리 겸 기획재정부 장관이 3일 ""3월말까지 연말정산 관련 구체적인 보완대책을 마련하겠다""고 밝혔다.",3월말까지 연말정산 관련 구체적인 보완대책을 마련하겠다,0,0.8462988138198853,0.6076759099960327,5,94,1,0,False,False,True
['노후 대비가 최고'],가계보유 금융자산 규모 및 비중 (서울=연합뉴스) 반종빈 기자 = 21일 한국은행에 따르면 작년 말 현재 가계의 금융자산 2천885조8천억원 가운데 보험과 연금이 909조6천억원으로 31.5%를 차지했다.,예금은 금리가 낮고 주식은 불안하니 노후 대비와 절세를 노리자!,1,0.4613316655158996,0.3126896321773529,3,65,5,1,False,False,True
['판교 분양연기 금융비용 보전해달라'],"// flash 오류를 우회하기 위한 함수 추가 function _flash_removeCallback() {} 건설사들 ""분양가 평당 1천200만원 이상 돼야"" (서울=연합뉴스) 윤종석 기자 = 판교에 중소형 아파트 분양을 준비하고 있는 건설사들이 판교의 분양 연기에 따른 금융비용을 분양가에 반영해달라는 내용의 건의를 건설교통부에 전달할 예정이다.",판교 중소형 평형 분양가가 1천100만원대로 정해질 것이라는 언론 보도가 있지만 현실적으로 계산하면 분양가는 평당 1천200만원 이상 올라갈 수 밖에 없으며 건교부가 현실적인 가격대를 다시 계산해 제시해 달라고 요청할 계획,0,0.6822116374969482,0.0499219857156276,4,74,2,0,False,False,True
['성실히 답변할 것'],"말끔한 정장 차림으로 청사에 들어오던 장 회장은 취재진으로부터 '100억원이 넘는 비자금을 조성했나' 등의 질문을 받고 ""검찰조사에서 답변에 성실히 응하고 오겠다""고 짧게 답했다.",검찰조사에서 답변에 성실히 응하고 오겠다,0,0.6854552030563354,0.5859988331794739,3,54,2,0,False,False,True
"[""한유총 '배신의 대가' 메시지 때문에 조사 결단""]","// flash 오류를 우회하기 위한 함수 추가 function _flash_removeCallback() {} (세종=연합뉴스) 이대희 기자 = 김상조 공정거래위원장은 6일 한국유치원총연합회(한유총)에 대한 조사 착수와 관련해 ""한유총이 보낸 '배신의 대가' 메시지 때문""이라고 그 배경을 설명했다.",한유총이 보낸 배신의 대가 메시지 때문,0,0.7080240249633789,0.6655263900756836,7,54,2,0,False,False,True
['은행은 그저 금고'],은행이 개인금고에 불과하다는 푸념이 누구나의 처지로 굳어지고 있다.,은행들이 수수료 등 비이자 부문보다 예대마진에 주력하는 게 문제,1,0.6807764768600464,0.7067290544509888,3,44,6,1,True,False,False
['청년 실업난 해결 돕자'],2010.3.22 utzza@yna.co.kr 사회공헌 통한 명예회복 의지 피력 창립 43주년 행사 참석..재평가 시도 본격화 전망 (서울=연합뉴스) 김범수 기자 = 김우중 전 대우그룹 회장이 청년 실업 문제 해결지원에 나서 불행한 과거사로 실추된 명예를 회복하겠다는 의지를 밝혔다.,창립 50주년까지 7년이 남았는데 서둘러 명예회복을 할게 아니라 청년 실업 문제 해결을 위해 과거의 경험을 토대로 젊은이들이 해외에서 자리잡고 성공할 수 있도록 지원하자,0,0.6373413801193237,0.673331618309021,4,86,4,1,False,False,True
['재건축? 우린 못사는 사람들과 살기 싫어'],"""부자들은 못사는 사람들과 함께 살고 싶어 하지 않는다"" ""부자들은 못사는 사람들과 함께 살고 싶어 하지 않는다"" ""부자들은 못사는 사람들과 함께 살고 싶어 하지 않는다"" 세워진 지 어느덧 30여 년이 넘나드는 현대아파트 안에서는 주민들 사이에 재건축 여부가 논란이 되고 있다.",그래서 부자들은 못사는 사람들과 함께 살고 싶어 하지 않는다,1,0.775483250617981,0.7976057529449463,6,75,4,1,False,False,True
['최저임금 2년간 30% 오르면 어떤 경제라도 감당 못해'],이어 “2년간 최저임금 누적 인상률이 30%에 육박했다”며 “그 결과 고용이 감소하고 (경제가) 필요 이상의 충격을 받았다”고 지적했다.,최저임금이 2년간 퍼센트 가량 인상되면 어떤 경제라도 감당하지 못한다,0,0.8801017999649048,0.7648476362228394,8,53,2,0,False,False,True
['참여정부도 강북권 박탈감 해결 못했다'],집권 2년간 서울지역 자치구별 아파트값 상승률은 송파구(34.91%) 강동구(30.28%) 강남구(24.02%) 등 강남지역이 상위권을 점했다.,작은 호재에도 들썩이는 재건축시장을 잡지 못할 경우 전체 아파트값을 안정시키기 어렵다는 점에서 현 정부가 남은 기간중 해야 할 일은 재건축사업장이 몰려있는 강남권 가격 상승 억제에 달려있다,1,0.3448626697063446,0.3270275890827179,5,34,3,1,False,False,True
['추가 가능성 있다'],KBS 뉴스 서영민입니다., 차명계좌문제는 삼성 스스로는 밝힐 의사가 없다는 것으로 보이니까 철저하게 조사를 해서 실명법에 따라서 차등 과세를 한다든가 과징금을 부과한다든가 그런 조치가 있어야 할 것으로 보이고요 ,1,0.2183929234743118,0.5219987630844116,3,47,5,1,False,False,True
['직접 내려 마신다'],(서울=연합뉴스) 이유미 기자 = 커피가 대중화되면서 집이나 회사에서 직접 내려먹을 수 있는 커피머신의 판매가 꾸준히 증가하고 있는 것으로 나타났다.,커피를 집에서 편하게 즐기려는 수요가 늘었기 때문,1,0.4237549901008606,0.3680893778800964,3,48,4,1,False,False,True
['이젠 긁는 대신 찍는 시대'],일각에서는 결국 결제의 패러다임이 ‘긁는 시대’에서 ‘찍는 시대’로 바뀔 것이란 전망도 내놓고 있다.,추가감축,1,0.4028580486774444,0.6087716221809387,5,51,3,1,False,False,True
['수출금융 지원은 국제관례'],우선 정부는 원전 등 해외 플랜트 수주에 대한 수출금융 지원은 국제적인 관례라는 입장이다.,원전수출에 대한 수출금융 대출은 가이드라인에 따라 자국의 수출입은행을 통해 지원할 수 있으나 대출금리는 반드시 가이드라인에 따라야 한다,1,0.6867109537124634,0.5244667530059814,3,50,3,1,False,False,True
['아버지 뭐하시노'],"'엄한 아버지와 인자한 어머니 사이의 2남1녀로 태어나'로 시작되는 성장과정, 성격의 장단점 등을 나열해야하는 일률적인 자기소개서도 사라졌다.",결혼해서도 일을 할 거냐 남편이 반대하면 어떻게 할 것인가,1,0.4766557812690735,0.3699451088905334,2,43,6,1,True,False,False
['취업은 알바래요…세금은 올릴래요…잘한다고 우길래요?'],◆최근 갑자기 실업자 된 이들 급증 ◆최근 갑자기 실업자 된 이들 급증 최근에 새로 실업자가 된 이들도 갑작스럽게 늘었는데요.,노인 일자리 사업에 따른 영향,1,0.4170478582382202,0.5766763091087341,4,40,6,1,True,False,False
['부동산값 급변 가져올 정책 곤란'],"김 총재는 ""강남 재건축 아파트값은 떨어지지만, 전세금과 지방대도시 주택값은 오르고 있고 지방 중소도시도 미분양이 다소 줄고 있어 어느 정도 안정된 상태""라며 ""자본 이득에 대한 기대는 줄었지만, 일본처럼 떨어진다고 보는 건 이르다""고 지적했다.",부동산 가격의 큰 변화를 가져오는 정책은 곤란하다,0,0.8775291442871094,0.5752204656600952,5,81,2,0,False,False,True
['중국 AIIB 지분율 36.86% 전망…한국은 3위 차지'],"우리 대외경제정책연구원 역시 지난달 말 주요 국제금융기구의 지분율 산정 방식을 참고해 계산한 결과, 한국이 확보할 수 있는 AIIB 지분율이 3.35%(9위)∼3.93%(5위)로 추정됐다고 밝힌 바 있다.",지난 3월 진행한 지분율 분석 결과와 비교하면 중국이 확보할 수 있는 지분율은 39 29 퍼센트 에서 2 43 퍼센트 포인트 감소했다,1,0.572059690952301,0.4989108443260193,7,68,4,1,False,False,True
['정치는 내 관심사 아니다'],"27일 고려대에 따르면 장하성 전 실장은 26일 서울 성북구 고려대 LG-POSCO경영관에서 열린 정년 퇴임식에서 ""현실 정치에 정치인으로서 참여하는 건 과거에도 관심이 없고, 지금도 없다""면서 정계 진출에 관해 선을 그었다.",현실 정치에 정치인으로서 참여하는 건 과거에도 관심이 없고 지금도 없다,0,0.69984370470047,0.6930664777755737,4,75,5,1,False,False,True
['한푼도 안줘도 된다'],법조계에서도 이번 중재신청은 무리라는 의견이 많았다.,이번 중재에서 하나금융이 전부 승소했으니 정부 부담이 커질 수 밖에 없을 것,1,0.305829256772995,0.5202118754386902,3,42,4,1,False,False,True
['주식거래세 돌려달라'],"지난해 11월까지만 해도 기획재정부는 연기금의 거래세 비과세 조치가 종료된 후에도 국민연금은 비과세 대상이란 의견이었으나,12월 말 열린 국세심판위원회에선 과세 대상이란 해석을 내린 것으로 알려지고 있다.",세무 당국의 유권해석을 받아 그대로 과세하거나 환급해 준다는 것이 기본 입장,1,0.5596720576286316,0.4117981791496277,2,59,6,1,True,False,False
['쉬고 쓰고 싶어도'],""" 아이를 둔 30, 40대 부모들의 한결 같은 하소연이다.",중국처럼 인구가 많지 않아 내수효과가 그렇게 크지는 않겠지만 끌어올릴 여지는 충분히 있다,1,0.2485523521900177,0.4139888286590576,3,49,6,1,True,False,False
['친일화가가 그린 만원권 세종대왕 바꿔야'],"""만원권 세종대왕은 운보 김기창이 그린 거고요, 오천원권 율곡 이이 영정은 이종상, 천원권 퇴계 이황은 이유태 화백이 그린 거고 지금은 쓰이지 않지만 백원권에 세종대왕이 있는데 그건 월전 장우성이 그린 겁니다.",만원권 세종대왕은 운보 김기창이 그린 거고요 오천원권 율곡 이이 영정은 이종상 천원권 퇴계 이황은 이유태 화백이 그린 거고 지금은 쓰이지 않지만 백원권에 세종대왕이 있는데 그건 월전 장우성이 그린 겁니다 지금 여기서 친일화가로 문제가 되는 게 만원권의 운보 김기창이구요 ,1,0.7939475178718567,0.9254135489463806,5,72,4,1,False,False,True
['암웨이·다이슨 공기청정기 광고는 소비자 기만'],(사진=뉴시스 DB) 한국암웨이 엣모스피어 공기청정기.,99 99 퍼센트 등의 수치를 강조한 광고는 공기청정제품이 실생활에서 매우 우수한 성능을 낸다는 궁극적인 인상을 소비자에게 전달한다 그러나 실험 결과로서 도출한 99 99 퍼센트 등의 의미를 알리지 않은 것은 성능 관련 정보를 은폐 누락한 것,0,0.5910563468933105,0.6599446535110474,5,33,2,0,False,False,True
['美 기준금리 올려도 韓 영향 크지 않아'],이준협 현대경제연구원 연구위원은 “미국이 기준금리를 인상하면 미국과 한국의 금리차가 좁아지게 된다”면서 “국내 펀더멘탈(기초경제여건)이 탄탄하기 때문에 외국인 투자자금이 갑자기 빠져나가더라도 문제를 일으키지는 않을 것으로 본다는 의미”라고 설명했다.,미국이 기준금리를 인상하면 미국과 한국의 금리차가 좁아지게 된다,0,0.7860689163208008,0.7260123491287231,7,48,4,1,False,False,True
['美 금리인상시 한국 자금 유출 위험 낮아'],"junoo5683@ [© 뉴스1코리아( news1.kr ), 무단 전재 및 재배포 금지] [© 뉴스1코리아( news1.kr news1.kr), 무단 전재 및 재배포 금지]",한국은 외환보유고나 경상수지 흑자 펀더멘탈 등을 감안했을 때 미국이 금리를 예측 불가능한 방법으로 아주 급격하게 금리를 인상하지 않는 한 자금 유출의 위험성은 매우 제한적일 것,0,0.8283636569976807,0.6188663840293884,7,48,4,1,False,False,True
['당첨 축하합니다'],"무료통화에 당첨됐다며 카드번호와 유효기간을 알려달라고 하거나, 이벤트에 당첨돼 소정의 이용료만 내면 차량용 위성항법장치(GPS)를 무료로 보내주겠다면서 카드번호를 물어보는 식이다.",도로변 개발예정지 토지를 사면 3 4배 이익은 거뜬하다,1,0.1535175293684005,0.1170595437288284,2,40,6,1,True,False,False
['주담대 고정금리가 더 유리'],[그래픽=이동훈 기자] [그래픽=이동훈 기자] [그래픽=이동훈 기자] [그래픽=이동훈 기자] [그래픽=이동훈 기자] [그래픽=이동훈 기자] [그래픽=이동훈 기자] ◇“신규 대출자는 고정금리 주담대 유리” ◇“신규 대출자는 고정금리 주담대 유리” 이 때문에 변동금리가 고정금리보다 높은 ‘이상현상’은 심화하고 있다.,고정금리가 변동금리보다 더 낮다면 대출을 받는 입장에서는 고정금리로 가는 게 유리하다,0,0.923301100730896,0.8085159063339233,4,49,2,0,False,False,True
['유동성 장세 기대감'],"외국인 7일째 순매수 행진…코스닥도 동반 상승 (서울=연합뉴스) 임수정 기자 = 코스피가 3일 5개월여 만에 2,000선을 돌파했다.",그러나 안착을 위해서는 경제지표와 기업실적 개선 등 충족돼야 할 조건이 여전히 많다,0,0.5561556816101074,0.8616516590118408,3,38,5,1,False,False,True
"['중대형아파트, 찬밥넘어 쉰밥']","[관련기사] ☞ ""급매물도 안팔리네""…수도권 '급급매물' 봇물 ☞ 중대형의 굴욕..""투자보다 실수요"" ☞ 부동산 시장 진짜 대세하락인가 ☞ ""4억집 2억대 내놔도…"" 부동산 '이중침체 늪' 한 대형건설사 관계자는 ""중대형 미분양은 준공후에도 팔리지 않는 악성 매물이 많다""며 ""요즘 분양 관계자들 사이에서 중대형아파트는 찬밥도 아닌 쉰밥으로 불린다""고 말했다.",요즘 분양 관계자들 사이에서 중대형아파트는 찬밥도 아닌 쉰밥으로 불린다,0,0.6153949499130249,0.5761616230010986,3,184,0,0,True,False,False
['세입자 찾아요'],/대우건설 제공 서울 강동구 ‘고덕그라시움’ 건설 현장.,보통 입주까지 6개월 정도 남은 시점에서 세입자를 찾는 경우가 많은데 2년 전에 세입자를 찾는 건 이례적,1,0.3181440532207489,0.4247994124889374,2,19,5,1,False,False,True
['입사에서 임원까지 19년1개월'],"// flash 오류를 우회하기 위한 함수 추가 function _flash_removeCallback() {} 인크루트, 직장인 1천명 조사 (서울=연합뉴스) 홍지인 기자 = 직장인들이 최고 간부층인 임원으로 승진하기까지는 입사 시점을 기준으로 평균 19년 정도가 걸린다는 조사 결과가 나왔다.",기업규모가 작을수록 경쟁자가 적고 다양한 업무를 경험해 승진 기간이 짧은 편,1,0.3714160025119781,0.2020576745271682,3,62,3,1,False,False,True
['이자 더 싸졌어요'],유환구기자 redsun@hk.co.kr(mailto:,이전만해도 이자 부담 때문에 빚을 내는 것이 상당히 부담스러웠지만 신용대출 금리가 3 퍼센트 대까지 떨어지면서 빚에 대한 거부감이 많이 줄어든 것이 사실,1,0.4827998578548431,0.4287803173065185,3,38,6,1,True,False,False
['‘부자정당’ 욕 듣기 싫어…‘종부세 대상 6억원’ 수용'],국민일보 쿠키뉴스 남도영 기자,종부세 과세대상을 현행대로 주택 9억원 나대지 6억원 이상을 유지하자,0,0.6005582809448242,0.7729229927062988,7,35,5,1,False,False,True
['FTA로 2020년까지 교역 700억달러 달성'],"윤 장관은 ""양국의 연간 교역규모가 1992년 국교 수립 이후 60배 이상 성장하며 2014년에 300억 달러를 넘었다""면서 ""두 나라 정상이 2013년 설정한 '2020년까지 교역액 700억 달러 달성'에 FTA가 중요한 촉매가 될 것""이라고 말했다.",두 나라 정상이 2013년 설정한 2020년까지 교역액 700억 달러 달성 에 가 중요한 촉매가 될 것,0,0.7782688140869141,0.5949244499206543,5,92,3,1,False,False,True
['내 돈 들여 전세난 막으라니.. '],자필서명으로 동의 재건축·재개발 속도 빨라진다..,정부에서 민간주택건설 등을 규제해 발생한 전세난을 애매모호한 정비사업 조합원에게 덮어 씌우고 있다,1,0.3000667095184326,0.4324457347393036,6,37,5,1,False,False,True
['정년 60세법 대비 미흡'],"정년 60세 도입 시기에 대해서는 이미 정년 60세 이상이라는 응답이 40.6%였고, 법 시행 전 60세 이상으로 연장할 계획이라는 답도 10.7%에 달했습니다.",정년 60세 시대 연착륙을 위해 기업들이 인력 과부족 인건비 증가 규모 등을 살펴볼 필요가 있다,1,0.462557315826416,0.1307254433631897,4,48,5,1,False,False,True
['4월 최고 IT제품 5개가 한국산'],유회경기자 yoology@,"삼성전자 전자 팬

택앤큐리텔 등 빅 3와 중소업체 그리고 외국업체들이 격전을 치

르고 있는 한국 휴대전화 시장의 특성을 반영한 것",1,0.6071205735206604,0.4851508438587188,5,49,4,1,False,False,True
['무능력자 신용카드 사용은 사기'],"이들 재판부는 ""신용카드 사용은 카드회원이 카드사에 대금을 성실히 갚을 것을 전제로 하는 것""이라며 ""일시적 자금 궁색 등의 이유가 아닌, 과다한 채무 누적으로 카드빚을 갚을 의사나 능력이 없는 상황에서 카드를 사용했다면 사기죄의 기망(欺罔.속임) 또는 편취의 범의를 인정할 수 있다""고 밝혔다.",일시적 자금 궁색 등의 이유가 아닌 과다한 채무 누적으로 카드빚을 갚을 의사나 능력이 없는 상황에서 카드를 사용했다면 사기죄의 기망 欺罔 속임 또는 편취의 범의를 인정할 수 있다,0,0.8373126983642578,0.4125835597515106,4,106,6,1,False,True,False
['삼겹살 데이를 아시나요'],"홈플러스 정육담당 바이어인 윤서진 과장은 ""예년에는 삼겹살 데이 행사를 3월3일 하루만 진행했으나 올해는 연휴를 맞아 나들이를 즐기려는 고객들을 배려해 행사 시작일을 앞당겼다""고 말했다.",예년에는 삼겹살 데이 행사를 3월3일 하루만 진행했으나 올해는 연휴를 맞아 나들이를 즐기려는 고객들을 배려해 행사 시작일을 앞당겼다,1,0.6258655190467834,0.5911930203437805,3,47,4,1,False,False,True
['국내 아파트 가격 일본의 버블 붕괴 직전 수준'],"특히 물가 대비 아파트 가격 상승 정도가 이미 미국과 일본의 부동산 경기 정점 수준을 넘어섰고 가구 소득 대비 주택가격 또한 미국, 일본과 비교해 높은 것으로 나타났다.",주택가격의 하락 압력이 있으나 명목가격의 급락은 부동산 비중이 높은 우리나라 가구의 자산구조상 큰 충격이 있을 수 있다,1,0.587031900882721,0.5155109167098999,8,75,6,1,True,False,False
['내 주식 어떻게 해야하나요'],"고창길 대신증권 강남지점 부장은 ""직원들이 고객관리에 힘들어하고 있지만 아직 동요하는 것은 아니다""며 ""그러나 `진작에 팔았어야 하는 것 아니냐`, `언제 팔아야 하느냐` 등의 문의를 받으면 고객들에게 저가 매수라는 역발상의 기회라고 설득하고 있다""고 귀띔하기도했다.",주식에 대해 전반적으로 회의적인 분위기가 확산되면서 현재 우량주 보유 고객들도 우선은 손절매를 생각하는 것 같다,1,0.5542684197425842,0.5489170551300049,4,44,5,1,False,False,True
['석촌호수에 비가 올 때 여기는 눈 온다'],한 공사 관계자는 “석촌호수에 비가 올 때 여기는 눈이 온다”고 전했다.,석촌호수에 비가 올 때 여기는 눈이 온다,0,0.999530553817749,0.8152819275856018,7,27,0,0,True,False,False
['주담대 1분기 10조 증가… 12~13년 연간 증가치 육박'],"rckye@ [© 뉴스1코리아( news1.kr ), 무단 전재 및 재배포 금지] [© 뉴스1코리아( news1.kr news1.kr), 무단 전재 및 재배포 금지]",가계대출은 저금리 및 주택거래 호조 등으로 전월보다 증가 규모가 확대됐다,1,0.4514839649200439,0.5289843082427979,8,30,4,1,False,False,True
['너무 흡사해요!'],내부도 너무 유사해 혼돈을 일으킬 소지가 크다.,이번 도도클럽의 모방은 가볍게 넘길 수 없는 사안,1,0.4660108089447021,0.5416306853294373,2,34,3,1,False,False,True
['농수산물 내주고 상품 투자 얻었다'],이번 FTA는 예상대로 베트남 상품과 투자시장을 얻은 대신 우리 농산물·수산물 시장을 내줘 이 부분의 피해가 불가피 보인다.,한 베트남 는 상생형 친중소기업형 가 될 것,1,0.3277729749679565,0.464132010936737,5,44,5,1,False,False,True
"[""집을 안 사는 게 아닌 '못 사는' 거에요""]",다만 재테크가 아닌 주택정비사업 측면에서 재건축 사업을 추진해야 한다고 부연하고 있습니다.,오래 전부터 실거주 목적으로 거주하고 있는 이들도 적지 않다 국민들이 녹물 마시고 불 나도 제대로 소방차가 진입하지 못하는 곳에 살고 있는데 일부 투기꾼 때문에 재건축 허가를 내주지 않는 게 말이 되냐,1,0.5802448391914368,0.6015496253967285,8,54,3,1,False,False,True
['경기회복 체감할 때까지 확장적 재정 운용'],우선 최 부총리는 최근 우리 경제가 완만히 개선되는 모습을 보이고 있다고 진단했다.,경기회복 체감할 때까지 재정정책을 확장적으로 운용할 것,0,0.913342833518982,0.394638180732727,6,46,0,0,True,False,False
['서민 주머니 털어 세수확충 한다고?'],그 눈속임을 모를 줄 알고...,서민들의 주머니를 털어 세수를 확충하려 한다,1,0.7322953939437866,0.6242244243621826,5,25,2,0,False,False,True
['현대 기아차 파업에 줄도산 위기'],이데일리ⓒ 1등 경제정보 멀티미디어.,현대 기아차 노조의 요구사항은 대기업 노조의 배부른 파업,1,0.8590832948684692,0.6241199970245361,5,26,6,1,True,False,False
['송파 집값 오르면 강남은 뛴다'],"""송파 오르고나면 주변지역인 대치 등 오를 것""..관망세 극심 ""송파 오르고나면 주변지역인 대치 등 오를 것""..관망세 극심 박금영 산업은행 도곡지점 PB팀장은 8.31대책 이후에 오히려 부동산에 대해 관심을 가지고 사람들이 더 찾아보기 힘들어졌다며 전체적으로 시장이 움직이지 않고 있는 상태라는 설명이다.",송파지역이 오를대로 오르고나면 다른 강남권도 같이 오를수 있다고 생각하는 고객들이 꽤있다,1,0.7688922882080078,0.634036660194397,5,58,3,1,False,False,True
['주5일제는 꿈도 못꿔'],주 5일제 근무는 먼 나라 얘기일 뿐이다.,하지만 요즘은 구직자가 넘쳐나 60세 넘으면 권고퇴직까지 당하는 분위기여서 불만이 있더라도 드러내놓고 말할 수도 없다,1,0.3369074463844299,0.5028325319290161,3,23,4,1,False,False,True
['주식·부동산 호황이라는데'],"한편, 결제수단으로서의 카드 사용률은 훨씬 높아졌다.",자산시장 회복이 실물경기 개선에 미치는 효과가 아직 미약하다,1,0.3958351016044616,0.126980185508728,2,46,6,1,True,False,False
['해외 노다지 캐라'],특히 이번 방문이 서울 주요 20개국(G20) 정상회의를 앞두고 이뤄진다는 점에서 자원외교 성과에 대한 기대감이 어느 때보다 높다.,한국은 서울 20 정상회의에서 성공적인 개발경험의 대변자이자 의장국으로서 개발 의제에 대한 아프리카의 입장이 반영되도록 최선을 다하겠다,1,0.2439483553171157,0.3350264728069305,3,40,6,1,True,False,False
['지금은 폭풍전 고요'],미국발(發) 금리인상이 신흥시장에 충격파를 몰고 올 것이란 전망이다.,금융시장에 불안한 정적 이 흐르고 있다,1,0.3994756042957306,0.4514918923377991,3,60,3,1,False,False,True
['청탁·압력 없었다'],"박 사무처장은 최근 본보 기자와 만나 “아들이 입사지원서에 부모 직업 항목이 있다기에 솔직하게 쓰라고 했던 만큼 CJ그룹 측에서 내 아들임을 알 수는 있었을 것”이라며 “그러나 온미디어 인수 건은 공정위 전원회의 결정사항으로, CJ 측에서 청탁한 일도 없었고 내가 별도로 지시한 사항도 없다”고 해명했다.",그러나 온미디어 인수 건은 공정위 전원회의 결정사항으로 측에서 청탁한 일도 없었고 내가 별도로 지시한 사항도 없다,0,0.3741655647754669,0.2849240303039551,2,75,1,0,False,False,True
['부동산값 심상찮다'],"그는 추가 대책과 관련해 “후분양제와 공영택지 내 공영개발, 분양원가 공개 등을 검토 중”이라고 강조했다.",후분양제와 공영택지 내 공영개발 분양원가 공개 등을 검토 중,1,0.4176583886146545,0.3722337484359741,2,59,6,1,True,False,False
['사는 집 아니면 다 파는 ‘척’ 하시라'],이제 이 말은 “사는 집 아니면 다 파는 척(?)이라도 하시라”로 들릴 것 같다.,사는 집 아니면 다 파는 척 이라도 하시라,0,0.9896316528320312,0.8947820663452148,7,25,4,1,False,False,True
"['한국, 심각한 물가 문제 직면할수도']","UBS 웰스매니지먼트의 이코노미스트인 토마스 캐기는 ""미국발 금융위기 이후 단 한차례도 금리를 올리지 않은 한국의 경우 심각한 물가 문제에 봉착할 것으로 보인다""고 경고했다.",미국발 금융위기 이후 단 한차례도 금리를 올리지 않은 한국의 경우 심각한 물가 문제에 봉착할 것으로 보인다,0,0.8380367755889893,0.6544952392578125,5,45,1,0,False,False,True
['정태수 父子 분식회계 책임 70%'],"// flash 오류를 우회하기 위한 함수 추가 function _flash_removeCallback() {} 정태수 전 한보그룹 총회장 정태수 전 한보그룹 총회장 정태수 전 한보그룹 총회장 정태수 전 한보그룹 총회장법원 ""허위재무제표 믿은 대출은행 등에 배상하라"" (서울=연합뉴스) 심규석 기자 = 서울중앙지법 민사합의31부(이홍철 부장판사)는 31일 제일은행 등 3개 금융사가 ""허위 재무제표를 믿고 대출해줬다 손해를 봤다""며 정태수 전 한보그룹 회장 부자 등을 상대로 낸 손해배상 청구소송에서 ""피고들은 원고들이 입은 손해의 70%에 대한 책임이 있다""고 원고 일부승소 판결했다.",피고들은 제일은행에 2천168억여원 서울보증보험에 681억여원 한국산업증권에 144억여원을 지급할 의무가 있지만 원고들이 구하는 바에 따라 제일은행과 서울보증보험에 각각 10억원 한국산업증권에 5억원을 지급하라,0,0.4403867125511169,0.627028226852417,5,90,5,1,False,False,True
['한 번 충전해 500km 달리는 車배터리 연내 세계 첫 개발'],// flash 오류를 우회하기 위한 함수 추가 function _flash_removeCallback() {} 김준 SK이노 사장 성장전략 밝혀 2021년부터 상용화 자신감… 생산규모도 20배 넘게 확대 세계 3위 기업으로 도약 의지 ESS 사업에도 본격 진출 선언 김준 SK이노 사장 성장전략 밝혀 2021년부터 상용화 자신감… 생산규모도 20배 넘게 확대 세계 3위 기업으로 도약 의지 ESS 사업에도 본격 진출 선언 SK이노베이션이 올해 안에 한 번 충전하면 최장 500km까지 안정적으로 주행할 수 있는 고성능 전기차 배터리를 세계 최초로 개발해 이르면 2021년부터 상용화하겠다는 포부를 밝혔다.,최근 완성차 업체들의 구매 물량이 커지면서 완성차 생산 공장 주변에 배터리 공장을 짓는 조건으로 배터리를 구매하고 있다,1,0.5651324987411499,0.5120399594306946,10,86,2,0,False,False,True
"['연준, 준비됐다! 금리 올려라']","이제 때를 정해야 한다""고 말했다.",금리 인상은 언젠가는 이뤄져야 할 것으로 모두가 그래야만 한다는 것을 알고 있다 이제 때를 정해야 한다,1,0.6660603284835815,0.6088460683822632,4,40,6,1,True,False,False
['체감경기 회복에 시간 필요 필요하다'],"재정경제부는 최근의 경기동향을 담은 '그린북'에서 ""심리지표의 개선이 아직은 실물지표에 반영되지 않고 있다""며 “체감경기 회복까지는 시간이 필요할 것""이라고 밝혔다.",체감경기 회복까지는 시간이 필요할 것,0,0.9660561680793762,0.61961430311203,5,56,1,0,False,False,True
['올해 1분기 더 힘들다'],// flash 오류를 우회하기 위한 함수 추가 function _flash_removeCallback() {} [한국경제TV 임원식 기자] [한국경제TV 임원식 기자] 지난해에 이어 올해에도 국내 제조기업들은 경기가 더 나빠질 것으로 내다봤습니다.,기업들이 사업 갈피를 잡기 어려운 상황,1,0.4079043269157409,0.2526799142360687,4,39,3,1,False,False,True
['中 무역·환율 관행에 美 일자리 240만개 상실'],▶ (머니마켓) 성공투자의 지름길 '오늘의 추천주' ▶ (머니마켓) 돈이되는 증권정보 '재야고수 따라잡기' 조철희기자 samsara@,중국이 위안화 가치를 최소 퍼센트 절상하고 무역을 왜곡하는 다른 요인들을 제거하지 않는 한 미국의 무역 적자와 실업률이 가파르게 커질 것,1,0.7563354969024658,0.8712289333343506,7,43,4,1,False,False,True
['美 금리인상 끝이 보인다'],결국 FRB의 금리인상 행진이 막바지에 이르렀음이 확인된 셈이다.,회의록이 달러화 비관론에 불을 지폈다,1,0.6248862743377686,0.6854472756385803,4,39,1,0,False,False,True
"['호주 주식·부동산에 거품, 6개월 내 폭발 가능성']",// flash 오류를 우회하기 위한 함수 추가 function _flash_removeCallback() {} (시드니=연합뉴스) 김기성 특파원 = 호주의 주식과 부동산 시장에 거품이 끼었으며 이르면 6개월 이내에 거품이 폭발한 가능성이 있다는 경고가 나왔다.,주식시장은 결코 다수가 이길 수 있는 공간이 아니다,1,0.3716297447681427,0.1366153806447982,7,48,6,1,True,False,False
"['유럽, 재정위기 불안 진정 못 시켜']",시노하라 나오유키 IMF 부총재 등은 14일 블룸버그통신과의 인터뷰에서 유럽발 불안이 세계 경제 전망을 악화시키고 있다며 이 같이 밝혔다.,재정적자를 줄이는 것도 중요하지만 실업률 등 구조적인 문제에도 신경을 써야 한다,1,0.4405993223190307,0.7154397368431091,6,41,4,1,False,False,True
['1분기 성장율 4% 근접'],"[edaily 최한나기자] 이승우 재정경제부 경제정책국장은 22일 ""유가가 고공행진을 계속하고 있지만 환율 절상에 따른 상쇄 효과와 우리 기업의 수출경쟁력 강화 등으로 우리 경제에 미치는 영향은 전보다 훨씬 덜하다""며 ""올 1분기 경제성장율은 4%에 근접할 것으로 예상된다""고 말했다.",올 1분기 경제성장율은 4 퍼센트 에 근접할 것으로 예상된다,0,0.9038333892822266,0.6934430599212646,4,67,2,0,False,False,True
['전세계 성장률 조만간 상향할 것'],"스트로스-칸 총재는 ""남미와 아프리카 이머징국가와 개발도상국의 빠른 경제 성장에 힘입어 세계 경제는 당초 예상보다 빠르게 회복되고 있다""고 진단했다.",남미와 아프리카 이머징국가와 개발도상국의 빠른 경제 성장에 힘입어 세계 경제는 당초 예상보다 빠르게 회복되고 있다,1,0.7032201886177063,0.534725546836853,5,53,4,1,False,False,True
['빨간불'],"yjm9814@ [© 뉴스1코리아( news1.kr ), 무단 전재 및 재배포 금지] [© 뉴스1코리아( news1.kr news1.kr), 무단 전재 및 재배포 금지]",최근 내수 및 설비투자가 다소 개선될 것이라는 기대감에 지수가 전분기 대비 상승했지만 지역 경기불황 지속과 소비심리 하락 등으로 경기회복의 모멘텀이 미약했기 때문에 기준치를 넘지 못한 것으로 분석된다,1,0.0881579369306564,0.4326019883155823,1,49,6,1,True,False,False
['소비회복과 수출호조로 경기회복 지속중'],(서울=연합뉴스) 황정우 기자 = 한국개발연구원(KDI)은 최근 우리 경제가 소비회복과 수출 호조로 경기회복을 지속하는 모습을 보이고 있다고 진단했다.,우리 경제는 수출 호조가 유지되는 가운데 소비회복세가 확대됨에 따라 경기회복이 가속화하는 모습,0,0.9257758855819702,0.3626537919044494,4,36,0,0,True,False,False
['공공기관 고용률 기관평가에 반영'],백재현 민주당(경기 광명갑) 의원은 청년실업난이 사회적문제로 대두되는 가운데 이 같은 내용을 담은 '정무업무평가 기본법 개정안'을 발의했습니다.,중앙행정기관과 지방자치단체 산하 소속기관 공공기관의 업무를 평가하여 그 결과에 따라 예산 인사 반영 시정조치와 감사를 하도록 하는 정무업무평가 기본법 의 평가항목에 청년 미취업자 고용실적을 포함시키도록 하는 법적인 근거를 만든 것,0,0.7738099694252014,0.2389845252037048,4,64,4,1,False,False,True
['연초랠리 가능성은 63%'],"안정진 연구원은 ""올해 연초에도 이러한 기대감이 유효할 전망""이라며 ""90년 이후 연말 랠리가 있었던 총 8번 중 1월 증시가 상승한 적은 총 5번으로 나타나 확률상 63%""라고 설명했다.",90년 이후 연말 랠리가 있었던 총 8번 중 1월 증시가 상승한 적은 총 5번으로 나타나 확률상 63 퍼센트 ,0,0.7525745034217834,0.6919172406196594,3,82,2,0,False,False,True
['올해 사업계획도 못 짰다'],응답 기업의 44.3%는 ‘사업 계획을 세우지 못했다’고 답했다.,중국 경기 둔화 전망과 함께 더딘 내수회복이 전국 체감경기 하락세의 이유,1,0.153218537569046,0.456066370010376,4,37,4,1,False,False,True
['일자리·투자 국민 기대 못미쳐'],대한상공회의소는 전국 성인남녀 1000명을 대상으로 '2018년 기업호감지수(CFI)'를 조사한 결과 기업에 대한 호감도가 53.9점으로 집계됐다고 17일 밝혔다.,우리 경제의 구조적 하락 속에 기업의 일자리 창출과 투자가 국민 기대에 다소 못 미쳤고 일부 경제적 이슈에 대한 기업과 이해관계자 간 갈등이 부각되면서 호감도가 소폭 하락했다,0,0.726213812828064,0.1875133961439132,4,34,0,0,True,False,False
['주말이 단기변곡점..글로벌 변수 집중'],"[이데일리 최한나 기자] 삼성증권은 2일 그리스 사태와 미국 고용지표, 중국의 양회 개막 등이 겹쳐있다며 오는 주말이 증시의 단기 변곡점이 될 가능성이 높다고 진단했다.정명지 삼성증권 애널리스트는 ""오는 5일 그리스와 독일 총리의 회담이 예정돼 있는데 독일이 구체적인 그리스 지원 대책을 내놓을 경우 글로벌 증시가 단기 반등을 모색할 가능성이 있다""며 ""이어 지난주 연기됐던 국채 발행이 성공할 경우, 그리스가 올해 발행키로 한 국채 약 400억 유로의 대부분을 해소하게 된다""고 설명했다.정 애널리스트는 ""3일 ADP 민간고용에 이어 주말께 미국의 2월 비농업부문 고용과 실업률이 발표된다""며 ""전달보다 수치는 나쁘겠지만 폭설 등 계절적 요인 때문이라는 분석이 나올 경우 시장 반응은 나쁘지 않을 수 있다""고 말했다.",어떤 조합이든 이번 주말이 단기 변곡점이 될 가능성이 크다,0,0.7258838415145874,0.2375611364841461,4,207,0,0,True,False,False
['연초 주택사업경기 불황 계속'],전월보다는 9.8포인트 떨어졌다.,2017년 하반기 이후 주택사업경기에 대한 부정적인 전망이 지속되고 있는 상황,0,0.566643238067627,0.0434540435671806,4,20,0,0,True,False,False
['환율…1100원을 앞둔 당국 움직임 주목'],"이어 ""지난주 후반에 이집트 사태에 대한 우려와 미국 실업률 약화 등으로 안전자산 선호심리가 강화되면서 미국 달러화가 큰 폭으로 반등했다""고 덧붙였다.[권한울 기자]▶ [스타의 과거 화보] 유노윤호 서현 교복사진 “풋풋해~” ▶ [모닝이슈] 친이계 회동, 개헌공론화 착수 ▶ 외교관들이 '경제열공' 하는 까닭은 바로… ▶ 성장 돌파구, 이제는 생산성이다 ▶ 이홍기, 학창시절 사고쳐 어머니 무릎 꿇은 사연에 눈물' ▶ 日방송, 카라 좌석배치도 공개…혹시 박규리 왕따?",오늘 환율은 1102 1110원 사이에서 움직일 것으로 보인다,0,0.7281553745269775,0.495476484298706,5,98,3,1,False,False,True
"[""中 지난해 '핫머니' 유입액 355억弗 추정""]",[증권방송오픈] 제대로된 기법전수!,지난해 유입된 핫머니 355억달러가 같은 기간 늘어난 외환보유액의 7 6 퍼센트 에 해당한다,0,0.8021014928817749,0.9376999139785768,6,50,2,0,False,False,True
['유가 100弗 돌파'],이란 핵 문제가 국제연합(UN) 안전보장이사회에 회부될 경우 국제유가가 배럴당 100달러를 돌파할 수 있다는 전망이 나왔다., 안보리가 이란에 대한 경제제재를 단행하고 이란이 이에 대한 보복으로 석유수출을 줄이면 국제유가는 100달러 이상으로 뛰어오를 수 있다,0,0.541506290435791,0.3924853503704071,3,55,6,1,False,True,False
['대외 불확실성 확대로 수출 부진 지속 가능성'],KDI 측은 “올 들어 중국 경제에 대한 우려가 심화하는 등 대외 불확실성이 크게 확대되면서 수출 부진이 지속할 가능성이 크다”면서 “이는 광공업 생산의 개선을 제약할 수 있다”고 우려했다.,수출 부진이 지속되고 대외 불확실성이 확대돼 회복세가 제약되고 있다,0,0.8695452213287354,0.5178244709968567,7,45,1,0,False,False,True
['상가 분양가 10% 이상은 거품'],무단 전재 및 재배포 금지 -,상가 분양가격 중 퍼센트 이상은 거품이 있다,0,0.7145600914955139,0.7195977568626404,5,20,4,1,False,False,True
['새달부터 체감경기 좋아질것'],[서울신문]이헌재 부총리 겸 재정경제부 장관은 25일 “다음달부터 건설경기가 살아나 서민들의 체감경기도 가시적인 회복세를 나타낼 것으로 기대한다.”고 밝혔다.,다음달부터 건설경기가 살아나 서민들의 체감경기도 가시적인 회복세를 나타낼 것으로 기대한다 ,0,0.7219405770301819,0.4405112862586975,3,37,1,0,False,False,True
['부동산 투기는 막고 주택경기 살릴 것'],"""금통위 금리결정 경기확장정책 지지쪽으로"" (서울=연합뉴스) 이 율 기자 = 한덕수 경제부총리 겸 재정경제부 장관은 29일 ""부동산 투기는 막으면서 주택경기 활성화에 우선순위를 두는 정책을 이어갈 것""이라고 말했다.",부동산 투기는 막으면서 주택경기 활성화에 우선순위를 두는 정책을 이어갈 것,0,0.8653563857078552,0.5124338269233704,6,61,1,0,False,False,True
"['한국경제, 낙관할 수 있는 상황']","또 ""문화산업과 창업 등 과거에 상상하지 못한 분야에서 유연성을 발휘하며 기대했던 수준 이상의 성적을 보여주고 있다""며 ""한국에는 유연성이 존재한다""고 긍정적으로 평가했습니다.",한국에는 유연성이 존재한다,1,0.7204867601394653,0.4288110733032226,5,71,6,1,True,False,False
"['소비 회복세, 2분기에도 이어질 것…월드컵 특수']",【서울=뉴시스】김정남 기자 = 올해 1분기에 이어 2분기에도 소비 회복세가 이어질 것이란 전망이 나왔다.,월드컵으로 2분기 판매를 좋게 보는 유통업체들이 늘고 있고 대형마트의 가격경쟁이 고객들을 불러 모으고 있다,1,0.6102423667907715,0.5115906596183777,6,39,2,0,False,False,True
['중국 수요 둔화'],전월에 비해 감소폭이 크게 확대되며 유로존 경기 회복이 지연될 것이란 우려가 재점화됐다.,역대 최저수준의 실업률과 낮은 연료 가격으로 인해 내수 소비가 촉진됐으나 중국의 경제 성장 둔화와 신흥국 경제 불안으로 인해 수출품 생산이 위축됐다,1,0.6469331979751587,0.2734662294387817,3,66,6,1,True,False,False
['美 실업률 걸림돌..완만한 성장'],[아시아경제 증권방송] - 3개월 연속 100% 수익 초과 달성!,미국 경제 성장세를 방해하는 요소가 많다,0,0.6715190410614014,0.927314519882202,4,29,6,1,False,True,False
"['금리인상, 최소 2분기 지나 결정해야']","【서울=뉴시스】김은미 기자 = 한나라당 김성조 정책위의장이 30일 최근 금융권을 중심으로 돌고 있는 '금리인상설'에 대해 ""국내외 여건 고려할때 최소 2분기 지난 다음에 고려하는 것이 바람직하다""고 주장했다.",정부는 최소한 2분기까지는 경제상황을 면밀히 살핀 후 금리인상에 대한 입장을 발표하고 그 전까지 금융당국은 시장이 오해를 살만한 이야기는 자제해야 한다,0,0.7566241025924683,0.7203073501586914,5,53,3,1,False,False,True
['올해 안에 금리 인상'],[뉴욕=송현 통신원 songhyun@chosunbiz.com,경제 지표에 따라서 금리가 언제든지 인상될 수 있다는 의미,0,0.7039836645126343,0.5491329431533813,4,25,5,1,False,False,True
['그린스펀이 미국 빚더미에 앉혀'],'그린스펀은 경제를 살리는 대가로 가계와 국가를 빚더미에 올려놓았다.' 오는 31일 퇴임하는 앨런 그린스펀 연방준비제도이사회(FRB) 의장에 대해 사실상 처음으로 비판적인 평가가 나왔다.,그린스펀에 대한 진정한 평가는 부채 문제가 어떻게 진행되는지를 본 다음 이뤄져야 한다,0,0.7218841910362244,0.610356867313385,4,53,6,1,False,True,False
['50년래 최저'],"중동남자가 대시"" [ⓒ 매일경제 & mk.co.kr, 무단전재 및 재배포 금지] MBA도 모바일로 공부한다.",성장 속도가 장기 추세선을 웃돌 것,1,0.3062535524368286,0.4317090213298797,2,74,4,1,False,False,True
"['위험자산, 본격 투자하기 위해선…유가 안정화 전제돼야']","유동완 연구원은 ""유가 안정이 글로벌 자산 반등의 충분조건은 아니지만 중요한 필요조건""이라며 ""원유 수급이 개선되지 못할 경우 글로벌 자산시장에 부담으로 작용할 것""이라고 말했다.",유가 안정이 글로벌 자산 반등의 충분조건은 아니지만 중요한 필요조건,0,0.6665867567062378,0.7301632165908813,6,60,2,0,False,False,True
['성장 모멘텀 유지'],전문가들 전망치에 부합한 결과다.,글로벌 시장 수요에 의존하지 않아 내수가 독일 성장에 가장 큰 요인,1,0.413300096988678,0.3845286667346954,3,21,2,0,False,False,True
"['흔들리는 인도증시, 다시 중심 잡을 것']","문남중 연구원은 ""지난해 말 진행된 5개 주의회 선거에서 모디총리가 이끄는 인도국민당이 텃밭인 3개 주에서 모두 참패해 향후 총선이 치러지는 4~5월이 다가올수록 투자자 입장에서 모디총리의 재선을 확인하고자 하는 심리가 커질 전망""이라고 말했다.",지난해 말 진행된 5개 주의회 선거에서 모디총리가 이끄는 인도국민당이 텃밭인 3개 주에서 모두 참패해 향후 총선이 치러지는 4 5월이 다가올수록 투자자 입장에서 모디총리의 재선을 확인하고자 하는 심리가 커질 전망,0,0.5668792724609375,0.4291483759880066,6,76,3,1,False,False,True
['소비심리 전방위 호조..환율하락 내수엔 긍정'],"(서울=연합인포맥스) 황병극 기자= 소비심리가 전방위적으로 호조세를 나타내고 있고, 환율하락도 내수회복에 긍정적으로 작용할 것으로 전망됐다.","환율하락이 국내의 물가안정을

가져올 것이기 때문에 내수회복에도 도움이 될 것",0,0.6580383777618408,0.2527328133583069,5,36,1,0,False,False,True
['1분기 GDP 10% 넘을 수도'],(부다페스트=연합뉴스) 황정우 특파원 = 알리 바바잔 터키 부총리 겸 재무장관은 지난 1분기 경제성장률이 10%를 넘을 수 있음을 시사했다.,1분기 경제성장률 수치가 작년 동기 대비 기준으로 퍼센트 이상으로 나오더라도 놀랄 일이 아니다,0,0.6469751596450806,0.7818332314491272,5,43,2,0,False,False,True
['1110원대 진입 시도 이어질듯'],한경닷컴 이민하 기자,하방경직성으로 작용하겠지만 방향성 면에서는 원달러 환율 하락으로 치우칠 가능성이 높다,1,0.3524571359157562,0.5837526321411133,4,17,5,1,False,False,True
['2016년 설 상여금 지급'],// flash 오류를 우회하기 위한 함수 추가 function _flash_removeCallback() {} [동아일보] 평균 102만9000원… 4.6일 연휴 평균 102만9000원… 4.6일 연휴 한국경영자총협회는 전국 5인 이상 311개 기업을 대상으로 조사한 결과 73.8%가 “올해 설 상여금을 지급할 계획이 있다”고 응답했다고 24일 밝혔다.,올해 설 상여금을 지급할 계획이 있다,0,0.5856640338897705,0.3381969332695007,4,41,4,1,False,False,True
['내수부진 영향'],"ggm11@ [© 뉴스1코리아( news1.kr ), 무단 전재 및 재배포 금지] [© 뉴스1코리아( news1.kr news1.kr), 무단 전재 및 재배포 금지]",하지만 지수는 서비스업의 내수부진으로 소폭 하락했다,0,0.3311253190040588,0.5560199022293091,2,32,4,1,False,False,True
"[""연준 '인내심' 문구 삭제시 수출 대형주에 관심둬야""]","곽현수 신한금융투자 연구원은 ""FOMC에서 눈여겨볼 문구는 딱 하나""라며 ""지난해 12월 FOMC에서 추가된 '인내심'의 삭제 여부가 가장 중요하다""고 말했다.",지난해 12월 에서 추가된 인내심 의 삭제 여부가 가장 중요하다,1,0.4631766080856323,0.290941059589386,7,60,3,1,False,False,True
['유로존 위기 남의 말'],[증권방송오픈] 제대로된 기법전수!,성장이 정체돼 있던 시기는 끝났고 경제성장이 가속화될 일만 남았다,1,0.3306120336055755,0.8867154717445374,4,28,5,1,False,False,True
['美 기준금리 인하 가능성 있어'],/블룸버그 [서울경제] 재닛 옐런 전 미국 연방준비제도(Fed·연준) 의장이 세계 경제 성장 둔화를 전제로 연준이 기준금리 인하를 단행할 가능성이 있다고 언급했다.,글로벌 성장세가 실제로 둔화하고 그 파급이 미국으로까지 이어진다면 연준의 다음 조치는 확실하게 금리 인하가 될 것,0,0.8164651393890381,0.6563918590545654,5,54,4,1,False,False,True
['일자리 늘어나는 거야 아니야'],일부는 일자리 증가는 착시현상이며 올 하반기 고용회복세가 둔화될 가능성을 제기한 반면 실업자 증가는 고용회복의 이전의 일시적 현상으로 고용회복세의 전조라는 상반된 분석에 구직자들은 마냥 헷갈린다.,민간 부문의 일자리 회복이 탄력적이지 못해 하반기 공공 부문 일자리 창출력이 약해지면 고용 회복세가 둔화할 가능성이 있다,1,0.5971769094467163,0.6329872608184814,4,75,6,1,True,False,False
['여전히 불황'],아예 ‘예측이 어렵다’는 응답도 51.7%에 달했다.,올안 경기회복,1,0.4747418761253357,0.3508170247077942,2,35,5,1,False,False,True
['07년 대선까지 경제구조 개편은 어려울 것'],"카일레토 애널리스트는 ""프랑스는 최근 몇 년간 구조적 문제들을 해결하려는 노 력에도 불구하고 2007년 대선전까지 구조 개편 노력을 지속하는데 어려움이 따를 것 ""이라며 ""정치적 긴장으로 인한 불신이 확산돼 있기 때문""이라고 설명했다.","프랑스는 최근 몇 년간 구조적 문제들을 해결하려는 노

력에도 불구하고 2007년 대선전까지 구조 개편 노력을 지속하는데 어려움이 따를 것

",1,0.6176221370697021,0.5991315245628357,6,49,2,0,False,False,True
['세계경제 뚜렷한 개선'],"[신현규 기자][ⓒ 매일경제 & mk.co.kr, 무단전재 및 재배포 금지] MBA도 모바일로 공부한다.",세계 경제 전망이 지난 1월보다 뚜렷이 개선됐다,0,0.8619693517684937,0.5813760757446289,3,20,2,0,False,False,True
['규제강화·보호주의 경계'],동영상 뉴스 존 메이저 전 영국 총리는금융위기 이후 나타나고 있는규제강화와 보호무역주의를경계해야 한다고 강조했습니다.김규원 기자가 보도합니다.존 메이저 전 영국 총리는세계가 오히려 규제를 완화하는 방향으로 가야한다고 역설했습니다.과도한 부채 문제로 몸살을 앓고 있는 미국과 유럽 국가들이 인위적으로 금융규제를 강화할 경우역효과를 낼 것이라고 경고했습니다.,현재 시장은 규제강화와 국가통제가 다시 고개를 치켜드는데 반대하고 있습니다 이것이 미국이 직면하고 있는 가장 큰 문제입니다,1,0.6600516438484192,0.3788394927978515,2,53,5,1,False,False,True
['3~4년후 주가 2000P 간다'],또 1년 후 종합주가지수는 20-30% 오른 1200-1300포인트가 될 것으로 전망했습니다.,거시적으로 전세계 경기와 국내경기 향상되고 있고 미시적으로는 기업수익이 1 4분기 기점으로 향상되고 있다,1,0.3373734056949615,0.5351496338844299,4,36,3,1,False,False,True
['올해 미국 GDP 3.5% 성장'],미국 주요 이코노미스트들은 올해 미국 경제가 3.5% 성장할 것으로 전망했습니다.,교통카드로 결제하세요,1,0.0874017924070358,0.8724559545516968,5,26,3,1,False,False,True
['대통령은 경기 좋아지고 있다지만 서민은 갈수록 힘들어'],“대통령이 어젯밤 신년연설에서 경기가 좋아지고 있다고 했지만 서민들이 느끼는 것은 여전히 바닥이에요.,대통령이 어젯밤 신년연설에서 경기가 좋아지고 있다고 했지만 서민들이 느끼는 것은 여전히 바닥이에요 돈 많고 높은 분들은 백화점으로 가니까 서민들이 주로 이용하는 재래시장 상황을 전혀 모르죠 ,0,0.692462146282196,0.8051762580871582,7,30,6,1,False,True,False
"['한국, 잃어버린 10년 빠져들 수도']",1일(현지시간) 니혼게이자이신문은 일본의 저명한 애널리스트들과 대담을 통해 한국 경제에 대해 이같이 진단했다.,노동시간 단축하면 일본식 장기침체 겪을 수 있어,1,0.3668148815631866,0.5609109401702881,5,57,6,1,True,False,False
['선행지수 하락 자체보다 기울기가 관건'],[이데일리 박원익 기자] 하나대투증권은 4일 경기모멘텀 둔화는 있겠지만 지수의 하락 기울기를 논할 상황은 아니라고 진단했다.,초점은 선행지수가 하락하는 과정의 기울기,0,0.8316034078598022,0.6456000804901123,5,34,3,1,False,False,True
['부동산시장 불안 없도록 유의하겠다'],(서울=연합뉴스) 박상현 기자 = 박승 한국은행 총재는 올해 통화정책을 시행하면서 시중의 풍부한 유동성이 부동산시장 등 자산시장의 불안을 초래하는 일이 없도록 각별히 유의할 것이라는 입장을 밝혔다.,올해 통화정책은 경기회복을 뒷받침하면서 인플레이션 압력에 선제적으로 대응하는 방향으로 운영할 방침,1,0.3640449941158294,0.6390557885169983,4,50,2,0,False,False,True
['올해 美경제 3∼4% 성장'],"버냉키 의장은 이날 워싱턴D.C.에서 열린 중소기업 포럼에서 행한 연설을 통해 ""최근 몇달 사이에 경기상황이 나아지고 있으며 올해 성장률이 3∼4%가 될 것으로 보는 것이 타당할 것""이라고 말했다.",최근 몇달 사이에 경기상황이 나아지고 있으며 올해 성장률이 3 4 퍼센트 가 될 것으로 보는 것이 타당할 것,0,0.7272793054580688,0.4688293039798736,4,71,3,1,False,False,True
['3월부터 체감경기도 회복'],"이 부총리는 이날 오후 KBS라디오 시사프로그램에 출연,""올 들어 우리 경제 여러부분에서 회복의 변화가 감지되고 있다""며 이같이 전망했다.","올 들어 우리 경제 

여러부분에서 회복의 변화가 감지되고 있다",0,0.7218812108039856,0.2517262995243072,3,57,4,1,False,False,True
['기저효과 탓'],【서울=뉴시스】김형섭 기자 = 건설업체들이 느끼는 체감경기가 비수기임에도 불구하고 소폭 상승했다.,이는 예년과 달리 지난해 12월 지수가 공공공사 발주 감소로 5 8포인트 하락한데 따른 것,1,0.2532461881637573,0.6127764582633972,2,17,5,1,False,False,True
['온라인쇼핑-요우커 효과로 경기 호전 예상'],"김경종 대한상의 유통물류진흥원장은 “유통사들이 급속한 고령화, 1인 가구의 증가, 모바일쇼핑의 확산 등의 변화에 민감하게 대응해 소비자들에게 어필할 수 있는 경영전략을 적극적으로 모색해야 한다”고 말했다.",온라인쇼핑과 요우커 특수 효과가 큰 백화점이 상승 기조의 견인차 역할을 하고 있다,0,0.5692883729934692,0.19088114798069,5,38,3,1,False,False,True
['민간부문 고용여건 개선'],(서울=연합인포맥스) 임승규 기자 = 기획재정부는 경기회복에 힘입어 민간 부문의 고용여건이 개선되고 있다고 평가했다.,최근 워크넷과 고용지원센터를 통한 신규구인 인원과 구인 구직비율이 크게 증가한 것도 민간부문의 고용여건이 개선되고 있음을 시사한다,0,0.7530246376991272,0.8645986318588257,3,48,1,0,False,False,True
['미국 지표가 더 좋다'],"컨퍼런스보드의 4월 소비자신뢰지수가 97.7로 월가의 예상치 98.1을 밑돌았지만, 외환시장에서는 ""그래도 미국 경제 지표가 유럽이나 일본보다는 좋다""는 인식이 확산됐다.",그래도 미국 경제 지표가 유럽이나 일본보다는 좋다,0,0.7856120467185974,0.5495825409889221,4,43,4,1,False,False,True
['美 금리 올리면 신흥국 충격받는다'],"/디지털미디어부 [ⓒ 한국미디어네트워크, 무단 전재 및 재배포 금지]",연준의 금리 인상으로 유동성이 급격히 줄어들면서 동시에 자금이 빠져나가면 시장이 요동칠 수 있다,1,0.6724739074707031,0.7741707563400269,5,25,3,1,False,False,True
['경상흑자 32억불에 그칠 것'],＜저작권자ⓒ이데일리.,이처럼 원화가 6 3 퍼센트 절상되면 경상수지는 38억달러의 적자 요인이 발생한다,1,0.7560765147209167,0.6898688077926636,4,17,5,1,False,False,True
['작아도 안정적 시장 찾아'],"요하네스버그에 있는 금융그룹 퍼스트랜드 계열사인 애시버튼투자사의 코넬레 오 키비는 ""(나이지리아나 남아공에 비해) 상대적으로 여전히 고성장하는 국가들이 많고 이들은 장기간 수익을 안겨줄 것""이라며 ""다른 아프리카 국가로 가는 것은 그리 어려운 일이 아니다""라고 말했다.", 나이지리아나 남아공에 비해 상대적으로 여전히 고성장하는 국가들이 많고 이들은 장기간 수익을 안겨줄 것,1,0.4445278346538543,0.3170738518238067,4,49,5,1,False,False,True
"['소상공인 목소리, 정책에 반영돼야']","// flash 오류를 우회하기 위한 함수 추가 function _flash_removeCallback() {} 【서울=뉴시스】박주연 기자 = 박성택 중소기업중앙회장은 17일 ""어려운 소상공인들의 체감경기 회복을 위해서는 현장의 목소리가 정부정책에 제대로 반영되는 것이 무엇보다 중요하다""고 강조했다.",어려운 소상공인들의 체감경기 회복을 위해서는 현장의 목소리가 정부정책에 제대로 반영되는 것이 무엇보다 중요하다,0,0.8056004047393799,0.7475160956382751,4,57,0,0,True,False,False
"['3월 기업 경기 전망치↑, 조선·車 회복세']","송원근 한국경제연구원 부원장은 ""조선·자동차 업종이 최악의 침체에서 벗어나고 있다는 점이 이번 조사 결과에 반영됐다""며 ""지난해 수출을 견인한 반도체 경기 하강으로 수출이 3개월 연속 감소할 것으로 예상되기 때문에 경기 회복이 단시간 내 이뤄지기는 쉽지 않을 것""이라고 말했다.",조선 자동차 업종이 최악의 침체에서 벗어나고 있다는 점이 이번 조사 결과에 반영됐다,1,0.431965708732605,0.1960608959197998,6,48,3,1,False,False,True
['다음달 연준 성명에서 ‘인내심’ 단어 삭제해야'],26일(현지시각) 불라드 총재는 CNBC와의 인터뷰에서 “올 여름 연준이 금리를 인상할 수 있도록 3월 (연방공개시장위원회 통화정책회의)성명서에서 ‘인내심(patient)’ 단어를 삭제해야 한다”고 말했다.,올 여름 연준이 금리를 인상할 수 있도록 3월 연방공개시장위원회 통화정책회의 성명서에서 인내심 단어를 삭제해야 한다,0,0.7891322374343872,0.6915914416313171,6,49,1,0,False,False,True
['송도국제도시 당초 목적 변질'],"인천대 양준호 교수(경제학과)는 10일 오후 민주노총 인천본부가 주최한 '진보진영 공동정책토론회'에서 '송도경제자유구역에 관한 정치경제학적 고찰'이란 주제의 발제를 통해 ""송도국제도시는 외자 유치를 명분으로 한 '규제완화'의 지역판""이라고 비판했다.",송도국제도시는 외자 유치를 명분으로 한 규제완화 의 지역판,0,0.6351046562194824,0.3987487554550171,4,69,2,0,False,False,True
['한국경제 완전히 회복됐다'],"노 대통령은 또 간담회에 참석한 박용성 대한상의 회장 등 경제5단체장을 가리키며 ""한국에는 유력한, 한국경제를 이끌고 있는 5개 경제단체가 있는데 그 대표들과 한국경제를 실질적으로 주도하고 있는 기업 대표들이 다 이 자리에 오셨다""고 소개하고 ""말하자면 한국경제가 이 자리에 온 것""이라고 말했다.",물가든 외환이든 경제성장률이든 실업률이든 모든 측면에 있어 한국경제는 완전히 회복됐다,0,0.93965744972229,0.4121773242950439,3,85,2,0,False,False,True
"['美 경제, 아직 연준 도움 필요하다']",[머니투데이 뉴욕=강호병특파원 ]벤 버냉키 미연방준비제도이사회(FRB)의장이 3일(현지시간) 미국경기 회복이 가속되는 조짐이 있지만 아직 경기관을 바꿀 정도는 아니며 미국경제는 여전히 연준의 도움이 필요하다는 입장을 피력했다., 소비와 기업지출이 더 늘고 실업수당 청구가 줄어드는 등 경기회복세가 빨라지는 조짐이 있다,1,0.6113648414611816,0.6140387654304504,6,46,2,0,False,False,True
"['리비아 사태, 스태그플레이션 압력 가중']",리비아 사태가 좀처럼 진정기미를 보이지 못하고 있는 가운데 무아마르 카다피 리비아 국가원수가 퇴진을 거부하고 강경 진압을 경고하고 나서는 등 안개 속으로 치닫고 있다.▶ 찌라시는 가라!..,아프리카 최대 원유 생산국인 리비아의 폭력 사태는 최근 이집트나 튀지니의 반정부 시위와 달리 글로벌 경제 시스템 리스크를 높일 수 있다,0,0.6619940996170044,0.5111131072044373,5,93,3,1,False,False,True
['소비심리 회복..소매유통업 비중확대'],(서울=연합뉴스) 김문성기자= 한국투자증권은 15일 소비자 체감경기가 본격적인 회복 조짐을 보이고 있다며 소매유통업종에 대한 투자의견을 `중립'에서 `비중 확대'로 상향 조정했다.,신세계는 2월에 문을 연 양재점이 기대 이상의 성과를 거두고 있고 2 4분기 이후 죽전점 호평점 등 10개 점포를 새로 열 계획이어서 본격적인 소비경기 회복과 신규점 효과가 맞물릴 경우 예상을 웃도는 실적도 가능할 것,1,0.4215847253799438,0.1681054979562759,3,36,1,0,False,False,True
"['원·달러, 美 금리인상 가능성에 상승 흐름 전망']",// flash 오류를 우회하기 위한 함수 추가 function _flash_removeCallback() {} [ 노정동 기자 ] 10일 서울 외환시장에서 원·달러 환율은 미국 고용지표 호조에 따른 금리인상 가능성 확대에 상승 흐름을 나타낼 것으로 전망된다.,엔 달러 환율 상승과 함께 원 달러 환율도 오름세가 예상된다,1,0.8193045854568481,0.6428963541984558,7,40,0,0,False,True,False
"[""'인내심' 문구, 3월에 삭제돼야""]",이어 “정상화 과정이 조금 빨리 시작되는 것이 좋다.,정상화되는 과정,1,0.3819844722747803,0.4816654920578003,4,42,3,1,False,False,True
"['오바마, 한·미 FTA 비준안 이달 의회 제출']",하지만 신문은 한미 FTA 비준이 쉽게 이뤄지지는 않을 것이라고 지적하면서 오바마 대통령의 한미 FTA 비준안 의회 제출은 앞으로 수개월이 걸릴 비준동의 절차의 시작이 될 것이라고 전망했다.,노조단체 반발 등 비준 쉽잖을것,1,0.3248946666717529,0.5753021240234375,7,93,4,1,False,False,True
['한국 경제 좋은 편이라고 해도 만만찮은 과제 안고 있어'],이 총리는 오늘(5일) 자신의 SNS를 통해 현대경제연구원이 발표한 '2019년 한국 경제 희망요인' 보고서를 공유하며 이같이 밝혔습니다.,우리 경제가 좋은 편이라도 하더라도 만만찮은 과제를 안고 있다,0,0.7440283894538879,0.6005306839942932,9,55,0,0,True,False,False
['경제 내년돼야 본격 회복'],박승 한국은행 총재도 최근 “경기 회복 조짐이 나타나고 있지만 고용 확대가 이뤄지지 않고 있어 회복의 속도는 느리다”고 지적했으며 재경부 역시 지난 11일 발표한 ‘그린북’을 통해 경기가 회복되고 있지만 강도나 속도가 기대에 미치지 못하고 있어 체감경기 회복에는 시간이 걸릴 것으로 보인다고 전망했다.,경기 회복 조짐이 나타나고 있지만 고용 확대가 이뤄지지 않고 있어 회복의 속도는 느리다,1,0.748749315738678,0.27832692861557,4,63,5,1,False,False,True
['청년실업ㆍ중소기업 부진 탓 체감경기 악화'],"연합뉴스TV 기사문의 및 제보 : 카톡/라인 jebo23 ▶ 연합뉴스TV 네이버 채널 구독 ▶ 연합뉴스TV 네이버 채널 구독 ▶ 생방송 시청 ▶ 생방송 시청 ▶ 대한민국 뉴스의 시작, 연합뉴스TV 앱 다운받기 ▶ 대한민국 뉴스의 시작, 연합뉴스TV 앱 다운받기",청년실업 중소기업 부진 탓 체감경기 악화,1,0.9935038089752196,0.448691189289093,5,58,1,0,False,False,True
['호주 광산업계 인력 5만8천명 추가 필요'],(시드니=연합뉴스) 이경욱 특파원 = 호주 서호주주를 중심으로 형성되고 있는 이른바 '제2의 광산개발 붐'으로 숙련기술자 부족 현상이 심화되고 있는 가운데 향후 10년동안 5만명이 넘는 인력이 추가로 필요하다는 분석이 제기됐다.,요즘 광산에서는 오랜 기간 일해 온 나이 든 기술자와 광산개발 붐으로 새롭게 광산 지역으로 몰려드는 젊은층이 주로 일하고 있다,1,0.5772324204444885,0.0856368765234947,6,59,2,0,False,False,True
['美 금리인상 늦어질 수도…임금상승률 미미'],"그는 이어 ""고용과 달리 캘린더 효과와 저유가로 인한 저인플레이션 압력, 낮은 생산성 등으로 인해 임금상승률은 기대만큼 개선되지 못한 것으로 나타났다""며 ""이 때문에 연방준비제도(Fed·연준)의 두 번째 금리 인상 시점이 기존 3월에서 6월로 지연될 수 있다는 기대감이 높아지고 있다""고 말했다.",고용과 달리 캘린더 효과와 저유가로 인한 저인플레이션 압력 낮은 생산성 등으로 인해 임금상승률은 기대만큼 개선되지 못한 것으로 나타났다,0,0.7392075061798096,0.2951205968856811,5,61,4,1,False,False,True
['2분기 철강경기 호전 전망'],(서울=연합뉴스) 김지훈기자 = 국내 철강업체들은 올 2.4분기 철강업종의 경기가 1.4분기보다 호전될 것으로 전망하는 것으로 조사됐다.,원자재 및 철강재 가격 상승세가 2분기에도 지속될 것으로 전망되고 재고도 축소될 것으로 보이는 등 철강경기의 호조는 당분간 이어질 것,0,0.137140542268753,0.3432375788688659,4,31,0,0,True,False,False
['추경은 경기 지켜본 후 결정해야'],"이 총재는오늘 국회기획재정위원회 전체회의에서경기전망을 묻는 질문에""2분기 실적 나쁘지 않을것으로 보인다""며""추경은 부총리 말씀처럼상황 지켜보고 결정할 것""이라고 말했습니다.",추경은 부총리 말씀처럼상황 지켜보고 결정할 것,0,0.7944464683532715,0.599469780921936,5,49,1,0,False,False,True
['판교벨트 같은 청년 일자리 고민해야'],조준모 성균관대 경제학과 교수는 “단순히 직업훈련이나 일자리 알선에 머무르지 말고 판교벨트같이 청년들을 스폰지처럼 흡수할 수 있는 공간을 범정부 차원에서 마련해야 할 것”이라며 “대기업 위주의 일자리 정책은 한계가 있는 만큼 중견기업과 서비스업에 양질의 일자리를 어떻게 만들 것인지도 고민해야 한다”고 강조했다.,단순히 직업훈련이나 일자리 알선에 머무르지 말고 판교벨트같이 청년들을 스폰지처럼 흡수할 수 있는 공간을 범정부 차원에서 마련해야 할 것,0,0.7867727875709534,0.6583073735237122,5,54,2,0,False,False,True
['통화완화 여력 있다'],"그는 ""확실히 (통화완화) 여력이 있다""면서도 ""그러나 이를 신중하게 결정할 것이며, 여력이 있다고 반드시 사용한다는 뜻은 아니다""라고 말했다.",확실히 통화완화 여력이 있다,0,0.94050794839859,0.4581303596496582,3,52,4,1,False,False,True
['경제자유구역내 외국기관 풀어야'],"열린우리당 상임중앙위원회의(서울=연합뉴스) 고일환기자 = 열린우리당 문희상(文喜相) 의장은 6일 당정간 견해 차이를 해소하지 못하고 있는 경제자유구역내 외국기관 설립문제와 관련, ""당연히 자유무역에 찬성이고, 의료와 교육도 풀어야 한다고 본다""고 말했다.",투자를 위해 경제자유구역내 외국 교육기관 설립의 길을 터 달라,0,0.5671262741088867,0.7106389999389648,3,60,6,1,False,True,False
['장기 미취업자 고용 中企 세제지원'],"이어 청년 일자리 창출 문제에 대해서도 ""양질의 일자리 창출을 위해 대기업과 사회적 협약을 맺는 등 정책적 지원으로 신규 채용을 늘리고 유망한 청년 1인 창업 분야를 선발해 적극 지원하겠다""고 덧붙였다.",장기 미취업자를 고용하는 중소기업은 세제 지원 혜택을 받을 수 있는 방안을 추진하겠다,0,0.8194656372070312,0.084845520555973,5,65,2,0,False,False,True
['긍정·부정 요인 혼재'],전경련은 대내외 긍정적·부정적 요소가 복합적으로 반영된 때문으로 풀이했다.,4월 전망도 기준선 100을 소폭 하회해 앞으로 경기에 대한 우려감을 드러냈다,1,0.307922750711441,0.4855397343635559,3,36,2,0,False,False,True
['歐美 세율ㆍ금리 올릴것'],메이저 전 총리는 이날 서울 그랜드 하얏트 호텔에서 한국경제TV 주최로 열린 ‘세계 경제ㆍ금융 콘퍼런스’ 특별 기조연설과 이후 사공일 주요20개국(G20) 정상회의준비위원장과 가진 대담을 통해 이러한 견해를 밝혔다.,서구에서는 국가 부채를 해결하기 위해 세율을 올리고 재정적자를 메우고자 금리 인상을 단행할 가능성이 있다,0,0.7689353227615356,0.3786835670471191,3,76,2,0,False,False,True
['저출산 문제 해결 앞장서야'],"▶ [모닝이슈]이란 시위 격화…美 시위 부채질 ▶ 1월 취업자 33만1000명↑…실업률 3.8% ▶ [MK Poll] 전세대란 대안 진짜 없을까 ▶ 레이디 가가 ""나는 곡 쓸 때 대마초 피운다"" 폭탄 발언 ▶ 조하랑, 개미허리 속 탄탄복근 눈길 ""이 언니 대단해!"" [ⓒ 매일경제 & mk.co.kr, 무단전재 및 재배포 금지] MBA도 모바일로 공부한다.",국가적 저출산 문제 해결에 당장 우리부터 앞장서자,0,0.8837683200836182,0.591590166091919,4,69,2,0,False,False,True
['미국 구직포기자 늘어…성장잠재력 약화 우려'],31일 한국금융연구원은 '미국의 경제활동참가율 하락 추이와 사회안전망 프로그램 개선방향' 보고서에서 이같은 진단을 내놨다.,미국은 실업자가 구직을 포기하는 상황이 전개됐기 때문,1,0.6864145994186401,0.5699491500854492,5,44,3,1,False,False,True
"['수출·내수 균형, 경기회복세 지속']",무단전재 및 재배포 금지＞ 김상욱 (,최근 우리 경제는 민간소비 주도로 내수흐름이 강화되면서 수출과 내수와 균형속에 경기회복세를 지속하고 있다,0,0.7852753400802612,0.8853169083595276,4,7,2,0,False,False,True
"['MB정부, 질적 지표 개선에 주력을']",이명박 정부가 집권 후반기 성장잠재력 등 질적 경제지표 개선에 주력해야 한다는 지적이 나왔다.,정책 추진력이 약화되는 집권 4년차 신드롬에 유의하면서 경제 대통령으로서 평가받기 위해서는 일자리 창출 친 기업환경 조성 성장잠재력 제고 등 3가지 과제에 집중해야 한다,1,0.5434625148773193,0.6039502024650574,5,44,5,1,False,False,True
['美경제 최대 관건은 저축률 제고'],(서울=연합인포맥스) 이은율기자= 에드워드 그램리치 연방준비제도이사회(FRB) 이사는 미국이 해외 자금에 대한 의존도를 낮추기 위해서는 대규모 재정적자를 축소 하고 국내 저축을 활성화시켜야 될 것이라고 강조했다.,"다만 국내

저축이 부족하다는 점이 문제",1,0.6428329944610596,0.5075636506080627,5,48,3,1,False,False,True
['1인당 국민소득 2008년 2만弗'],"정부는 1인당 국민소득이 2008년 2만달러에 이른 뒤 2013년 3만달러, 2020년 전후 5만달러가 될 것으로 전망했다.",경기회복을 공고화하기 위한 참여정부 경제정책이 추진될 경우 2008년 전후 국민소득 2만달러를 달성해 선진경제로의 진입기반이 구축될 것으로 보인다,0,0.6595556139945984,0.6807763576507568,4,30,5,1,False,False,True
['제로금리 상당기간 유지'],워싱턴=김홍열 특파원,금융시장과 경제전망은 개선되고 있으나 경제 상황은 통화 완화정책을 계속 요구하고 있다,1,0.4269471764564514,0.8087685108184814,3,30,5,1,False,False,True
['올해 실업률 9% 넘는다'],[아시아경제 조민서 기자]올해 미국의 실업률이 9% 이상의 높은 수준을 유지할 것이란 전망이 나왔다.,올 연말까지 실업률이 9 퍼센트 를 웃돌게 될 것,0,0.9408907890319824,0.7869502902030945,4,36,2,0,False,False,True
['2분기 조정후 연말 1200간다'],미국 경기의 ‘소프트 패치’(경기가 회복되다 일시적으로 하강하는 국면) 진입 우려가 커지면서 한국 증시가 약세를 면치 못하는 상황에서 그가 향후 주가를 밝게 보는 이유는 크게 두가지.,향후 주가는 2분기 900 1050선의 박스권에서 조정을 거친 뒤 3분기부터 상승해 올해 안에 1200선까지 오를 것입니다 ,0,0.6835856437683105,0.27567058801651,4,83,3,1,False,False,True
['벤처기업 육성대책 강화'],"한덕수 부총리는 오늘(18일) 과천 정부청사에서 취임 후 첫 정례브리핑에서 이같이 말하고 ""시중의 풍부한 자금이 벤처에 많이 들어갈 수 있도록 자본 이전에 인센티브가 있다면 강화하겠다""고 강조했습니다.",시중의 풍부한 자금이 벤처에 많이 들어갈 수 있도록 자본 이전에 인센티브가 있다면 강화하겠다,1,0.6201932430267334,0.1736965477466583,3,59,2,0,False,False,True
['유동성의 힘으로 코스피 2200P까지 가능'],[내 삶을 바꾸는 정치뉴스 'the 300' 바로가기] [내 삶을 바꾸는 정치뉴스 'the 300' 바로가기] ['스페셜 걸' 포토] ['스페셜 걸' 포토] [손안의 경제뉴스 머니투데이 모바일웹] [손안의 경제뉴스 머니투데이 모바일웹] [Ten Lines News 티타임즈 ] [Ten Lines News 티타임즈 ] ['취업의 모든 것' 잡드림 ] ['취업의 모든 것' 잡드림 ] 정인지 기자,전세계적으로 증시가 상승하고 있어 올 상반기에 코스피지수가 2150 2200선까지는 오를 수 있을 것,0,0.5730423927307129,0.5002716183662415,5,83,5,1,False,False,True
['우리 경제 만만찮은 과제 안아..더 노력하겠다'],"더 노력하겠다""고 밝혔다.",우리 경제가 좋은 편이라고 하더라도 만만찮은 과제를 안고 있다는 것을 늘 기억한다 더 노력하겠다,0,0.8918426632881165,0.6606459617614746,6,44,5,1,False,False,True
['한국경제 총체적위기 아니다'],"기자)한덕수 경제부총리가 ""한국경제가 총체적 위기라는 일부 의견을 절대 받아들일 수 없다""고 강조했습니다.",한국경제가 총체적 위기라는 일부 의견을 절대 받아들일 수 없다,0,0.820347249507904,0.4232957363128662,3,40,1,0,False,False,True
['불황 시그널'],"강석구 대한상의 산업정책팀장은 ""기준치 100을 넘긴 업태가 온라인쇼핑 뿐이라는 점에서 민간소비의 최접점에 있는 유통업계에서 보내는 불황의 시그널이 심상치 않다""고 말했다.",기준치 100을 넘긴 업태가 온라인쇼핑 뿐이라는 점에서 민간소비의 최접점에 있는 유통업계에서 보내는 불황의 시그널이 심상치 않다,0,0.3186194896697998,0.2980416417121887,2,47,3,1,False,False,True
['형편 좀 나아지려나'],"한국은행 전북본부 관계자는 ""소비자 심리지수가 소폭이기는 하지만 조금 개선되는 모습이 나타났다""며 ""경기가 되살아나는 신호가 되기를 기대한다""고 말했다.",경기가 되살아나는 신호가 되기를 기대한다,1,0.6199151277542114,0.4261947870254516,3,31,5,1,False,False,True
['우리나라에선 노력해도 계층 상승 어렵다'],"개개인이 노력할 경우 계층 상승 가능성을 묻는 질문에 81%가 ""가능성이 작은 편""이라고 답했고 가능성이 크다고 답한 비율은 19%에 그쳤습니다.",가능성이 작은 편,1,0.4732529819011688,0.5490512847900391,5,62,2,0,False,False,True
"['Fed, 긴축할 때 되지 않았다']","피셔 총재는 13일(미국시각) 텍사스주 오데사에서 열린 한 연설에서 ""아직 그 지점에 도달하지 않았다.""라며 Fed의 저금리 기조에 변화를 줄 만한 여건이 아니라고 진단했다.",실업률이 낮아질 때까지 경제 회복을 도울 강한 소비를 기대할 수없을 것,0,0.512930691242218,0.4915850162506103,5,52,4,1,False,False,True
['정년 연장되면 신규채용 감소할 것'],"데일리안 이홍석 기자 ⓒ (주)데일리안 - 무단전재, 변형, 무단배포 금지",노동시장 구조개혁이 잘되면 기업의 신규채용도 늘 것,1,0.564647912979126,0.8144195079803467,5,28,4,1,False,False,True
['출구전략 너무 늦지도 빠르지도 않게'],【서울=뉴시스】류난영 기자 = 임종룡 기획재정부 제1차관은 13일 출구전략은 너무 늦지도 빠르지도 않게 신중하고 균형 있게 접근할 필요가 있다고 밝혔다.,다만 정부의 거시정책기조에 대한 정부 입장은 남유럽발 재정위기 등 경제 불확실성이 여전하고 민간부문의 경기회복 등이 확고하지 않아 지켜봐야 한다,1,0.4350156486034393,0.7715173959732056,5,29,1,0,False,False,True
['고용지표 좋다'],정명수 뉴욕특파원 (,영국의 금리 인상 가능성이 높아졌고 시장은 이를 주시하고 있다,1,0.259771466255188,0.8379355669021606,2,6,5,1,False,False,True
['9월 금리 인상 가능성 50% 넘는다'],"// flash 오류를 우회하기 위한 함수 추가 function _flash_removeCallback() {} 블러드 “지난 5년에 비해 경제 정상화 접근” “FOMC회동때마다 추가 금리인상 여부 검토해야” 블룸버그 “시장예상보다 금리인상 시기 빨라질것” 미국 연방은행장이 다음주 연방공개시장위원회, FOMC 회동을 앞두고 9월 금리 인상 가능성이 50%가 넘는다고 말했습니다.",시장예상보다 금리인상 시기 빨라질것,1,0.5783069133758545,0.6829907298088074,6,60,2,0,False,False,True
['하반기엔 경제회복과 일자리창출에 중점둬야'],(서울=연합뉴스) 이 율 기자 = 네티즌들은 하반기에 정부가 가장 중점을 둬야 할 경제정책 과제로 경제회복과 일자리창출을 꼽았다.,소득과 분배 구조 개선을 통한 본격적인 경기회복을 위해서는 지속적인 일자리창출이 무엇보다 필요하다,1,0.8624420762062073,0.8318978548049927,4,45,3,1,False,False,True
['그리스 위기 남유럽 확산 가능성 있다'],"LG경제연구원은 6일 ""그리스의 재정위기가 다른 남유럽 국가들로 확산할 가능성이 있다""며 이는 유럽의 구조적 문제에서 비롯됐다고 진단했다.",그리스의 재정위기가 다른 남유럽 국가들로 확산할 가능성이 있다,0,0.915690541267395,0.7939891219139099,6,48,0,0,True,False,False
"['韓, 기준금리 정상화해야']","[이데일리TV 손석우 기자] 경제협력개발기구, OECD가 우리나라에 기준금리 인상의 필요성을 제기했습니다.OECD는 오늘 발표한 `한국보고서`에서 ""민간의 고용확대와 실업률 하락 등으로 물가상승 압력이 점차 커질 것""이라며 ""인플레이션을 억제하기 위해서는 기준금리 정상화를 시작하는 게 중요하다""고 밝혔습니다.재정에 있어서는 경기부양책을 점진적으로 중단하면서 지출 감축을 위한 추가 조치들을 검토해야 한다고 지적했습니다.OECD는 특히 공기업 부채가 빠른 속도로 늘어난 점을 지적하며 공기업 부채가 재정부담으로 연결되지 않도록 재무관리를 강화할 필요가 있다고 덧붙였습니다.▶ 이데일리ON, 문자로 시세,추천,진단,상담정보 - #2200▶ 이데일리 모바일ㆍ실시간 해외지수/SMS ▶ 가장 빠른 글로벌 경제뉴스ㆍ금융정보 터미널, 이데일리 MARKETPOINT＜ⓒ종합 경제정보 미디어 이데일리 - 무단전재&재배포 금지＞＜안방에서 만나는 가장 빠른 경제뉴스ㆍ돈이 되는 재테크정보 - 이데일리TV＞ 손석우 (sukwoo79@)",인플레이션을 억제하기 위해서는 기준금리 정상화를 시작하는 게 중요하다,0,0.6613980531692505,0.6019487977027893,3,94,0,0,True,False,False
"['고용, 훨씬 좋아졌다']","이 점을 미뤄보면 수출과 투자, 소비 호조 속에 부진했던 고용도 살아나는 등 빠른경기 회복세로 기준금리 인상 여건이 성숙하고 있다는 뜻으로 풀이된다.",건설은 아직 약간 부진하지만 고용은 특히 민간 부문을 통해 많이 회복할 정도로 4월 고용지표가 예상보다 훨씬 좋아졌다,0,0.6148264408111572,0.4343736171722412,3,63,2,0,False,False,True
['거시정책 전반 봐가며 출구전략 시행'],윤증현 기획재정부 장관이 2일 오전 서울 강남구 삼성동 그랜드인터컨티넨탈호텔에서 열린 고려대 경제인회 조찬 세미나에서 강연 도중 활짝 웃고 있다.,출구전략과 관련해 덧붙이면 재정 통화 금융 등 거시정책 전반을 아울러 보아야 한다,0,0.797278642654419,0.5731720924377441,5,34,2,0,False,False,True
['올 상반기 취업도 자신없다'],사람인에이치알이 운영하는 구인구직 매칭 플랫폼 사람인은 구직자 259명을 대상으로 '올해 상반기 취업에 자신 있는지 여부'를 조사한 결과 이같이 나타났다고 5일 밝혔다.,울해 상반기에 취업할 자신이 없다,0,0.7460615634918213,0.3926678299903869,4,34,1,0,False,False,True
['외환보유액 민간활용 검토'],박승 한국은행 총재는 20일 한은에서 열린 10개 은행 대표들과의 금융협의회에서 최근 GM 사태로 외화자금 조달이 어려워 한은의 보유외환을 활용하게 해 달라는 은행장들의 건의에 이같이 답했다.,다만 은행별로는 일부 특수은행의 경우 대출이 비교적 큰 폭으로 늘어나고 있는 한편 시중은행에서는 신장세가 뚜렷하지 않다,1,0.4402564167976379,0.4871717095375061,3,68,5,1,False,False,True
['美 기업 고용에 소극적'],고수들의 특급 주식방송 AsiaeTV.com [주식투자대회] 고수20人 매매내역 실시간 공개!,지난 글로벌 금융위기에 질겁한 미국 기업들이 여전히 고용에 대해서 신중한 태도를 유지하고 있다,0,0.6624075174331665,0.7992256879806519,4,29,5,1,False,False,True
['그렉시트땐 그리스 GDP 4년간 20% 하락'],S&P는 옥스퍼드이코노믹스와 함께 실시한 분석 결과 그렉시트 이후 4년간 그리스 국내총생산(GDP)이 20% 하락할 것으로 예상했다.,새롭게 도입되는 그리스 통화는 유로화보다 가치가 크게 떨어질 것이기 때문에 유로화로 환산한 그리스 부채는 지금보다 훨씬 늘어나게 된다,1,0.6110350489616394,0.776512622833252,6,59,3,1,False,False,True
['美 고용지표 전망치 부합…연내 금리 인상 가능성 커져'],"김두언 연구원은 ""미국 고용시장이 견고한 회복세를 보이고 있어 연내 미국 금리 인상 가능성이 더욱 높아졌다""고 판단했다.",미국 고용시장이 견고한 회복세를 보이고 있어 연내 미국 금리 인상 가능성이 더욱 높아졌다,1,0.8477632403373718,0.8108060359954834,8,44,3,1,False,False,True
"['4월 고용지표, 9월 금리인상에 청신호']",8일(현지시간) 마켓워치에 따르면 칼 타넨바움 노던 트러스트 수석 이코노미스트는 “4월 고용보고서 결과는 6월 기준금리 인상보다는 9월 인상에 초점을 맞추게 할 것으로 생각한다”고 말했다.,4월 고용보고서 결과는 6월 기준금리 인상보다는 9월 인상에 초점을 맞추게 할 것으로 생각한다,0,0.7726904153823853,0.4510329365730285,5,72,4,1,False,False,True
['노동 시장 지속 개선세'],[뉴욕=송현 통신원 songhyun@chosunbiz.com ] [뉴욕=송현 통신원 songhyun@chosunbiz.com,고용 건수가 견고하게 증가하고 있으며 실업률도 하락하는 등 노동 시장이 지속적으로 개선되고 있다,0,0.7652260065078735,0.5996374487876892,4,29,1,0,False,False,True
['고유가보다 환율절상이 더 걱정'],"한부총리 ""수출기업 타격"" 한덕수 경제부총리 겸 재정경제부 장관은 17일 ""우리 경제가 배럴당 51달러 수준으로 올라간 유가인상의 충격을 생각보다 잘 견디고 있다""면서 ""오히려 환율절상이 기업의 수출에 있어 매출증가율이나 경상이익률에 영향을 주는 게 더 크다""고 밝혔다.",오히려 환율절상이 기업의 수출에 있어 매출증가율이나 경상이익률에 영향을 주는 게 더 크다,0,0.6347071528434753,0.5780329704284668,4,53,1,0,False,False,True
['체감경기 개선 시간 필요'],(서울=연합뉴스) 경수현기자 = 재정경제부는 4일 교역조건 악화와 경제 양극화 등 구조적 요인으로 인해 내수지표의 개선이 체감경기 개선으로 이어지는데는 시간이 걸릴 것으로 예상했다.,올 하반기 우리 경제는 대외 불안 요인이 있기는 하지만 내수를 중심으로 성장세가 확대돼 점차 잠재 수준에 근접한 회복을 보일 것,1,0.4998009204864502,0.356694757938385,4,49,3,1,False,False,True
['원화변동 불구 한국경제 영향↓'],특징주!' ▶ (머니마켓) '한발 빠른 모바일 종목' 체험 접수 중 신희은기자 gorgon@,제조업 실적 개선과 가동률 및 수출 증가 소비심리 개선과 점진적인 실업률 하락 등이 성장률을 뒷받침할 것,0,0.4014343619346618,0.8728481531143188,4,23,4,1,False,False,True
"['韓경제, 반도체 업황 부진 등 하방리스크 확대']",▶ 조세일보 홈페이지 조세일보 홈페이지 / 정회원 가입 정회원 가입 ▶ 조세일보 네이버 뉴스스탠드 구독(종합/경제) 조세일보 네이버 뉴스스탠드 구독(종합/경제) 강상엽(,세계 경제 성장세 둔화 반도체 업황 부진 등 대외여건 악화에 따른 하방리스크가 확대되는 상황,0,0.7518064975738525,0.7681677937507629,7,40,2,0,False,False,True
['경기 회복세 미흡..하방리스크 존재'],"한국은행은 17일 국회 업무보고에서 “수출은 중국 성장세 둔화, 주요국 통화의 약세에 따른 국내기업의 가격경쟁력 저하 등으로 감소세가 지속되고 있다”고 밝혔다.",앞으로 국내 경기는 점차 회복되는 모습을 보이겠으나 내수 흐름의 불확실성 증대 수출여건의 개선 지연 등 하방리스크 요인이 잠재한다,0,0.637908935546875,0.2245854437351226,4,65,2,0,False,False,True
['중개업법 통과안되도 실가과세'],"한 부총리는 오늘(13일) 정례브리핑을 갖고 ""중개업법이 통과되지 않을 경우 행정적비용이 더 들겠지만 제도는 시행하겠다""면서 ""양도세 실가과세는 새로운 제도를 창출하는 것이 아니라 과표를 합리화는 것인 만큼 국회도 협조해 줄 것으로 믿는다""고 설명했습니다.",중개업법이 통과되지 않을 경우 행정적비용이 더 들겠지만 제도는 시행하겠다,0,0.7241965532302856,0.6490654945373535,3,70,2,0,False,False,True
['중개업법 통과 안돼도 실가과세 추진'],무단 전재-재배포 금지] 이은종,양도세 실가과세는 새로운 제도를 창출하는 것이 아니라 과표를 합리화하고 개선하는 것인 만큼 국회가 협조해줄 것으로 본다,1,0.6783654093742371,0.6089006662368774,5,11,4,1,False,False,True
['적극 소비할 정도로 생활형편 개선 안됐다'],"김 상무는 ""즉 소비의지를 적극적으로 표출할 정도로 생활형편이 개선되지 않았 다""고 판단하고""근본적으로 실업률의 개선정도가 낮아 소비회복에 한계가 있다 ""고 주장했다.","즉 소비의지를 적극적으로 표출할 정도로 생활형편이 개선되지 않았

다",0,0.9208136796951294,0.675590455532074,6,76,3,1,False,False,True
['한국 IT 수출 확대 기대'],// flash 오류를 우회하기 위한 함수 추가 function _flash_removeCallback() {} 【서울=뉴시스】심동준 기자 = 하나대투증권은 미국 청년세대의 고용 환경 개선으로 이들의 IT제품 소비 증가에 따른 한국 IT 업계 수혜가 기대된다고 26일 밝혔다.,미국 소비 경기의 영향을 크게 받는 국내 업종의 매출 전망치도 상향 조정될 것으로 예상한다,0,0.4438052773475647,0.3419288396835327,5,59,3,1,False,False,True
['美 고용지표 견조한 흐름‥9월 기준금리 인상 가능성↑'],"조병현 유안타 증권 연구원은 ""고용지표의 회복세와 연준 주요 인사들의 매파적 발언이 기준금리 인상 전망을 강화시키는 요인""이라며 ""9월 기준금리 인상 가능성은 50%를 넘어섰다""고 밝혔습니다.",고용지표의 회복세와 연준 주요 인사들의 매파적 발언이 기준금리 인상 전망을 강화시키는 요인,1,0.7941854596138,0.4934834539890289,7,70,0,0,False,True,False
['경기 개선흐름 강화..잠재수준 근접할 것'],이데일리ⓒ 1등 경제정보 멀티미디어.,다만 교역조건 악화로 소득 개선이 미흡하고 경제 양극화 등 구조적 요인으로 체감경기 개선으로 연결되는 데에는 어느 정도 시일이 소요될 것,0,0.7775540947914124,0.5534446239471436,5,23,4,1,False,False,True
['8월 기준금리 인상해도 시장금리 하락'],"그는 ""8월에 금리가 인상되면 통화정책의 불확실성 해소 차원에서, 동결되면 안도감으로 시장금리는 하락할 것""이라며 ""8월 금통위를 앞두고 나타난 불확실성을 경기 흐름에 민감한 중장기채권의 저가매수 기회로 활용해야 한다""고 권고했다.",8월에 금리가 인상되면 통화정책의 불확실성 해소 차원에서 동결되면 안도감으로 시장금리는 하락할 것,0,0.8900759220123291,0.7689670324325562,5,65,5,1,False,False,True
['뾰족한 대책 없어'],"이 신문은 벤 버냉키 미 연방 준비제도이사회(FRB) 의장이 최근 ""미국의 경기가 예상했던 것보다 좋지 않다""고 말한 사실을 언급하면서 ""여러 경제지표가 더블딥을 의미하고 있지만 정부는 이렇다 할 대책을 마련하지 못하고 있다""고 전했다.",여러 경제지표가 더블딥을 의미하고 있지만 정부는 이렇다 할 대책을 마련하지 못하고 있다,0,0.4853516817092895,0.3577051162719726,3,74,2,0,False,False,True
['불황 대비 선제투자'],"© News1 (서울=뉴스1) 심언기 기자 = 시몬스침대는 지난해 매출액 1972억원, 영업이익 116억원을 기록했다고 29일 밝혔다.",대리점 지원 주 52시간제 선제적 대응 연구개발 투자 본사 직배송 시스템 도입 등 불황에 살아남기 위한 체질개선에 돌입했다,0,0.4658821225166321,0.8194266557693481,3,35,3,1,False,False,True
['韓銀 설립목적에 고용안정도 포함'],"[노영우 기자] [ⓒ 매일경제 & mk.co.kr, 무단전재 및 재배포 금지]",최근 저물가 상황에서는 고용안정 등 실물경제를 고려해 통화정책을 펴야 한다,1,0.4954275786876678,0.7802255153656006,4,28,4,1,False,False,True
['하반기 땅값 상승률 2% 예상'],[서울신문]하반기에도 개발지역을 중심으로 땅값이 상승세를 띨 것으로 전망됐다.,하반기 토지 시장은 상반기에 이어 개발지역 중심의 국지적인 가격 상승 추세가 지속될 것,1,0.6816040277481079,0.7224339246749878,5,30,6,1,True,False,False
['소규모 기업에 대출 늘려야'],버냉키 의장은 신용경색을 완화할 필요가 있다며 신용점수가 높은 소규모 기업들에 대한 대출을 늘림으로써 경제회복에도 도움이 될 것이라고 밝혔다.,차용자들은 금융위기 이후 강화된 조건으로 대출을 거절 당하고 있으며 대출자들은 수요가 줄고 있는 것으로 고민하고 있다,1,0.556910514831543,0.7648216485977173,4,45,2,0,False,False,True
['고용이 美에 가장 중요한 문제'],[증권방송오픈] 제대로된 기법전수!,고용 문제는 지금 우리에게 가장 중요한 문제,0,0.8778496980667114,0.7489018440246582,5,26,3,1,False,False,True
"['메르스 사태, 선제적으로 대응 바람직…동결 의견은 1명']",한은은 앞서 배포한 6월 통화정책방향에서 “수출 감소세가 확대되고 회복세를 보이던 소비도 메르스(MERSㆍ중동호흡기증후군) 사태가 발생하면서 위축되는 모습을 나타냈다.,메르스 사태 추이 파급영향이 아직 불확실하긴 하지만 경제주체 심리 실물 경제에 미치는 부정적 영향 미리 완화하기 위해 선제적으로 대응하는 것이 바람직하다고 판단했다,0,0.5529404878616333,0.3316903710365295,7,55,3,1,False,False,True
['작년 고용률↓·실업률↑…일자리 양적·질적 부진'],"한국경제연구원(이하 한경연)은 2일 지난해 고용시장 특징을 40·50대 및 고졸 고용률 감소, 취업자수는 감소한 반면 실업자는 늘었다고 분석했다.",일자리 상황이 지난해 양적인 측면 외에 질적인 측면에서도 부진했던 것으로 보인다,0,0.7518972754478455,0.3758853077888489,4,46,1,0,False,False,True
"['취업자, 8월에도 30만명 이상 늘 것']",【서울=뉴시스】류난영 기자 = 정부는 8월에도 민간부문을 중심으로 30만명 후반대의 취업자 증가세가 지속될 것으로 내다봤다.,경기 개선을 반영해 민간부문 취업자가 2002년 4월 이후 최대 폭으로 증가했다,1,0.5349017381668091,0.4688110947608948,6,34,4,1,False,False,True
"['3월 중소제조업 생산, 전월보다 소폭하락']","다만, 설 연휴가 있었던 2월에 비해 조업 일수가 많아 가동률과 수주 지표는 다소 개선됐다.",중소제조업 생산 하락폭이 다소 완화되었고 경영여건도 전월대비 호전되는 모습을 보이고 있어 조만간 중소기업의 경기 회복 신호가 나타날 것으로 기대한다,0,0.658225953578949,0.1713742315769195,5,39,6,1,False,True,False
['美 실업문제 해결 못하면 더블딥 빠질 것'],[증권방송오픈] 제대로된 기법전수!,미 정부가 실업률 해결을 위한 어떤 조치를 취하지 않는다면 더블딥에 빠질 가능성이 높다,0,0.8540058135986328,0.6992117762565613,7,32,3,1,False,False,True
['팔자'],"이 기간에 기관은 2조36억원, 외국인이 2400억원의 순매수를 나타냈다.",개인 매도는 일시적인 현상이 아니라 지난 2003년 3월 이후 이날까지 17조원을 팔아치우고 있다,1,0.175947368144989,0.3283206224441528,1,42,6,1,True,False,False
['일본경제 견조한 회복세'],"[edaily 조용만기자] 다니가키 사다카즈 일본 재무상은 31일 ""일본 경제는 점진적으로 회복돼 가고 있다""고 말했다.",일본 경제는 점진적으로 회복돼 가고 있다,0,0.9215289950370787,0.4440711736679077,3,32,3,1,False,False,True
"['부동산 투기, 경기안정 훼손 우려']","박승 한국은행 총재는 9일 금통위 정례회의후 가진 기자간담회에서 ""금통위는 서울 일부 지역을 중심으로 한 부동산 투기조짐이 경제안정을 훼손할 우려가 커 향후 추이를 지켜보기로 했다""며 부동산 가격 상승에 대해 우려를 표시했습니다.",금통위는 서울 일부 지역을 중심으로 한 부동산 투기조짐이 경제안정을 훼손할 우려가 커 향후 추이를 지켜보기로 했다,0,0.80733722448349,0.5455163717269897,5,43,5,1,False,False,True
['청년 4명 가운데 1명 사실상 백수'],[MBN리치 전문가방송 - 순도100% 황금종목 발굴],구직자들은 교육 수준이 높아지면서 좋은 일자리에만 사람들이 많이 몰리고 본인들은 눈높이 조정을 잘하지 않고 있습니다 ,1,0.3633342385292053,0.8185845613479614,6,8,4,1,False,False,True
['미국 고용지표 개선중…9월 전후 금리인상'],"곽 연구원은 ""시간당 임금 상승률은 정체를 보이고 있지만 ECI는 1분기에 전년 대비 2.6% 올라 금융위기 이후 최고 상승률을 보였다""며 ""미국 고용 시장의 수급이 빠듯하다는 의미""라고 설명했습니다.",실업률과 유사한 흐름을 보이는 신규실업수당청구건수는 2000년 4월 이후 최저를 기록했고 종합 임금 지표인 고용비용지수 는 1분기에 작년 동기보다 2 6 퍼센트 올라 금융위기 이후 최고 상승률을 보였다,0,0.7164603471755981,0.6205228567123413,5,90,2,0,False,False,True
"[""美 건설 회복세 '고무적'…금리 인상 후 추세 유효""]",이민하 한경닷컴 기자 minari@hankyung.com,그러나 첫 금라 인상 이후 추가 인상은 점진적이고 완화적일 것을 감안하면 주택 경기의 추세는 유효하다,1,0.7093698978424072,0.4345768392086029,8,41,2,0,False,False,True
['청년 일자리 10만개 만들자'],13일(현지시간) CNN에 따르면 스타벅스·월마트·마이크로소프트·JP모건체이스·힐턴 등 17개 미국 대기업들은 학교를 갓 졸업한 10대들과 일자리를 찾는 데 어려움을 겪는 청년층에게 오는 2018년까지 10만개의 일자리를 제공하는 채용 프로그램을 이날 발표했다.,일회성 자금지원보다 기업들의 채용이 청년층에게 더 도움이 된다,1,0.6034879088401794,0.4911684095859527,4,70,4,1,False,False,True
['3분기도 시원찮네'],“올 들어 계속 상승세를 타던 매출이 최근 들어 떨어지고 있습니다.” 21일 롯데백화점 서울 소공동 본점 의류매장에서 만난 이정미(28)씨는 최근의 매장 분위기를 이같이 설명했다.,내수회복에 보다 더 정책역량을 집중해 위축된 소비심리를 견인해야 한다,1,0.1870687305927276,0.3657692372798919,2,34,6,1,True,False,False
"['베트남, 노동인구 과잉으로 실업문제 직면']",(하노이=연합뉴스) 김선한 특파원 = 베트남은 풍부한 노동인구를 갖고 있지만 이로 인해 실업률 증가 등 경제에 큰 부담이 된다고 29일 발간된 베트남 영문 경제 주간지 베트남 인베스트먼트 리뷰(VIR) 최신호가 보도했다.,그러나 노동인구의 과잉으로 인해 베트남은 일자리 창출과 이에 따른 실업난 또는 구직난에 처할 수 있다,0,0.8948105573654175,0.8281421661376953,5,53,5,1,False,False,True
"['2월 숙박·음식업 취업자 증가, 의미있는 변화']","홍 부총리는 이날 여의도 수출입은행에서 열린 제10차 경제활력대책회의 모두발언에서 ""2월 고용지표를 전체적으로 보면 13개월 만에 취업자가 20만명대로 회복된 점은 다행스러운 점""이라며 이같이 밝혔다.",그동안 계속 감소하던 숙박 음식업 취업자가 소폭이나마 21개월 만에 증가로 전환한 것은 의미있는 변화,0,0.8036534190177917,0.558688759803772,6,105,1,0,False,False,True
"['제조업체,3분기에도 경기 호조 이어질 것']",국내 제조업체들은 3·4분기에도 경기 호조세가 이어질 것으로 내다봤다.29일 지식경제부와 산업연구원이 제조업체를 대상으로 조사한 제조업 경기실사지수(BSI) 발표결과에 따르면 올해 3·4분기 경기전망치가 113을 기록해 기준치(100)를 상회한 것으로 나타났다.,조선을 제외한 대부분의 업종에서 매출 실적 개선세가 지속될 것으로 예상된다,1,0.7160490155220032,0.0741406083106994,5,30,1,0,False,False,True
['美 연방 재정적자 소폭 줄듯'],CBO의 더글러스 엘먼도프 국장은 “미국은 심각한 재정적자 문제와 심각한 경제적 문제에 직면하고 있다”면서 “높은 실업률과 더딘 성장세로 당분간 어려운 시기가 예상된다”고 우려했다.,미국은 심각한 재정적자 문제와 심각한 경제적 문제에 직면하고 있다,1,0.6048045754432678,0.2808592319488525,5,47,4,1,False,False,True
['재정위기 불확실성 상존..박스권 등락'],"김 연구원은 ""유럽 노동계의 파업 움직임과 세수 확대에 따른 소비 둔화 문제가 예고되고 있다""며 ""재정 위기 문제는 당분간 변동성을 자극하는 불확실성으로 상존할 가능성이 높다""고 강조했다.▶ 이데일리ON, 문자로 시세,추천,진단,상담정보 - #2200▶ 이데일리 모바일ㆍ실시간 해외지수/SMS ▶ 가장 빠른 글로벌 경제뉴스ㆍ금융정보 터미널, 이데일리 MARKETPOINT＜ⓒ종합 경제정보 미디어 이데일리 - 무단전재&재배포 금지＞＜안방에서 만나는 가장 빠른 경제뉴스ㆍ돈이 되는 재테크정보 - 이데일리TV＞ 장영은 (bluerain@)",재정 위기 문제는 당분간 변동성을 자극하는 불확실성으로 상존할 가능성이 높다,0,0.7649894952774048,0.357013463973999,4,77,1,0,False,False,True
['바리스타 500명 뽑습니다'],또 한국장애인고용공단과 함께 장애인 바리스타 신규 채용도 함께 진행한다.,경기 불황이 장기화되고 청년실업률이 지속적으로 증가하는 가운데 청년실업을 해소하고자 이번 공채를 진행한다,1,0.2027860581874847,0.2910341620445251,3,41,3,1,False,False,True
['기업들 설비투자 회복 뚜렷'],"산은의 이석범 부부장은 ""경기회복에 대해서는 평가하기 이르지만 시설자금 대출이 그간의 경험으로 볼 때 확실히 빠르게 나가는 것은 사실""이라면서 ""다른 은행과 거래하는 은행들의 설비투자도 비슷한 수준으로 늘어나는 것 같다""고 설명했다.",다른 은행과 거래하는 은행들의 설비투자도 비슷한 수준으로 늘어나는 것 같다,0,0.5340547561645508,0.2585991621017456,4,68,3,1,False,False,True
['하반기 수도권 주택 매매가 1.6% 상승'],건산연은 30일 서울 강남 논현동 건설회관 2층 대회의실에서 '2014년 하반기 건설·부동산 경기전망 세미나'를 개최한 가운데 이같이 밝혔습니다.,하반기 서울 강남권 재건축 시장에서 다수의 멸실이 발생하고 분양도 예정되어 있어 전세불안과 매매시장 호조세가 동시에 나타날 가능성이 높다,1,0.4493120014667511,0.5684770345687866,6,51,3,1,False,False,True
['유럽위기-美긴축 경제 역풍'],"[관련기사] ☞ 영국-프랑스, EU 은행세에 '반기' ☞ EU, 은행 선행세로 구제기금 조성 ☞ EU '재정불량국 강력 제재' ☞ 美 기업신용리스크, 유럽 재정위기로 급등 ☞ 美, 올해 파산 은행 78개..작년比 2배↑ ☞ 美 원전건설 의욕은 넘치지만… [아시아경제 증권방송] - 무료로 종목 상담 받아보세요 조해수 기자 chs900@",그러나 여전히 미국 경제에는 취약점이 있다,1,0.4639548063278198,0.3928757607936859,3,61,4,1,False,False,True
['中企 제조업·수출 부진…고용은 큰 폭 개선'],"연구원은 ""잠재성장률 저하, 가계부채 증가 등이 한국경제의 불안 요인으로 부각되는 상황에서 최근 북한 비핵화 향방의 불확실성이 확대되고, 대외 리스크도 여전히 남아 있어 변동성 위험에 유의할 필요가 있다""고 지적했습니다.",잠재성장률 저하 가계부채 증가 등이 한국경제의 불안 요인으로 부각되는 상황에서 최근 북한 비핵화 향방의 불확실성이 확대되고 대외 리스크도 여전히 남아 있어 변동성 위험에 유의할 필요가 있다,1,0.289948970079422,0.2934581339359283,6,39,4,1,False,False,True
['경기회복 혜택 모든 계층이 누려야'],"(서울=연합인포맥스) 임승규 기자 = 윤증현 기획재정부 장관은 28일 ""경기회복 의 혜택을 모든 계층이 고루 누리도록 하는 것이 과제다""며 ""이를 위해 전 부처가 역량을 모아야 할 것""이라고 밝혔다.",경기회복 의 혜택을 모든 계층이 고루 누리도록 하는 것이 과제다,0,0.9220293760299684,0.7182958126068115,5,49,1,0,False,False,True
['中 위안화 재평가 하지 않으면 매우 심각한 위기 초래'],(서울=연합인포맥스) 박승영기자= 앨런 그린스펀 연방준비제도이사회(FRB) 의장 은 중국이 위안화를 평가절상하지 않으면 경제에 '매우 심각한' 위기를 초래할 것이 라고 경고했다.,"중국이 위안화를 재평가해야 한다는 공감대는 중국 내에서 이미 형

성돼 있는 것으로 본다",1,0.6494307518005371,0.6147390604019165,9,48,4,1,False,False,True
"['상생, 모두 힘 합쳐야']","“유스올림픽 성과 괜찮아” 【김포공항=뉴시스】박종민·김정남 기자 = 이건희 삼성전자 회장은 최근 전 사회적인 화두로 떠오르고 있는 상생에 대해 “윗사람, 아랫사람이 힘을 합쳐야 한다”며 “똑같이 노력해야 한다”고 23일 말했다.",윗사람 아랫사람이 힘을 합쳐야 한다,0,0.7584942579269409,0.6995091438293457,4,53,3,1,False,False,True
['美경제 강해졌다'],뉴욕=하영춘 특파원·김선태 기자,"감세 정책과 근로자

 및 기업인들의 노력으로 미 경제는 몰라보게 강해졌으며 더욱 강해지고 있다",0,0.8573200702667236,0.7857206463813782,2,19,1,0,False,False,True
['5월 가정의 달 특수도 실종'],"한경연은 ""경기 부진에 대한 불안감이 기업 심리에 부정적인 영향을 미쳤다""며 ""세계 경제와 한국 경제의 성장률 전망치가 잇따라 하향 조정되면서 기업의 심리 개선이 이뤄지지 않고 있다""고 설명했습니다.",세계 경제와 한국 경제의 성장률 전망치가 잇따라 하향 조정되면서 기업의 심리 개선이 이뤄지지 않고 있다,1,0.1811783760786056,0.2439755648374557,5,39,6,1,True,False,False
['한국 경제 진바닥 안지났다'],이데일리ⓒ 1등 경제정보 멀티미디어.,한국 경제는 아직 진짜 바닥에 도달하지 않았다,0,0.7339807152748108,0.6291049122810364,4,24,1,0,False,False,True
"['美, 정책금리인상 지연 불가피']",(서울=연합뉴스) 윤선희 기자 = 미국의 출구전략 시행 시기가 늦어지면서 미 국채금리가 하락하고 글로벌 달러화는 약세를 보일 것이라는 전망이 나왔다.,미 연준이 미국경제 둔화 우려에 대응해 추가 완화정책을 취할 가능성은 커진 반면 정책금리 인상 시기는 지연될 것으로 보인다,0,0.8587998151779175,0.5037814974784851,4,49,4,1,False,False,True
['부동산 투기 심각 ...참고 있다'],임동수 기자가 전해드리겠습니다., 부동산 문제는 대단히 심각한 문제다 어떤 방법을 써서라도 막아야 한다 한국은행이 부동산 문제에 개입하게 되면 경제전체가 어려워질 수 있기 때문에 당장 개입은 하지 않겠지만 인내하고 있다,0,0.6415280103683472,0.7190537452697754,5,23,6,1,False,True,False
['거시정책기조 점진적 정상화'],【서울=뉴시스】류난영 기자 = 정부가 거시정책기조를 점진적으로 정상화하고 하반기부터는 금융위기 당시 취해진 한시적 조치도 정상화하기로 했다.,6월에 종료되는 한시적 조치는 정상화를 기반으로 하지만 희망근로 등은 일부 예산이 남아 8월까지 지속할 것,1,0.5315334796905518,0.4363191723823547,3,31,3,1,False,False,True
['남유럽.북한리스크 흡수되는 단계'],(서울=연합뉴스) 심재훈 기자 = 정부는 남유럽발 충격과 천안함 사태로 촉발된 북한 리스크가 시장에서 흡수되는 단계에 접어든 것으로 27일 판단했다.,대북 리스크와 남유럽발 충격 등 우리와 관련된 위험 요인은 며칠 동안 시장에 이미 어느 정도 반영됐다고 본다,0,0.5940614342689514,0.6256579160690308,3,60,5,1,False,False,True
['美 경제 회복 모멘텀 상실'],[증권방송오픈] 제대로된 기법전수!,높은 실업률과 부진한 경제성장 등은 미국 경제가 회복 모멘텀을 상실하도록 만들고 있는 원인,0,0.8734920024871826,0.882254958152771,5,24,3,1,False,False,True
['금리인상 긍정적..남은 과제는 폭과 속도'],"(서울=연합인포맥스) 임승규 기자 = 윤증현 기획재정부 장관은 14일 ""시장에서도한국은행의 금리인상에 대해 긍정적으로 평가하고 있으며 이제 남은 과제는 인상의폭과 속도가 될 것""이라고 밝혔다.",시장에서도한국은행의 금리인상에 대해 긍정적으로 평가하고 있으며 이제 남은 과제는 인상의폭과 속도가 될 것,0,0.7287419438362122,0.7454915642738342,5,46,0,0,True,False,False
"['러시아 시장, 완연한 회복세']",내수 성장과 글로벌 원자재 수요 증가 영향 【서울=뉴시스】이국현 기자 = 남유럽발 재정위기로 잠시 주춤했던 러시아 시장이 상승세를 이어나갈 것이라는 전망이 나왔다.,남유럽 위기에도 불구하고 최근 러시아 경제가 지난 해의 침체에서 빠른 속도로 회복하고 있다,0,0.8054460287094116,0.3129458725452423,4,44,1,0,False,False,True
"['숙박·음식업 취업자 증가, 의미 있는 변화']","홍 부총리는 ""노동시장의 활기를 보여주는 경제활동 참가율이 상승하면서 실업률과 고용률이 동반 상승하는 모습을 보이고 있다""고 평가했습니다.",그동안 계속 감소하던 숙박 음식업 취업자가 소폭이나마 21개월 만에 증가로 전환한 것은 의미 있는 변화,0,0.8317170739173889,0.5771065950393677,6,51,2,0,False,False,True
['VIP 오세요'],신한은행은 오는 21일까지 VIP 등 부자 고객을 대상으로 일본 닛케이225 지수 에 연동하는 신탁상품인 '톱스 재팬(Tops JAPAN) 지수연동 파생상품 투자신탁' 을 판매한다.,"최근 일본 경제는 설비투자 활성화 실업률 감소 등 경제지

표 호조와 2분기 단칸지수 기업 단기경제 관측조사 플러스 전환 등 경기 회복

에 대한 기대감이 높아지고 있다",1,0.0154402367770671,0.3352439403533935,2,49,6,1,True,False,False
['미국경제 성장세 견고'],워싱턴=박완규 특파원,우리의 전망은 미국 경제가 지속적으로 성장하고 인플레이션 압력은 억제된다는 것,0,0.7941097021102905,0.6919185519218445,3,27,3,1,False,False,True
['정년 연장으로 청년실업 심화 우려'],"이 총재는 22일 서울 소공동 한은 본관에서 열린 금융협의회에서 ""내년부터 60세 정년 정책이 시행되면 향후 2~3년간 청년 실업 문제가 심각해질 수 있다는 우려가 많다""고 밝혔다.",내년부터 60세 정년 정책이 시행되면 향후 2 3년간 청년 실업 문제가 심각해질 수 있다는 우려가 많다,0,0.8528323173522949,0.4480957090854645,5,75,1,0,False,False,True
['민간소비 회복 확대 예상'],이데일리ⓒ 1등 경제정보 멀티미디어.,향후 경기회복 관건이라 할 수 있는 민간소비 경우 그간 부진에서 벗어나 점차 회복세가 확대될 것으로 본다,0,0.8419187664985657,0.670829176902771,4,22,0,0,True,False,False
['최저임금 동결해야'],"소상공인단체 ""소상공인 다 죽이는 최저임금 동결하라!"" ""맞교대로 버티는데 범법자가 웬말이냐!"" 소상공인관련 27개 단체가 내년 최저임금을 올해 수준으로 동결해야 한다고 목소리를 높였습니다.",소상공인 다 죽이는 최저임금 동결하라!,0,0.6998506784439087,0.5345519781112671,2,31,3,1,False,False,True
['美 경제 추가부양책 필요'],[증권방송오픈] 제대로된 기법전수!,미국 경제 회복세가 빈혈 증세를 나타내고 있으며 정부가 지금까지와는 다른 종류의 잘 다듬어진 추가부양책에 나서야할 필요가 있다,0,0.719650149345398,0.9001306295394897,4,42,2,0,False,False,True
['외화보유액 민간활용 검토'],"금융협의회에는 강정원 국민은행장, 황영기 우리은행장, 김종열 하나은행장, 웨커 외환은행장, 최동수 조흥은행장, 하영구 시티은행장, 강권석 기업은행장, 이지묵 농협 신용 대표, 장병구 수협 신용대표, 김진호 수출입은행 전무 등이 참석했다.",외환보유액의 민간활용방안을 중장기 과제로 검토하겠다,0,0.8902562856674194,0.5369014143943787,3,41,5,1,False,False,True
['올해 5.9% 성장…금리 지금 올려야'],【 앵커멘트 】 우리 경제가 올해 5.9% 까지 성장할 것이라는 전망이 나왔습니다.,우리 경제 성장세도 당분간 지속될 것으로 전망됩니다 2010년도에는 5 9 퍼센트 성장률을 기록할 것으로 예상됩니다 ,1,0.6773931980133057,0.7571642994880676,5,18,5,1,False,False,True
['유로존 제로 성장 직면'],5일(현지시간) 로이터통신에 따르면 루비니 교수는 스위스의 한 일간지와 인터뷰에서 “유로존은 제로(0%) 성장에 직면해 있으며 앞으로 또 다른 경기침체가 도사리고 있다”고 주장했다.,유로존은 제로 퍼센트 성장에 직면해 있으며 앞으로 또 다른 경기침체가 도사리고 있다,0,0.7806787490844727,0.4614460170269012,4,51,3,1,False,False,True
['트럼프 연임 가능성이 재선 실패보다 크다'],// flash 오류를 우회하기 위한 함수 추가 function _flash_removeCallback() {} 재선 노리는 도널드 트럼프 대통령[AP=연합뉴스 자료사진] 재선 노리는 도널드 트럼프 대통령[AP=연합뉴스 자료사진] 재선 노리는 도널드 트럼프 대통령[AP=연합뉴스 자료사진] (서울=연합뉴스) 김치연 기자 = 골드만삭스가 2020년 대통령 선거에서 도널드 트럼프 대통령이 연임에 성공할 가능성이 재선 실패 가능성보다 크다고 내다봤다.,첫 임기로 인한 이점과 대통령 선거를 앞두고 비교적 강건한 경제적 성과를 보면 트럼프 대통령의 연임 가능성이 높다는 점이 나타난다,1,0.7795886993408203,0.7909495830535889,6,70,0,0,False,True,False
['리더십 필요'],"한편 이날 대한항공 이사회는 주총 안건으로 ▲김재일 사외이사 임기 만료에 따른 박남규 사외이사 선임의 건, 재무제표 승인의 건, 이사보수 한도 승인의 건 등을 의결했다.",절대 안전체제 유지 및 안정 경영을 통한 회사 가치 제고를 위해선 항공전문가인 조 회장의 리더십이 반드시 필요하다,0,0.5524355173110962,0.358500599861145,2,82,5,1,False,False,True
['성장 내용 개선되는 모습'],"2.4분기 3.3% 예상했던 수준 (서울=연합뉴스) 경수현기자 = 재정경제부는 26일 2.4분기 실질 국내총생산(GDP) 속보치에 대해 ""성장의 내용이 개선되는 모습""이라고 평가했다.",성장의 내용이 개선되는 모습,0,0.9406762719154358,0.5102976560592651,4,35,0,0,True,False,False
"['임금피크제, 많은 회사 동참 기대']",황 총리는 이날 서울 마포구 서강대학교에서 열린 청년고용 간담회 모두발언에서 “어떤 기업에서는 전면 임금피크제를 도입하기로 회사차원에서 결정했다”며 이같이 말했다.,많은 회사가 일자리 나누기에 동참해주실 것을 기대하고 있다,0,0.854637861251831,0.4617298245429992,5,55,4,1,False,False,True
['정부의 강력한 정책 결정 필요할 때'],[머니투데이 최정호 기자]최근 경기 침체 우려와 관련해 전경련과 대한상의 등 경제 단체들은 일제히 정부의 강력한 정책 결정을 촉구했다.,다양한 정책 대안이 필요한 시점,1,0.7523088455200195,0.6880223751068115,6,31,3,1,False,False,True
['유가상승보다 환율절상이 문제'],[edaily 이정훈기자] 한덕수 부총리는 국제유가 상승보다는 환율(원화) 절상이 더 큰 문제라고 17일 밝혔다.,현재는 환율 절상이 순익에 더 큰 영향을 미치고 있다,0,0.7696876525878906,0.5945656299591064,3,45,1,0,False,False,True
['정년연장 앞두고 청년실업 심각해질 우려'],"// flash 오류를 우회하기 위한 함수 추가 function _flash_removeCallback() {} ""임금피크·희망퇴직으로 신규고용 확대 바람직"" 이주열 한국은행 총재는 내년 60세 정년 연장 도입을 앞두고 청년실업 문제가 심각해질 우려가 있다고 경고했다.",내년 60세 정년연장이 시행되면 앞으로 2 3년간 청년실업 문제가 심각해지지 않겠느냐는 우려가 있는 것이 사실,0,0.8644392490386963,0.5845298767089844,5,54,4,1,False,False,True
['소비자 체감경기 2분기째 하락'],"""저소득층은 소비심리 위축, 고소득층은 개선"" (서울=연합뉴스) 홍정규 기자 = 삼성경제연구소는 전국 1천가구를 상대로 조사한 올해 4분기 `소비자 태도 지수'가 3분기에 비해 약간 하락했으나 여전히 기준치를 웃돌아 소비심리 수준이 괜찮은 상태인 것으로 나타났다고 18일 밝혔다.",심리지표가 하락하는 가운데 경기 상승 동력이 약해지고 물가 불안심리와 주택경기 회복 지연 등이 겹쳐 소비심리가 당분간 크게 개선되기는 어려울 것,1,0.6845444440841675,0.3911766707897186,4,46,6,1,True,False,False
"['침체 고통, 오래 갈 것']",'모바일익스프레스' 엄성원기자 airmaster@,최악의 순간은 지나갔지만 고통은 장기간 느껴질 것,0,0.8295297026634216,0.7171876430511475,5,11,4,1,False,False,True
['여성 취업 줄어'],(연합뉴스 자료사진) (대구=연합뉴스) 류성무 기자 = 지난달 대구·경북 지역 취업자가 작년 같은 기간에 비해 감소한 것으로 나타났다.,여성 취업자가 감소세로 돌아서면서 대구 경북 전체 취업자가 줄었다,0,0.8298233151435852,0.7770197987556458,3,37,5,1,False,False,True
['Fed가 양적완화 명확히 해야'],[아시아경제 박형수 기자]윌리엄 더들리 뉴욕 연방준비은행 총재가 연방준비제도(Fed)의 역할론을 다시 한번 강조했다., 가 추가 양적완화에 대한 의지를 명확히 하면 디스인플레이션 물가변동률이 플러스를 유지하면서 상승률만 감소하는 추세 위험을 줄일 수 있다,0,0.5976999998092651,0.7140450477600098,4,42,6,1,False,True,False
['중소제조업 체감경기 호전'],(서울=연합뉴스) 박용주 기자 = 최근 경기회복 분위기가 중소기업들에도 미약하게나마 전달된 것으로 나타났다.,4 4분기 중소제조업 기업경기실사지수 가 103을 기록 3 4분기보다 다소 호전될 것으로 예상됐다,0,0.1544477343559265,0.4189730286598205,3,30,1,0,False,False,True
['경제 개선 안되면 연준 나서야'],[뉴욕=이데일리 피용익 특파원] 윌리엄 더들리 뉴욕 연방준비은행 총재는 1일(현지시간) 미국의 경제 전망이 개선되지 않는다면 연방준비제도(Fed)가 부양에 나서야 한다고 밝혔다.,경제 전망이 나로 하여금 고용과 인플레이션에 대해 자신감을 주지 못한다면 연준의 추가 조치가 보장될 수 있다,0,0.6298776865005493,0.6122825145721436,5,53,2,0,False,False,True
['올해가 換亂후 가장 힘들었다'],무단 전재-재배포 금지,장기화된 경기침체로 경영환경이 악화되면서 중소기업 들은 능력에 대한 불신과 자신의 한계에 부딪혀 특히 힘든 한해를 보냈을 것,1,0.5028322339057922,0.7603355050086975,4,7,6,1,True,False,False
['美 서비스업 양호한 고용 흐름… 소비경기 회복 기대'],"` 네이버 뉴스스탠드 , 페이스북 , 트위터 에서 한국경제TV를 바로 만나보세요` ` 네이버 뉴스스탠드 , 페이스북 , 트위터 에서 한국경제TV를 바로 만나보세요` ` 네이버 뉴스스탠드 네이버 뉴스스탠드, 페이스북 페이스북, 트위터 트위터에서 한국경제TV를 바로 만나보세요` br>Copyright ⓒ 한국경제TV(www.wowtv.co.kr) 무단 전재 및 재배포 금지 ⓒ 한국경제TV, 무단 전재 및 재배포 금지",제조업 부문의 고용 부진에도 불구하고 서비스업 부문은 양호한 고용 흐름을 이어가고 있어 향후 소비경기 회복에 대한 기대는 유효한 것으로 판단한다,0,0.8536614775657654,0.391975998878479,8,72,2,0,False,False,True
['금리향방 불확실성 증폭될 것'],제임스 불라드 총재는 아칸소주 포트스미스에서 행한 연설에서 “연준의 금리향방을 예상하기 힘든 불확실성의 시대로 돌아갈 것”이라며 이는 통화정책의 정상적 방향이므로 자신은 환영한다는 입장을 내비쳤다.,연준의 금리향방을 예상하기 힘든 불확실성의 시대로 돌아갈 것,0,0.8870502710342407,0.6243080496788025,4,72,1,0,False,False,True
['저물가·세계 성장 둔화 우려로 美금리 동결'],또 회의록은 “중국을 비롯한 신흥국 등 세계 경제 상황이 실질적으로 위원회의 경제 전망을 바꾸진 않는다”면서도 “중국 경제 둔화로 미국의 순수출이 감소할 가능성이 있다”고 전했다.,중국 경제 둔화로 미국의 순수출이 감소할 가능성이 있다,1,0.7182836532592773,0.5827943086624146,6,58,6,1,True,False,False
['향후 3∼5년간 油高 지속'],"삼성경제연구소는 26일 보고서를 내고 “미국과 중국,석유수출국기구(OPEC),주요 석유메이저 회사들의 동향을 분석해볼 때 향후 고유가 시대가 지속될 가능성이 높다”면서 “앞으로 3∼5년간 두바이유 기준으로 배럴당 50달러를 넘을 것”이라고 밝혔다.",미국과 중국 석유수출국기구 주요 석유메이저 회사들의 동향을 분석해볼 때 향후 고유가 시대가 지속될 가능성이 높다,0,0.7489975690841675,0.4199846088886261,4,63,2,0,False,False,True
['내년 아파트값 4.7% 떨어진다'],건산硏 세미나 전망 아파트값이 올 4.4분기 1.0％ 하락해 연간 8.9 ％의 상승세를 나타낸 후 내년에는 4.7％ 하락할 것으로 전망됐다.,주택시장에 대한 심리적 부담감과 정부의 시장안정화 기조 등으로 인해 내년 주택가격 하락세가 불가피하다,1,0.640738844871521,0.8279517889022827,4,44,4,1,False,False,True
"['12월 금리인상 주장, 설득력 있다']",데니스 록하트 총재는 이날 플로리다주 포트로더데일에서 한 연설에서 “앞으로 2주간 나올 경제지표가 미 경제전망이 급변할 정도로 나쁘지만 않다면 12월 금리인상 가능성은 설득력 있다”고 강조했다.,앞으로 2주간 나올 경제지표가 미 경제전망이 급변할 정도로 나쁘지만 않다면 12월 금리인상 가능성은 설득력 있다,0,0.7495816946029663,0.6342520117759705,5,72,1,0,False,False,True
['3~5년간 두바이유 50달러 이상 전망'],21세기형 석유위기 이미 도래 (서울=연합뉴스) 박용주 기자 = 앞으로 3~5년간 유가가(두바이유 기준) 배럴당 50달러를 넘어서는 고유가 시대가 이어질 것으로 관측됐다.,최근 유가가 약세를 보이면서 유가 전망이 엇갈리고 있지만 미국과 중국 석유수출국기구 주요 석유메이저 회사들을 살펴봤을 때 고유가 시대가 지속될 가능성이 높다,1,0.4513819217681885,0.4779388010501861,5,51,1,0,False,False,True
['美 실업 단기 대책 없다'],"볼커 위원장은 이날 한 금융 포럼에서 실업문제에 대한 질문이 나오자 ""지금 그것에 대한 해결책을 갖고 있지 못하며 그것이 기본적인 문제라고 생각한다""고 답변했다.",그것 실업률 이 점차 낮아질 것으로 생각하지만 기본적 사실은 경제활동이 내년 또는 그 이후에도 계속 확대는 되면서도 제한적일 것이라는 점,0,0.6037881374359131,0.180948793888092,5,68,4,1,False,False,True
['12월 금리 인상 가능성'],그는 이어 12월15~16일 연준 연방공개시장위원회가 현재의 제로 금리를 인상할 가능성이 있냐는 질의에 “가능성이 살아있다”고 답했다.,노동시장 상황이 더 개선되고 중기적으로 물가상승률이 2 퍼센트 를 회복하는 것,0,0.3832747638225555,0.2991073131561279,4,42,5,1,False,False,True
['내년 성장률 4.5%에 그칠 것'],(서울=연합뉴스) 박용주 기자 = 내년 경제성장률이 4.5%에 그칠 것이란 전망이 제기됐다.,올 6월을 저점으로 경기가 회복되는 분위기가 다소 나타났지만 회복 강도가 약한 데다 대외 여건도 나빠 내년에도 큰 폭의 경기회복을 기대하긴 어렵다,1,0.3176939189434051,0.8127120733261108,5,36,3,1,False,False,True
['수출이 우리경제 하방압력 요인..중국 수출 둔화 우려'],특히 중국의 성장 둔화가 향후 중국에 대한 큰 폭의 수출 감소로 이어질 수 있다고 지적했다., 최근 우리나라의 수출 부진의 원인을 저유가 지속 교역상대국 수입수요의 둔화 수출상품 구성과 세계 수입수요 구성 간의 불일치 수출주력품목의 가격 및 품질 경쟁력 저하 글로벌 가치사슬 의 변화 등 다각도로 진단하고 종합적인 처방을 마련할 것,1,0.7862814664840698,0.7691749334335327,7,74,4,1,False,False,True
['국내 경기 제자리걸음'],// flash 오류를 우회하기 위한 함수 추가 function _flash_removeCallback() {} 작년 11월에는 32% 작년 11월에는 32% 【서울=뉴시스】김혜경 기자 = 일본 기업 57%가 자국 국내 경기에 대해 '제자리걸음(답보) 상태'로 판단하고 있다는 조사 결과가 나왔다.,미중 무역마찰의 중국 경제의 둔화,0,0.4963439106941223,0.1301461309194564,3,55,4,1,False,False,True
['홍콩 부동산 가치 하락 전망'],내년에는 4~6%에 달할 것으로 예상됨에 따라 홍콩 부동산 가치는 떨어질 것이다.,저금리 기조 장기화에 따른 공급 과잉으로 홍콩 부동산 가치는 내년에 붕괴될 것,0,0.8794534802436829,0.528411865234375,5,19,3,1,False,False,True
"['하반기 코스피 1,900∼2,320 등락 전망']","// flash 오류를 우회하기 위한 함수 추가 function _flash_removeCallback() {} 코스피 (PG)[제작 최자윤] 코스피 (PG)[제작 최자윤] 코스피 (PG)[제작 최자윤] (서울=연합뉴스) 김아람 기자 = KB증권은 30일 올해 하반기 코스피 예상 등락 범위(밴드)를 1,900∼2,320으로 전망했다.",당초 미중 무역합의 후 중국의 합의 이행과정을 확인하면서 코스피는 저항선인 2 250선을 뚫을 것으로 생각했으나 무역합의 시점이 뒤로 밀리면서 지수가 하반기 중 저항선을 추세적으로 돌파할 가능성이 작아졌다,1,0.3931288719177246,0.4143286347389221,5,62,3,1,False,False,True
"['물가상승, 인플레 심리로 이어지지 않도록 유의']",(서울=연합인포맥스) 임승규 기자 = 기획재정부가 최근경제동향(그린북)에서 향후 인플레이션에 대한 우려를 올해 들어 처음으로 언급했다.,하반기 이후에도 경기 및 고용 회복세가 지속되도록 거시정책을 운용하되 ,0,0.5246083736419678,0.7438843250274658,6,38,2,0,False,False,True
['중립적 금리와 격차 줄었다'],"""주가상승 유동성에 의한 것이면 우려스럽다"" ""유동성 점차 줄여서 자산가격 안정시키겠다"" ""체감경기 차츰 개선..물가상승률 높아질 것"" (서울=연합뉴스) 박용주 기자 = 박승 한국은행 총재는 8일 ""신중한 속도로 금융완화의 폭을 줄여나간다는 기본 기조는 유효하지만 중립적 수준의 금리와 격차는 줄어들었다""고 밝혔다.",10월에 이어 두번에 걸친 금리 인상으로 중립적 수준의 금리와 격차가 줄어들었다,0,0.8267582654953003,0.7445772886276245,4,53,2,0,False,False,True
['일자리 목표 월 20만 명으로 상향…고용상황 나아지고 있어'],"문 대통령은 오늘(9일) 취임 2주년 KBS 특집 대담 '대통령에게 묻는다'에 출연해 ""올해 고용증가를 당초 (월 평균) 15만 명 정도로 잡았었는데, 지금은 (월 평균) 20만명 정도로 상향 될 것으로 기대를 하고 있다""고 밝혔습니다.",올해 고용증가를 당초 월 평균 15만 명 정도로 잡았었는데 지금은 월 평균 20만명 정도로 상향 될 것으로 기대를 하고 있다,0,0.8470027446746826,0.6417874693870544,8,68,0,0,True,False,False
"['한은, 저금리 기조 바꿔야']","문석호 열린우리당 의원은 6일 한은 국정감사 질의서에서 ""저금리 정책이 장기간 지속됨에 따라 부작용도 적지 않게 나타나고 있다""며 ""한은이 금리정책 기조를 전환하는 것을 적극 고려할 필요가 있다""고 지적했다.",한은이 금리정책 기조를 전환하는 것을 적극 고려할 필요가 있다,0,0.7427170276641846,0.7251969575881958,4,71,5,1,False,False,True
"['내년 주택 매매 2∼3%, 전세 4% 오를 것']",한국건설산업연구원(이하 건산연)의 `2016년 건설·부동산 경기전망 세미나'에 따르면 내년 주택 매매가격 상승률은 올해 1~9월 상승 폭 3.4%보다도 낮은 2~3%에 그칠 것으로 예상됐다.,인허가는 32 퍼센트 감소,1,0.2561360597610473,0.7647125124931335,8,72,4,1,False,False,True
['수출·고용이 2011년 美 성장 견인'],"스마트브리프 하루 두번 무료로 만나보세요.▶ 이데일리ON, 문자로 시세,추천,진단,상담정보 - #2200▶ 이데일리 모바일ㆍ실시간 해외지수/SMS ▶ 가장 빠른 글로벌 경제뉴스ㆍ금융정보 터미널, 이데일리 MARKETPOINT＜ⓒ종합 경제정보 미디어 이데일리 - 무단전재&재배포 금지＞＜안방에서 만나는 가장 빠른 경제뉴스ㆍ돈이 되는 재테크정보 - 이데일리TV＞ 피용익 (yoniki@)",많은 투자자들이 여전히 위기 당시의 사고방식을 갖고 있지만 우리는 미국이 강한 성장세를 나타낼 것이라는 큰 그림 을 봐야 한다,1,0.511015772819519,0.4180067777633667,5,158,3,1,False,False,True
['체감경기가 지표 못 따라가'],"[뉴스속보부][매일경제 핫뉴스] • 경차 `모닝` 후속카 대치동서 포착• ""패션회사 임원 고정관념 깨니 매출 쑥쑥""• 한가위 안녕 못한 금융권• 이것이 하이브리드 YF…위장막 제거한 사진 공개• 12세 여아 상습 성폭행 40대 男 `징역 5년`[ⓒ 매일경제 & mk.co.kr, 무단전재 및 재배포 금지] MBA도 모바일로 공부한다.",회복세지만 속도가 느려졌다,1,0.5292892456054688,0.5785412788391113,4,54,5,1,False,False,True
"['12월 금리인상, 설득력 있다']",데니스 록하트 총재는 이날 플로리다주 포트로더데일에서 한 연설에서 “앞으로 2주간 나올 경제지표가 미 경제전망이 급변할 정도로 나쁘지만 않다면 12월 금리인상 가능성은 설득력 있다”고 강조했다.,앞으로 2주간 나올 경제지표가 미 경제전망이 급변할 정도로 나쁘지만 않다면 12월 금리인상 가능성은 설득력 있다,0,0.7984417676925659,0.481549859046936,4,100,2,0,False,False,True
['올해 영업익 1051억원 달성 전망'],채선희 한경닷컴 기자 csun00@hankyung.com,국내외 경기전망과 거래처와의 영업상황 진행중인 수주 상황 등을 고려해 예측했다,1,0.2794493734836578,0.6164627075195312,5,16,3,1,False,False,True
['FRB 행로 지뢰밭 길'],// flash 오류를 우회하기 위한 함수 추가 function _flash_removeCallback() {} [머니투데이 김신회 기자] [FRB 통화정책 부작용 경고…드러큰밀러도 과도한 통화완화 역효과 경계] '기업 사냥꾼'으로 유명한 행동주의 투자자 칼 아이칸이 미국 연방준비제도이사회(FRB)의 통화정책 행로는 '지뢰밭'이 될 것이라고 경고했다.,우리는 에서 일어나는 일로 인해 지뢰밭으로 걸어들어 가게 될 것,0,0.5264883041381836,0.4035777449607849,4,66,2,0,False,False,True
['양적완화 강력하게 지지'],"[뉴욕=이데일리 피용익 특파원] 재닛 옐런 연방준비제도(Fed) 부의장은 1일(현지시간) 논란이 되고 있는 6000억달러 규모 국채 매입 정책을 지지한다는 입장을 분명히 했다.옐런 부의장은 이날 뉴욕에서 가진 연설에서 ""연준의 국채 매입 프로그램을 강력하게 지지한다""며 ""양적완화는 경제 회복세를 강화하는 데 도움을 줄 것""이라고 말했다.그는 ""실업률이 당분간 높은 수준을 유지할 것이고 근원 인플레이션은 연준의 목표치를 밑돌고 있다""며 양적완화 정책에 대한 일각의 우려를 일축했다.그는 다만 ""국채 매입이 만병통치약은 될 수 없다""며 재정정책이 병행돼야 한다는 입장을 밝혔다.연준의 양적완화 정책은 달러 약세를 야기할 수 있다는 점에서 중국과 독일로부터 비난을 받았다.",연준의 국채 매입 프로그램을 강력하게 지지한다,0,0.5910722613334656,0.3757268786430359,3,140,2,0,False,False,True
"[""경기전망 기대감 '하락세'""]",(서울=연합뉴스) 강훈상 기자 = 기업들이 내년 1분기 경기가 올해 4분기보다는 나아질 것으로 전망하면서도 경기 하락을 우려하는 기업이 점점 많아지고 있는 것으로 나타났다.,경기악화보다 호전을 기대하는 기업이 많긴 하지만 체감경기 하락세가 지속하는 것을 볼 때 환율 하락 내수 부진 등 불안 요소 때문에 경기 하락을 걱정하는 기업이 조금씩 늘고 있다,1,0.2057487368583679,0.2018699049949646,3,36,6,1,True,False,False
['내년 성장률 1.5%로 둔화'],[아시아경제 권해영 기자] 일본 정부가 내년도 경제성장률이 하락할 것으로 전망했다.,해외 경기 악화 가능성과 환율 변동을 계속 주시해야 한다,1,0.3728878498077392,0.6154967546463013,4,26,3,1,False,False,True
['수출 경기 3분기도 부진…반도체 감소세는 완화될듯'],"유서경 국제무역연구원 연구원은 ""3분기 수출 여건은 2분기와 비슷할 것으로 전망된다""면서 ""전체적으로 수출 회복은 더딜 것으로 보이나 지수가 100을 넘는 품목이 증가하고 있다는 점은 긍정적""이라고 말했다.",미중 무역분쟁으로 인한 불확실성 확대와 중국경제 성장둔화로 인한 수요감소 등이 예상된다,1,0.6561260223388672,0.2496014088392257,6,40,4,1,False,False,True
"['감세 지지, 부자들에는 증세를']","그러나 '상당한 부자'들에게는 세금을 올려야 한다고 말했다.세계 최고 부자 가운데 한명인 버핏은 이날 워싱턴에서 포천지가 주최한 '가장 영향력이 큰 여성 서밋'에 참석해 이같이 주장했다.그는 미국의 세제가 CEO와 대주주들보다 비서나 청소부들에게 더 높은 세율을 적용하는 등 ""광범위한 왜곡""을 보이고 있다며 최고 부자들에는 세금을 올리고, 나머지 소득계층에는 세금을 깎아야 한다고 지적했다.그는 부유층에 대한 세율 인상으로 세금 불평등을 줄여야 한다고 강조했다.버핏은 미국의 대규모 재정적자를 해소하려면 앞으로 세금은 상승 흐름을 타야 할 것으로 전망하면서도 저소득층에 대한 감세는 필요하다고 지적했다.그는 ""연방정부가 충분한 돈을 갖고 있지 못하다""면서 ""징세율도 최근 15% 미만에서 18~20% 수준으로 끌어올려야 한다""고 말했다.그러나 버핏은 세금을 올리되 최고소득 계층을 제외한 나머지 소득구간에는 감세가 필요한 시점이라고 강조했다.그는 높은 실업률 속에 정부의 경기부양 자금이 사라지는 이 때에 저소득 계층에 대한 감세는 소비지출을 확대할 수 있을 것이라고 설명했다./",징세율도 최근 15 퍼센트 미만에서 18 퍼센트 수준으로 끌어올려야 한다,1,0.486086368560791,0.6206452250480652,4,133,4,1,False,False,True
"['일자리, 일자리, 일자리!…우린 세계의 선망 대상']","트럼프 대통령은 이날 트윗을 통해 관련 기사를 링크하며 ""잡스(JOBS·일자리), 잡스, 잡스!""라고 밝혔다.",잡스 일자리 잡스 잡스!,0,0.7080342173576355,0.4107716977596283,6,89,2,0,False,False,True
['美기업들 1조弗 비축..투자는 주저'],"무디스 투자 서비스의 스티븐 오만 수석부회장은 ""미국의 경제전망에 대한 확실성이 높아질 때까지 기업들은 보유하고 있는 현금자산을 투자하는데 주저할 것""이라면서 이같이 분석했다.",미국의 경제전망에 대한 확실성이 높아질 때까지 기업들은 보유하고 있는 현금자산을 투자하는데 주저할 것,1,0.7294414043426514,0.3552898168563843,4,66,3,1,False,False,True
['코스피 올 연말 1350P 간다'],무단전재 및 재배포 금지＞ 김춘동 (,한국시장의 경제력을 반영하는 밸류에이션과 성장모멘텀 등을 고려할 경우 연말 목표지수는 주가수익비율 10배 수준인 1350포인트까지 가능할 것으로 판단된다,0,0.5448046326637268,0.8674479722976685,5,7,2,0,False,False,True
"[""'3-2-6' 프로젝트 등 취업지원 추진""]",[증권방송오픈] 제대로된 기법전수!,올해 3 2 6 프로젝트 추진을 통해 청년층과 중장년층의 취업을 적극 지원할 것,1,0.7982307076454163,0.7550578713417053,5,33,0,0,False,True,False
['부동산억제 위해 금리인상 않을것'],[워싱턴 = 서정희 특파원],그러나 부동산값이나 물가 억제를 위해서 금리를 올리지는 않을 것,0,0.9160624742507936,0.6202219724655151,4,45,5,1,False,False,True
['금리 올리면 청년일자리 위축'],// flash 오류를 우회하기 위한 함수 추가 function _flash_removeCallback() {} ◆ 한국경제학회 심포지엄 ◆ 우리나라처럼 노동시장이 정규직과 비정규직으로 뚜렷하게 나누어진 상황에서 한국은행이 향후 기준금리를 인상할 경우 상대적으로 청년 고용이 더 위축될 수 있다는 연구 결과가 나왔다.,연구 결과 실업률과 비정규직 비율이 높은 청년층 비정규직 비율이 높은 서비스업 종사자들을 중심으로 금리 인상에 대한 고용률 감소 반응을 보였다,0,0.8381372690200806,0.7254078388214111,4,48,3,1,False,False,True
['양적완화는 마약…Fed 선제 대응필요'],"특히 그는 ""양적완화는 문제를 해결하는 손쉬운 방법이어서 마약과 같이 근절하기 어렵다""고 지적했다.",각국 중앙은행이 자산과 신용의 거품이 꺼지기 전에 선제적으로 대응해야 한다,0,0.312913566827774,0.5764168500900269,4,55,4,1,False,False,True
['체감경기 내년 개선은 통화정책에 큰 힘'],[이데일리 강종구기자] 체감경기는 가계부문 경기다.,내후년 성장률 4 8 퍼센트 예상,1,0.5017507076263428,0.980344295501709,6,15,5,1,False,False,True
['내년 아파트값 4.7％ 하락'],(서울=연합뉴스) 윤종석 기자 = 아파트값이 올 4.4분기 1.0％ 하락해 연간 8.9％의 상승세를 나타낸 후 내년에는 4.7％ 하락할 것으로 전망됐다.,주택시장에 대한 심리적 부담감과 정부의 시장안정화 기조 등으로 인해 내년 주택가격 하락세가 불가피하다,1,0.6299172639846802,0.7954310178756714,4,47,5,1,False,False,True
['새해 연초경기 계속 부진할 것'],중소 제조업체들은 새해 연초 경기도 계속 부진할 것이라고 내다봤다.,소비심리 호전에도 불구 내수시장 협소에 따른 업체간 과당경쟁 등으로 어려움이 지속되고 있기 때문,1,0.4222539961338043,0.2639932036399841,5,30,4,1,False,False,True
['한국경제 성장도 분배도 실패'],장하준(사진) 영국 케임브리지대 교수는 28일 “최근의 한국경제는 성장도 분배도 제대로 못하고 있는 상황”이라고 비판했다.,최근의 한국경제는 성장도 분배도 제대로 못하고 있는 상황,0,0.9097875356674194,0.3742263913154602,4,39,3,1,False,False,True
"['美, 1970년대식 인플레 막으려면 긴축 정책을']","- 래커 리치몬드 연방준비은행 총재 - ""실업률 낮추는데에만 급급하지 말아야""[이데일리 김경민 기자] 제프리 래커 미국 리치몬드 연방준비은행 총재는 최근 미국이 1970년대식 인플레이션에 빠질 가능성이 높아지고 있다면서 연방준비제도(Fed)가 긴축 정책에 나서야 한다고 주문했다.",일시적으로 실업률을 낮추는 효과를 누릴 수 있지만 계속 실업률을 낮추려 하다보면 결과적으로 인플레 압력이 더 커질 것,1,0.6808091998100281,0.5697155594825745,6,78,3,1,False,False,True
['노동자 위협'],"한국노총 포스코노동조합은 3일 성명서를 통해 ""중국 스테인리스강 업체인 칭산철강그룹이 국제무역규제로 수출길이 막히자 우리나라에 우회 수출 거점을 마련하려고 대규모 냉연공장 신설 투자의향서를 부산시에 제출했다는 보도가 나왔다""며 ""이는 대한민국 스테인리스강산업을 고사시키는 무분별한 외자 유치 계획""이라고 주장했다.",국내 스테인리스강산업 고사로 약 5천명의 노동자가 실직해 생계에 위협을 느끼게 되고 제2 제3의 외국계 거대자본 진출로 전체 철강업계가 도미노처럼 무너질 수 있는 만큼 투자 검토를 백지화해야 한다,0,0.6351566910743713,0.4073336124420166,2,124,6,1,False,True,False
['중국 경제 경착륙 제한적'],pride@fnnews.com 이병철 기자,주가 급락으로 자동차 판매 및 해외여행 등 일부 분야에서 수요 둔화가 예상되지만 대부분 일상품폭 소비에 대한 영향은 제한적,1,0.4981200695037842,0.3731532096862793,4,9,4,1,False,False,True
['정부 정책 효과'],"- 靑 ""정책 성과로 작년보다 고용 개선"" - 정태호 ""취업자 수 증가폭, 획기적 변화"" - 홍남기, 국회 찾아 5월내 추경안 처리 촉구 - 靑 일자리 수석 ""고용상황 희망적"" 낙관 - 정태호 ""추경안 통과시 고용개선 특별한 도움"" - 실업률 최악에도 ""정책 성과 나타나고 있다"" (자세한 내용은 동영상을 시청하시기 바랍니다.) ☞ 의견 있는 경제채널 SBSCNBC [홈페이지] ☞ 의견 있는 경제채널 SBSCNBC [홈페이지] [홈페이지] ☞ 경제를 실험한다~ #머니랩 [네이버 TV] ☞ 경제를 실험한다~ #머니랩 [네이버 TV] [네이버 TV] 저작권자 SBS플러스 &amp; SBS I&amp;M 무단전재-재배포 금지 저작권자 SBS플러스 & SBS I&M 무단전재-재배포 금지",정책 성과 나타나고 있다,0,0.8389334678649902,0.7457807064056396,3,105,2,0,False,False,True
"['금값 2,000달러까지…금ㆍ은 투자해라']","‘상품투자의 귀재’ 짐 로저스가 “앞으로 10년 안에 금값이 온스당 2,000달러에 이를 것”이라고 밝혔다.",앞으로 10년 안에 금값이 온스당 2 000달러에 이를 것,0,0.8340179920196533,0.7323829531669617,3,56,6,1,False,True,False
['고용창출 이어질 수 있도록 유연하게 노동규제 개혁해야'],"// flash 오류를 우회하기 위한 함수 추가 function _flash_removeCallback() {} 손경식 경총 회장, ILO 총회 연설 손경식 경총 회장, ILO 총회 연설 손경식( 사진 사진) 한국경영자총협회장은 13일 “노사정이 기득권과 익숙함에 집착하지 말고 고용 형태, 비즈니스 환경, 근로 환경 변화를 인정하고 고용창출로 이어질 수 있도록 유연하고 미래지향적인 방향으로 노동규제를 개혁해 가야 한다”고 강조했다.",노사정이 기득권과 익숙함에 집착하지 말고 고용 형태 비즈니스 환경 근로 환경 변화를 인정하고 고용창출로 이어질 수 있도록 유연하고 미래지향적인 방향으로 노동규제를 개혁해 가야 한다,0,0.9047865867614746,0.7025290727615356,7,96,0,0,True,False,False
['백화점-대형할인점 시대'],CBS경제부 이재웅기자,수퍼마켓 편의점 등 중소 소매업체들의 경쟁력을 제고시킬 수 있는 노력이 지속돼야 한다,1,0.6202793121337891,0.7053670883178711,2,29,6,1,True,False,False
['글로벌 경제 완만한 회복세 지속될 것'],"(서울=연합인포맥스) 정선미 기자= 글로벌 경제가 계속해서 완만한 속도로 회복세를 지속하겠지만, 올해 하반기 성장률은 예상을 밑도는 수준이 될 것이라고 존 립스키 국제통화기금(IMF) 수석 부총재가 말했다.",금융업계 개선 과정은 끝나지 않았으며 성공적인 개선은 다수 선진국의 높은 실업률을 낮춰줄 강력하고 지속적인 성장률로 향하는 데 핵심적인 것,1,0.6272692680358887,0.6427982449531555,6,43,6,1,True,False,False
"['소비심리, 미·중 무역분쟁 심화 우려에 당분간 횡보 전망']",노정동 한경닷컴 기자,경기지표 부진 및 미중 무역분쟁 심화 우려로 당분간 소비심리가 장기평균치 수준에서 횡보할 전망,0,0.836841881275177,0.8349831700325012,8,29,1,0,False,False,True
"['노사정, 미래지향적 방향 노동규제 개혁해야']","손 회장은 ""기술발전으로 인한 노동시장 변화가 노사정 모두에게 새로운 도전이자 기회임을 강조한 ILO ‘일의 미래 보고서’에 공감한다""며 ""노사정이 기득권과 익숙함에 집착하지 말고 고용형태, 비즈니스 환경, 근로환경의 변화를 인정하고 고용창출로 이어질 수 있도록 유연하고 미래지향적인 방향으로 노동규제를 개혁해 가야 한다""고 말했다.",노사정이 기득권과 익숙함에 집착하지 말고 고용형태 비즈니스 환경 근로환경의 변화를 인정하고 고용창출로 이어질 수 있도록 유연하고 미래지향적인 방향으로 노동규제를 개혁해 가야 한다,0,0.8694467544555664,0.7426060438156128,5,119,0,0,True,False,False
['하반기 투자 확대·신사업 계획 없다'],// flash 오류를 우회하기 위한 함수 추가 function _flash_removeCallback() {} 중소기업 500곳 경영전략 조사 중소기업 500곳 경영전략 조사[서울신문] “최저임금 급등이 경영 실질적 위협 매출·영업익·자금조달順 악화 우려” “최저임금 급등이 경영 실질적 위협 매출·영업익·자금조달順 악화 우려” 중소기업 10곳 중 9곳 꼴로 올해 하반기 투자확대·신사업 진출이 없다는 설문조사 결과가 나왔다.,최저임금 급등이 경영 실질적 위협 매출 영업익 자금조달 순 악화 우려,1,0.3378031253814697,0.318477600812912,5,60,4,1,False,False,True
['美Fed 자산매입 2조달러 달할 것'],"골드만삭스 ""내달 양적완화 정책 발표 확실시"" (서울=연합뉴스) 신창용 기자 = 미국 연방준비제도(Fed.연준)는 경기 부양을 위해 2조달러 규모의 자산 매입에 나설 것이라고 골드만삭스가 전망했다고 블룸버그통신이 25일 보도했다.", 가 우선 약 6개월 동안 5천억달러 또는 이보다 좀 더 많은 규모의 양적 완화 정책을 발표할 것,1,0.3950220346450805,0.2257355153560638,5,52,6,1,True,False,False
['내수·수출 균형성장 도모해야'],"윤증현 기획재정부 장관이 ""대외여건에 대한 점검 강화와 수출과 내수의 균형 있는 성장을 도모해야 한다""고 말했다.",대외여건에 대한 점검 강화와 수출과 내수의 균형 있는 성장을 도모해야 한다,0,0.7342751026153564,0.5457202792167664,3,45,1,0,False,False,True
['인구주택조사로 실업률 일시 상승'],[관련기사]☞ 10월 실업률 3.3%...취업자 31만6천명↑(상보) ▶ (머니마켓) 성공투자의 지름길 '오늘의 추천주' ▶ (머니마켓) 오늘의 증권정보 '상승포착!,여기다 취업자로 분류된 인구주택 조사요원을 더할 경우 11월에는 30만명 중반대의 취업자 증가가 예상된다,1,0.7276685833930969,0.7319231629371643,4,28,5,1,False,False,True
['코스피 올 연말 1350P 간다'],무단전재 및 재배포 금지＞ 김춘동 (,추가적인 상승여력을 감안해 목표주가를 1350포인트로 올린다,0,0.6644649505615234,0.867448091506958,5,7,1,0,False,False,True
['하반기 투자 계획 없어'],"김기문 중기중앙회 회장은 ""많은 중소기업이 미래를 위한 투자를 주저하고 있다""며 ""중소기업이 경제심리를 회복하고 투자와 일자리 창출에 나설 수 있도록 적극적인 경기부양대책이 마련돼야 한다""고 말했다.",많은 중소기업이 미래를 위한 투자를 주저하고 있다,1,0.4226358532905578,0.4220297932624817,4,43,5,1,False,False,True
['부족한 점 개선해야 지혜로운 정부'],직업능력계좌제로 깨세요 조세일보 / 최한성 기자,1년을 되돌아보며 성과와 부족했던 부분에 대해 평가를 하고 부족했던 점은 단지 알고만 지나는 것이 아니라 철저히 점검하고 개선해야 지혜로운 정부가 될 수 있다,0,0.8293290734291077,0.6914162635803223,5,12,3,1,False,False,True
['투자 불안하다'],"그는 ""이는 허리케인, 경제, 에너지 가격, 이라크 문제의 지속 등 너무 많은 나쁜 뉴스들의 결과""라면서 ""그런 것들이 투자자들을 조심하도록 만들고 있다""고 덧붙였다.",그런 것들이 투자자들을 조심하도록 만들고 있다,1,0.7976546287536621,0.5932048559188843,2,51,6,1,True,False,False
['국제교역 공정성 훼손에 신흥시장 성장 끝나'],나이트캐피털 글로벌 투자전략가 보고서 공개 (서울=연합뉴스) 글로벌 교역이 중국 등 일부국가에 의한 공정성 훼손으로 신흥시장 성장이 막을 내릴 것이라는 관측이 제기됐다.,우리는 중국정부의 긴축 조치와 의 추가 양적완화 강행방침 유럽연합 전역에서 고조되는 압력 전반적인 상품가격 상승 단기자금 흐름을 통제하려는 정부의 노력 등으로 인해 글로벌 교역조건이 끝내 한계상황으로 내몰린 것으로 보고 있다,1,0.5503485798835754,0.2758383452892303,6,42,5,1,False,False,True
['양극화 해소 위해 인적투자에 역점'],정재형기자 ddotti@,양극화 해소를 위해 가장 역점을 둬야 할 것은 사람에 대한 투자를 대폭 강화하는 것,0,0.7550430297851562,0.6452605128288269,5,16,2,0,False,False,True
['反기업 정서가 경제의 위험요인'],"정 전무는 그러나 내년도 경제를 위협할 수 있는 위험요인으로 유가급등의 지속, 중국경제의 위축, 미국 부동산버블의 붕괴와 함께 8.31 부동산 종합대책, 기업에 대한 사회적 비판과 압박을 꼽았다.",내년도 한국경제는 소비와 투자의 회복 등에 힘입어 비교적 견실한 4 8 퍼센트 의 성장을 실현하겠지만 8 31 부동산대책과 사회 일각의 반 기업 정서가 위험요인,0,0.3910415172576904,0.6397755146026611,4,85,5,1,False,False,True
"['원·달러 환율, 1160원 초중반 등락…달러화 강세']",박상재 한경닷컴 기자 sangjae@hankyung.com,이날 원 달러 환율은 1160원대 진입을 시도하며 초중반에서 등락할 것,0,0.886387288570404,0.571376383304596,6,13,1,0,False,False,True
['지나친 형평정책이 산업성장 방해'],이어 정 총장은 “명분 싸움보다 실질을 숭상하는 기운이 널리 확산돼야 한다”며 “한국의 간판기업인 삼성전자ㆍ현대자동차ㆍ포스코ㆍLGㆍSK텔레콤ㆍKT 등은 국민들의 따뜻한 격려를 받아야 한다”고 주장하기도 했다.,글로벌 경쟁이 날로 치열해가는 가운데 지나친 형평의 중시로 세계적인 기업이나 산업으로 성장할 소지가 있는 분야를 억제한다면 선진화는 어렵다,0,0.7859034538269043,0.5660597681999207,4,75,5,1,False,False,True
['美경제 또다시 불경기 향하는 중'],"존 테일러 FX컨셉트 회장 미국 경제 회복 속도가 빨라질 것이란 기대가 확산되는 가운데 세계 최대 통화 관련 헤지펀드 회사인 FX컨셉트의 존 테일러 회장이 6일 ""미국 경제가 또 다른 경기침체로 향하고 있다""고 말했다.",미국 경제가 또 다른 경기침체로 향하고 있다,0,0.9033467769622804,0.3476043939590454,5,55,4,1,False,False,True
['확장적 재정정책 유지 필요'],"또한, '경기 침체 제1의 방어선'은 확장적 재정정책이라며 계속해서 유지해야 한다고 강조했습니다.",유럽의 재정 위기 미국의 더블딥 우려 중국의 긴축 위험성 등 대외 불안요인으로 수출과 설비투자가 둔화되고 한국 경제의 성장세도 둔화될 것으로 보입니다 ,1,0.462448239326477,0.7637405395507812,4,30,2,0,False,False,True
['경기부양 기조 내년까지 유지'],박승 한국은행 총재가 향후 추가금리 인상 속도 조절을 시사했다.,그러나 설비투자의 경우 한은의 자체통계로 추정하면 견실한 회복세를 보이고 있다,0,0.709287703037262,0.2614787220954895,4,49,4,1,False,False,True
['만기이후 속도조절 필요'],[이데일리 김국헌기자] 지난 7일 코스피지수가 1140.48포인트로 10년10개월만에 사상최고치를 경신했다.,만기 이후 세 가지 포인트에 주목해야 한다,1,0.5399143695831299,0.6560398936271667,3,19,4,1,False,False,True
['내년 재정정책 긴축기조 쓰지 않겠다'],"그는 ""올해만큼 확장적이진 않아도 전체적으로는 성장 촉진하는 기조를 유지해야 하며 긴축하는 기조는 바람직하지 않다고 보고 그런 정책을 쓰지 않겠다""고 강조했다.",올해만큼 확장적이진 않아도 전체적으로는 성장 촉진하는 기조를 유지해야 하며 긴축하는 기조는 바람직하지 않다고 보고 그런 정책을 쓰지 않겠다,0,0.7078959345817566,0.5987372398376465,5,85,0,0,True,False,False
['더 나은 미래 `선비정신`으로 가능'],"[정의현 기자] [ⓒ 매일경제 & mk.co.kr, 무단전재 및 재배포 금지]",인의예지신을 강조한 선비정신을 발전시킴으로써 우리는 더 나은 미래를 향해 조화로운 세계 관용 배려의 분위기를 만들 수 있을 것,0,0.7112297415733337,0.9149464964866638,5,26,3,1,False,False,True
['美경제 침체 확률 30%'],조민서 기자 summer@,미국이 다시 경기침체에 빠질 확률은 퍼센트 에 달한다,0,0.7402009963989258,0.6867148876190186,4,6,4,1,False,False,True
"['호주달러화, 美달러화와 곧 같아질것']",(시드니=연합뉴스) 이경욱 특파원 = 호주의 광산재벌이 호주달러화의 가치가 미국 달러화와 곧 같아질 것이라는 전망을 내놓아 주목된다.,이에 따라 조만간 호주달러화 가치가 미국달러화와 동등하게 될 것,0,0.9515279531478882,0.5784664154052734,4,32,1,0,False,False,True
['내년 경제성장률 4.8%대'],2006년 경제성장률이 4.8%대에 이를 것으로 전망됐다.,올 하반기 경제성장률은 4 6 퍼센트 소폭 상승할 전망,1,0.7916735410690308,0.7062234878540039,3,32,4,1,False,False,True
['한국인 끼 제대로 살리면 한상 세계 최고 될수있어'],"◆제4차 세계한상대회 둘째날◆ ""한국인 특유의 끼만 제대로 발휘한다면 한국상인이 세계 최고가 될 수 있습니 다."" 윤석금 웅진그룹 회장은 제4차 한상대회 개막식 기조연설에서 ""한국 경제는 광 복 후 지금이 가장 좋은 것 아니냐""고 반문하며 ""중소기업과 영세상인들이 많 아 체감경기가 안 좋게 나타나지만 소비만 제대로 살면 한국 경제가 세계 최고 가 될 수 있다는 긍정적인 사고를 가져야 한다""고 강조했다.",한국인 특유의 끼만 제대로 발휘한다면 한국상인이 세계 최고가 될 수 있습니 다 ,1,0.8680834770202637,0.6513067483901978,8,106,0,0,False,True,False
['한미FTA는 양국 모두에게 새로운 시험대'],[0730]미국 워싱턴포스트(WP)는 한미 자유무역협정(FTA)이 미국과 아시아 주요국 간 경제구도를 다소 바꿀 수 있는 시험대가 될 것이라고 9일 보도했다.,의회가 로 인한 한 미 간 무역구도 변화가 미국의 실업률에 미칠 영향을 우려하고 있기 때문,1,0.4566394090652466,0.6549884080886841,5,64,4,1,False,False,True
['체감경기 좋아질것'],"전경련, BSI 3개월째 호조 대기업들이 느끼는 체감경기 전망이 3개월 연속 호조를 나타내 경기회복에 대한 기대감이 확산되고 있는 것으로 나타났다.",기업들이 국가 신용등급 상향 조정과 국내 경기의 저점 통과 가능성 일부 업종의 매출 증가 기대 등으로 체감경기가 호전될 것으로 전망하고 있다,1,0.5505842566490173,0.1387730985879898,2,45,3,1,False,False,True
['올해 금리인상은 부적절'],타룰로 이사는 미 경제방송 CNBC와의 인터뷰에서 “‘필립스 곡선’ 같은 역사적 이론에 의존하기보다는 인플레이션 상승과 임금 상승의 명확한 신호를 보는 것이 낫다”며 이같이 말했다., 필립스 곡선 같은 역사적 이론에 의존하기보다는 인플레이션 상승과 임금 상승의 명확한 신호를 보는 것이 낫다,1,0.6043658256530762,0.527804970741272,3,59,4,1,False,False,True
['세계경제 불확실..경계 소홀히 해선 안돼'],"(서울=연합인포맥스) 임승규 기자 = 윤증현 기획재정부 장관은 1일 ""세계 경제의불확실성이 지속되고 있어 우리 경제가 양호한 회복흐름을 지속할 수 있도록 경계를소홀히 해선 안된다""고 밝혔다.",세계 경제의불확실성이 지속되고 있어 우리 경제가 양호한 회복흐름을 지속할 수 있도록 경계를소홀히 해선 안된다,0,0.854459285736084,0.8446223139762878,5,45,1,0,False,False,True
['1인당 보험료 300만원 시대 도래'],한 사람이 내는 보험료가 연간 300만원을 넘어설 것이란 전망이 나왔습니다.,선진국의 양적 완화정책과 글로벌 신용위험 완화에 따라 해외투자 부문에서의 리스크를 각별히 경계해야 한다,1,0.3290745317935943,0.0933735221624374,5,31,3,1,False,False,True
['이익모멘텀 강화 종목에 주목'],무단전재 및 재배포 금지＞ 조진형 (,이익 모멘텀이 강화되는 업종에 주목해야 한다,0,0.8589236736297607,0.903802752494812,4,7,2,0,False,False,True
['부동산억제 위해 금리 올리진 않을것'],"박승 한국은행 총재는 25일(현지시간) ""금리를 그대로 두거나 올릴 요인이 병존한 다고 본다""며 ""그러나 부동산값이나 물가 억제를 위해서 금리를 올리지는 않을 것"" 이라고 말했다.",그러나 부동산값이나 물가 억제를 위해서 금리를 올리지는 않을 것,0,0.909982442855835,0.7103228569030762,5,60,2,0,False,False,True
['내년 성장률 4.5%에 그칠 것'],유가.금리.환율 등 대외 악재 산적 (서울=연합뉴스) 박용주 기자 = 내년 경제성장률이 4.5%에 그칠 것이란 전망이 제기됐다.,올 6월을 저점으로 경기가 회복되는 분위기가 다소 나타났지만 회복 강도가 약한 데다 대외 여건도 나빠 내년에도 큰 폭의 경기회복을 기대하긴 어렵다,1,0.3176939189434051,0.7519172430038452,5,41,5,1,False,False,True
['美 경기 좋아져도 주가 안오를 수도'],"[© 뉴스1코리아( news1.kr ), 무단 전재 및 재배포 금지] [© 뉴스1코리아( news1.kr news1.kr), 무단 전재 및 재배포 금지]",그러나 연준의 부양정책이 사라지고 있는 상황에서 주식시장이 경기 요인만으로 다시 강세장에 진입할 것인지에 대해서는 회의적,1,0.4653321504592895,0.5242478847503662,6,25,2,0,False,False,True
"['KDI, 국가종합연구기관 역활 정부에 필요한 처방 제시할 것']",[한겨레] 현정택 한국개발연구원(KDI) 신임 원장은 25일 “한국개발연구원이 국가정책 관련 연구를 총괄하는 국가종합연구기관의 역할을 하겠다”고 밝혔다.,한국개발연구원이 국가정책 관련 연구를 총괄하는 국가종합연구기관의 역할을 하겠다,0,0.6667449474334717,0.6951730251312256,8,47,2,0,False,False,True
['美 금리인상땐 세계 성장률 0.3%P 하락'],IMF는 그 근거로 미국 기준금리 인상으로 미국 국채 10년물 금리가 1%포인트 상승하면서 다른 장기금리도 오른다면 내년 세계 경제성장률이 0.3%포인트 하락할 수 있다는 분석을 제시했다.,미국 기준금리 인상은 전 세계 성장률을 저하시킬 염려가 있다,1,0.8071581125259399,0.7958650588989258,6,81,4,1,False,False,True
['고용회복 견실'],이는 시장의 예상과도 일치한다.,성장률이 장기 평균을 밑돌고 있지만 비광산 분야의 기업 심리가 개선돼 왔고 실업률 개선 등 고용 회복도 견실하다,0,0.5599863529205322,0.1529920995235443,2,37,3,1,False,False,True
['금리 인상할 때다'],이승희 기자 heeya@sbs.co.kr,지금이 금리를 인상할 때,0,0.7738783359527588,0.4943615794181824,3,12,4,1,False,False,True
"['양적완화, 21세기판 근립궁핍화 정책']",(서울=연합인포맥스) 태문영 기자 = 노벨경제학상 수상자인 조지프 스티글리츠 미국 컬럼비아대학 교수는 미 연방준비제도(Fed)의 양적 완화가 전세계 금융시장을 분열로 이끌 21세기판 근립궁핍화(beggar-thy-neighbor) 정책이라고 진단했다.,재정적 경기부양책에 대한 비판이 많다는 것을 알지만 경기부양책이 아니었더라면 실업률은 더욱 높았을 것,1,0.5818411111831665,0.3271898627281189,4,52,4,1,False,False,True
['옐런에 동의'],더들리 총재는 옐런 의장의 대표적인 측근으로 꼽힌다.,전적으로 동의한다,0,0.5260968208312988,0.4758528769016266,2,44,4,1,False,False,True
['저성장·소득 불평등 돌파구는 기업가정신'],"한정화 청장은 개막식에서 ""세계 경제를 짓누르고 있는 저성장과 높은 실업률, 소득수준 불균형 등 과제를 극복하는 돌파구는 글로벌 기업가정신""이라고 강조했다.",세계 경제를 짓누르고 있는 저성장과 높은 실업률 소득수준 불균형 등 과제를 극복하는 돌파구는 글로벌 기업가정신,0,0.8556663393974304,0.582624614238739,4,128,0,0,True,False,False
['노동개혁은 우리경제 크게 남는 장사'],최 부총리는 “노동개혁은 단기적으로 이해가 엇갈릴 수 있지만 결국 잠재성장력과 고용능력을 높여 사회구성원 모두가 상생할 수 있는 길”이라며 정치권과 노동계 재계 등이 큰 시야로 멀리 보는 리더십을 발휘하고 높은 수준에서 결단할 것을 촉구했다.,노동개혁이야말로 이윤이 확실하게 보이는 투자이고 우리경제 전체적으로도 크게 남는 장사,0,0.8436901569366455,0.751447856426239,5,76,2,0,False,False,True
['10월 고용 긍정적..2% 인플레 목표에 도움'],"// flash 오류를 우회하기 위한 함수 추가 function _flash_removeCallback() {} [뉴욕= 이데일리 김혜미 특파원] 예상보다 강한 10월 고용보고서 결과는 매우 긍정적인 뉴스이며, 내년 2.5% 경제성장률 전망을 지지하고 있다고 찰스 에반스 시카고 연방준비은행 총재가 6일(현지시간) 밝혔다.",강한 임금 상승률은 연방준비제도 의 2 퍼센트 인플레이션 목표 달성에 도움이 될 것,0,0.6794305443763733,0.7428852319717407,6,53,6,1,False,True,False
"['미국, 9월에 금리 인상할 듯']","이어 ""당사의 예상과 달리 9월에 금리인상을 보류하면 이는 펀더멘털 요인이 아니라 금융시장 불안에 기인했다는 점에서 12월보다는 10월 인상 가능성이 큰 것으로 판단한다""고 덧붙였다.",당사의 예상과 달리 9월에 금리인상을 보류하면 이는 펀더멘털 요인이 아니라 금융시장 불안에 기인했다는 점에서 12월보다는 10월 인상 가능성이 큰 것으로 판단한다,0,0.7324886322021484,0.7144150733947754,5,46,6,1,False,True,False
['체감경기 경기지표와 다르다'],"대한상의 관계자는 “전기ㆍ전자, 반도체 등 호황을 누린 업종과 조선 부문처럼 불황을 겪은 업종 간의 차이가 지표경기와 체감경기의 괴리현상을 야기한 것으로 보인다”고 분석했다.",전기 전자 반도체 등 호황을 누린 업종과 조선 부문처럼 불황을 겪은 업종 간의 차이가 지표경기와 체감경기의 괴리현상을 야기한 것으로 보인다,1,0.5511350631713867,0.1318965256214141,3,48,5,1,False,False,True
['금융개혁 추진할 적기이자 마지막 기회'],"// flash 오류를 우회하기 위한 함수 추가 function _flash_removeCallback() {} 【서울=뉴시스】장진복 기자 = 임종룡 금융위원장 후보자는 10일 ""'금융개혁'을 차질 없이 완수해 우리 금융이 직면한 위기를 기회로 바꾸겠다""며 향후 추진 정책방향을 밝혔다.",지금이야말로 위기 국면을 돌파할 수 있는 금융개혁 을 추진해야 할 적기 이자 마지막 기회,0,0.8970540761947632,0.635999858379364,5,67,0,0,True,False,False
['전기료 연간 7만원 절감'],(연합뉴스 자료사진) 아낀 전기료로 태양광발전설비 대여료 지불 2017년까지 총 2만5천가구에 보급 (서울=연합뉴스) 이웅 기자 = 올해부터 태양광 발전설비 대여사업 대상이 단독주택에서 공동주택으로 확대되고 사업 규모도 대폭 늘어난다.,아파트의 경우 가구당 대략 월 6천원 연간 7만원 내외의 전기료 절감 효과가 있을 것으로 기대한다,0,0.808617889881134,0.3168112635612488,4,51,1,0,False,False,True
['교통망 속도 낼 것'],당시 ‘인천광역시 10개년 도시철도 기본계획’에 포함됐다.,대곡 소사선 광역급행철도 노선 인천지하철 1호선과 서울지하철 3호선 연장 등을 속도감 있게 추진해 차례로 완료할 것,0,0.6766047477722168,0.7217293977737427,4,21,4,1,False,False,True
['돌파구 찾을 수 있을지'],또 다른 관계자는 “이번만큼은 성과를 낼 것으로 기대했는데 이번에도 어렵게 되면 과연 개성공단 땅을 다시 밟을 수 있을지 모르겠다”며 장탄식을 쏟아냈다.,꼬인 매듭을 하나씩이라도 풀어야 해당 기업들이 남북 경협을 위한 장단기 플랜이라도 수립할 수 있을 텐데 이렇듯 북미회담이 교착된 것을 보니 앞으로 돌파구를 찾을 수 있을지 우려된다,0,0.6535607576370239,0.5357732772827148,4,94,5,1,False,False,True
['4벌 샀는데 3벌만 도착'],그러나 도착한 것은 3벌뿐이다.,대부분 업체는 물품 도착에서 국내 택배 발송까지 평균 3회 4회 안내 문자를 제공한다,1,0.4158980548381805,0.615094006061554,4,20,2,0,False,False,True
['서울의 공개장소서 김우중 만났다'],"이 신문은 한국 경찰청에 가까운 소식통을 인용, 김 전 회장의 서울 방문은 ""정말 있기 어려운 일""이라며 ""그가 서울로 돌아갈 수 있었다면 정부 고위 당국자들과 흥정한 결과일 것이다.",김 전 회장을 절대 후미진 곳이 아닌 공개된 장소에서 만났다,0,0.736609697341919,0.4777421653270721,4,54,4,1,False,False,True
"['경제활성화관련, 입조심 하라']","이 총리는 특히 ""경제 활성화를 저해하는 발언이나 정책은 국민들에게 심한 질책을 받을 것""이라며 ""이런 일이 특별히 안나오도록 주의해 달라""고 강조했다.",경제가 활성화의 기미를 보이고 있는데 안정되게 추진될 수 있도록 재경부 중심으로 경제 활성화 관리를 잘 해달라,0,0.7851607203483582,0.6113227605819702,3,66,6,1,False,True,False
"['안심대출 첫날, 은행 영업점·콜센터 최대 가동하라']",'안심전환대출' 출시 (서울=연합뉴스) 윤동진 기자 = '안심전환대출'이 출시된 24일 오전 서울 여의도 KB은행 본점에서 안심전환대출 가입 희망자들이 전용 창구에서 상담을 하고 있다.,안심전환대출을 이용하려는 고객들이 장시간 기다리지 않도록 최대한 조치를 취하라는 임종룡 금융위원장의 지시에 따라 은행 영업점과 콜센터 등 고객 접점에 활용 가능한 최대 인원을 동원하라는 지침을 내렸다,0,0.6999949216842651,0.5351355075836182,6,76,2,0,False,False,True
['자동차에서 모두 해결'],"(서울=연합뉴스) 이유미 기자 = 운전 중인 자동차 밖으로 나가지 않고도 음식이나 음료를 주문하고 제품을 건네받을 수 있는 '드라이브 스루'(drive-thru, 승차구매) 매장이 급속도로 늘어나고 있다.",길이 막히는 시내에서는 특히 이동하며 끼니를 때울 수 있어서 편리하다,1,0.5056705474853516,0.4674702882766723,3,55,5,1,False,False,True
"['국내 조선업, 향후 10년간 1위 지킬 것']",한국조선공업협회는 8일`한국의 조선산업-성장과 과제`라는 보고서를 통해 이같이 밝혔다.,컨테이너선의 경우 7500 급 컨테이너 수주잔량 가운데 한국의 시장점유율이 약 81 퍼센트 로 나타나고 있으며 이같은 추세가 상당기간 지속될 것,1,0.4946170449256897,0.4693320989608764,7,49,3,1,False,False,True
"[""`김우중 일시 귀국' 가능성 낮아""]","// flash 오류를 우회하기 위한 함수 추가 function _flash_removeCallback() {} ""못알아봤을리 없다""..검찰 ""현재도 기소중지 상태"" (서울=연합뉴스) 고웅석 기자= 법무부는 8일 프랑스의 열차 제작업체 로르 그룹의 로베르 로르 회장이 서울의 공개된 장소에서 김우중 전 대우그룹 회장을 만났다는 외신보도와 관련, ""낭설일 가능성이 많다""는 반응을 보였다.",만약 김 전 회장이 국내에 들어오려한다면 변호인을 통해 사전 조율을 했을텐데 그런 움직임이 전혀 없었다,0,0.5723506212234497,0.3596095442771911,5,76,3,1,False,False,True
"['보유세, 선진국 수준으로 올린다']","김병준 청와대 정책실장은 19일 제주 신라호텔에서 열린 대한상의 주최 '제 30회 최고경영자대학' 강연회를 통해 ""부동산 보유 과세를 글로벌 스탠더드 수준에 맞출 것""이라며 ""투기를 억제하기 위한 보유세 강화와 중대형 평형 공급 확대를 지속적으로 추진할 것""이라고 말했다.",투기를 억제하기 위한 보유세 강화와 중대형 평형 공급 확대를 지속적으로 추진할 것,0,0.6086353063583374,0.5877766609191895,4,76,3,1,False,False,True
['포트폴리오 구성 실패'],【전주=뉴시스】 김정호 기자 = 전북 전주에 위치한 국민연금공단 기금운용본부.,전반적으로 주식시장이 안 좋은 상황에서 포트폴리오 구성에 실패한 것으로 본다,0,0.672378659248352,0.8115240931510925,3,41,5,1,False,False,True
['삼성·이재용씨 2790억 추징가능'],박영선 열린우리당 의원은 11일 재정경제부에 대한 국정감사에서 “서울중앙지법이 96년 삼성 에버랜드가 이재용씨에게 전환사채를 저가 발행한 것은 배임에 해당되고 주당 평가금액도 12만원을 넘는 것으로 판결한 만큼 세금 추징이 가능하다”고 주장했다.,삼성 에버랜드의 전환사채 추정가격을 12만 7755원으로 인정할 경우 저가 발행 당시 인수를 포기한 삼성계열사와 이재용씨에게 추징할 수 있는 세액은 2790억원으로 예상된다,0,0.4867101311683655,0.3694136440753937,3,80,2,0,False,False,True
"['설 연휴 평균 4∼5일, 최대 9일 쉽니다']",그러나 일부 근로자는 토요일에서 대체공휴일까지 이어지는 5일(6∼10일)간의 연휴에 11∼12일에 연차휴가를 활용하면 그다음 주말(13∼14일)까지 최대 9일을 쉴 수 있다.,일감이 없어 연휴가 낀 한 주 내내 직원들을 쉬게 하고 15일 출근하는 회사들도 여럿이고 보너스도 작년보다 훨씬 적게 지급하고 있는 것으로 안다,1,0.4648408889770508,0.6115643978118896,7,53,4,1,False,False,True
['현대그룹-채권단 MOU 해지 정당'],[증권방송오픈] 제대로된 기법전수!,현대그룹의 인수자금 중 프랑스 은행 대출금이 브릿지론인지 등 의혹을 밝혀야한다,1,0.3822298049926758,0.9377024173736572,4,27,5,1,False,False,True
['대기업 초임 깎고 일자리 늘려야'],"경총은 이날 발표한 '2016년 경영계 임금조정 권고'에서 회원사들에 ""대졸 정규직 신입근로자 초임이 3600만원 이상(고정급 기준)인 기업에 과도한 초임을 조정해 그 재원만큼 신규채용을 확대하라""고 권고했다.",대졸 정규직 신입근로자 초임이 3600만원 이상 고정급 기준 인 기업에 과도한 초임을 조정해 그 재원만큼 신규채용을 확대하라,0,0.7288134694099426,0.6254855394363403,5,79,4,1,False,False,True
['통행료 올리지 못해 부채 늘었다'],"류 사장은 ""요금을 올리면 해결할 수 있지만 현재 해결책은 없다""며 ""요금 인상이 이뤄지지 않는 한, 후세에 넘길 수밖에 없다""고 답했다고 변 의원은 전했다.",요금 인상이 이뤄지지 않는 한 후세에 넘길 수밖에 없다,0,0.7868164777755737,0.719039797782898,5,60,6,1,False,True,False
"[""'D의 공포' 느낄 필요는..""]","경기침체 속에 물가가 지속적으로 하락하는 디플레이션(디플레) 우려가 다시 고개를 드는 것과 관련, 전봉걸 서울시립대 교수는 ""전반적으로 세계경제가 공급과잉을 겪는 상황에서 물가 상승을 기대하기는 어려운 측면이 있다""며 ""디플레 우려 등 월별 물가동향에 민감하게 반응하기보다 구조조정이나 실업 문제에 더 집중하는 게 좋다""고 말했다.",전반적으로 세계경제가 공급과잉을 겪는 상황에서 물가 상승을 기대하기는 어려운 측면이 있다,0,0.2717636525630951,0.3491255044937134,4,70,5,1,False,False,True
['피보다 진하네'],'모바일익스프레스' 강미선기자 river@ 강미선기자 river@,대성지주 사용 말라,1,0.4315435290336609,0.5726933479309082,2,13,6,1,True,False,False
"[""경제회복 '훈풍'이 불지 않아 안타깝다""]",▲최경환 부총리 ▲최경환 부총리 ▲최경환 부총리 ▲최경환 부총리 ▲최경환 부총리 ▲최경환 부총리그러면서 그는 “유효수요 창출에 정책적 포커스를 맞춰 추진해 주기 바란다”고 부연했다 .,최근의 부동산 주식시장 호전 등 일부 회복세에도 불구하고 좀처럼 경제 회복의 훈풍 이 불지 않아 안타깝다,0,0.8531729578971863,0.4357310533523559,5,84,5,1,False,False,True
['내집은 고사하고 편히 살 전세나 많았으면…'],말 그대로 ‘하우스푸어’다.,안정적 주거 이렇게 힘든 일인가,1,0.6738468408584595,0.6814783811569214,6,19,3,1,False,False,True
['고가 사치품 사고도 너무 당당한 한국인'],"매킨지 김애미 한국파트너은 “한국 사람들은 처음엔 남에게 인정받고 싶어 명품을 찾지만, 점점 명품의 질 차이를 인식하기 시작하더라”고 말했다.",한국 사람들은 처음엔 남에게 인정받고 싶어 명품을 찾지만 점점 명품의 질 차이를 인식하기 시작하더라,1,0.5802062153816223,0.5892307162284851,6,44,6,1,True,False,False
['차이완시대 개막..對中 수출 영향 클 것'],☞ 차이완시대 對中 수출·투자 경고등 차이완시대 對中 수출·투자 경고등 ☞ 中-臺 ECFA 체결..'차이완 시대' 개막 中-臺 ECFA 체결..'차이완 시대' 개막 [아시아경제 증권방송] - 무료로 종목 상담 받아보세요 &lt;로또정보&gt; - 1등 당첨자들의 성공전략은?,대만의 대 중국 수출품목이 우리나라 수출품목과 겹친다,1,0.418346107006073,0.7718600034713745,6,57,2,0,False,False,True
['5억 배상'],전경 울산지법장영은 촬영.,피고들은 연대해 현대차에 5억원을 배상하라,0,0.4665810167789459,0.3980862200260162,2,17,2,0,False,False,True
['9월부터 암-심장-뇌 수술 환자 부담 대폭 경감'],강양구/기자 -©2001-2005 PRESSian.com 무단전재 및 재배포금지-,건강보험이 국민들의 지지를 받기 위해서라도 암 환자에 대해서 이미 확보된 재원으로 무상 의료를 실시하고 단계적으로 그 대상 질환을 확대할 것,1,0.4115981161594391,0.4804592728614807,7,32,2,0,False,False,True
"['부산공장 가동, 논의 지속']",(사진= 금속노조 부산양산지부 르노삼성자동차지회제공) 【서울=뉴시스】이국현 기자 = '2018년 임금 및 단체협약'을 놓고 르노삼성자동차의 노사 갈등이 파국으로 치닫고 있다.,협상 일정 조율을 위한 실무 논의는 계속하고 있다,1,0.5112486481666565,0.5426222085952759,4,43,4,1,False,False,True
['신동빈 홀딩스 지분 사상누각…종업원지주 공략'],"(서울=연합뉴스) 이유미 이도연 기자 = 롯데그룹 경영권 분쟁 중인 신동주 전 일본 롯데홀딩스 부회장 측 핵심 관계자는 13일 ""일본 롯데홀딩스에서 신동빈 롯데그룹 회장의 우호지분은 사상누각""이라며 ""종업원지주를 공략할 것""이라고 밝혔다.",일본 롯데홀딩스에서 신동빈 롯데그룹 회장의 우호지분은 사상누각,0,0.5777139663696289,0.4565050601959228,5,81,1,0,False,False,True
"[""국민은행 복권판매 수수료 99% `독식'""]","// flash 오류를 우회하기 위한 함수 추가 function _flash_removeCallback() {} 한나라당 이계경 의원 한나라당 이계경 의원 한나라당 이계경 의원 한나라당 이계경 의원(서울=연합뉴스) 김경희 기자 = 로또복권과 주택복권 판매를 전담해 온 국민은행이 지난 3년간 전체 복권 판매 수수료의 99%를 차지, 복권 수수료를 사실상 독식해 왔다는 주장이 제기됐다.",은행별 복권 수수료의 빈익빈 부익부 현상이 심각한 수준,1,0.1159799844026565,0.1437322199344635,5,79,3,1,False,False,True
['미안'],"토마토 품목별협의회장 강춘구씨는 ""아무 죄도 없는 동생 같은 전경들에게 본의 아니게 토마토를 던지게 돼 미안한 마음에 기증하게 됐다""며 ""토마토 농가 30가구가 자발적으로 맛있는 토마토만 모았다""고 말했다.",아무 죄도 없는 동생 같은 전경들에게 본의 아니게 토마토를 던지게 돼 미안한 마음에 기증하게 됐다,0,0.5566738843917847,0.3578724861145019,1,60,6,1,False,True,False
['설 특수라서…'],"A박사와 B교수는 ""콜센터에 몇번이나 전화를 걸어 어렵게 한번 통화가 이뤄져도 '확인하는 중이니 기다리라'는 말만 하고 실제 연락은 한번도 없었다""면서 ""첨단 시스템을 갖췄다는 국내 굴지의 물류기업 행태로는 믿기지 않는다""고 분통을 터트렸다.",콜센터에 몇번이나 전화를 걸어 어렵게 한번 통화가 이뤄져도 확인하는 중이니 기다리라 는 말만 하고 실제 연락은 한번도 없었다,0,0.3483808040618896,0.3609965443611145,2,58,6,1,False,True,False
['완공 후에 불황 온다'],이군호기자 guno@ 이군호기자 guno@,금융위기가 오히려 프로젝트를 검증할 기회를 줬다고 평가할 수 있다,1,0.4991253912448883,0.6495332717895508,4,8,6,1,True,False,False
['누가 GTX 타러 거기 가나'],[중앙포토] 이날 간담회에서 김 장관이 여러 차례 강조한 GTX-A의 2023년 말 완공도 가능성을 두고 의견이 엇갈린다.,이런 상황에서 굳이 일산까지 가서 를 탈 수요가 얼마나 있을지 모르겠다,0,0.4327987432479858,0.5669554471969604,5,39,6,1,False,True,False
['롤러블·스트레처블 시대 열겠다'],【서울=뉴시스】이종희 기자 = 삼성전자가 향후 스마트폰 시장의 지각변동을 일으킬 폼팩터 시장을 선도하겠다는 의지를 드러냈다.,접는 방식 돌돌 말아서 보관할 수 있는 롤러블 방식 화면을 늘릴 수 있는 형태까지 더 이상 미래 얘기가 아니다,0,0.633407473564148,0.4858360290527344,3,31,1,0,False,False,True
"['주세·담뱃세 올리곤 싶은데, 표현할 방법이 없네']","재정부 관계자는 술·담뱃세 인상과 관련, “올리고는 싶지만 어렵다”며 “소득·법인세는 내리면서 간접세만 올린다는 비판이 거셀 것이 분명하기 때문”이라고 말했다.", 주세와 담뱃세 인상 참 하고는 싶은데 어떻게 표현할 방법이 없네 직접 말하기도 그렇고 ,0,0.815962553024292,0.7069969177246094,6,31,4,1,False,False,True
['DTI 규제 안 푼다…집값 안정이 더 우선'],"(영상취재 : 이형기, 이재영, 영상편집 : 정성훈) 손석민 hermes@sbs.co.kr 관/련/정/보 ◆ 정부, DTI 규제완화 결론 못내려…""부처간 이견"" ◆ 아파트도 '손절매' 속출…'웃돈' 얹어 계약 포기 ◆ 오는 22일 '부동산 대책' 발표…DTI 완화되나?", 규제는 경제운영을 건전하게 하는 모범적 수단으로 큰 역할을 했다,1,0.4976165294647217,0.8218061923980713,7,80,2,0,False,False,True
"['토지공개념, 부득이한 조치']","같은 상임위인 장경수(張炅秀) 의원은 ""토지는 공공적 성격을 가지고 있기 때문에 단순히 사유재산의 관점에서 보기에는 어렵다""며 ""위헌논란이 부분적으로 있을 수 있겠지만 헌법재판소가 위헌 결정을 내리기는 어려울 것""이라고 내다봤다.",토지공개념 제도는 노태우 정부 시절 이미 실패한 정책,0,0.8592552542686462,0.3202959597110748,3,74,5,1,False,False,True
['핀테크가 뭐여?'],"○ 금융권, 모바일 전용 상품에 두둑한 혜택 제공 ○ 금융권, 모바일 전용 상품에 두둑한 혜택 제공 ‘핀테크 전쟁’은 이미 막이 올랐다.",금융회사들이 핀테크 경쟁을 벌이며 모바일 채널에 집중하고 있다,1,0.4491139054298401,0.5325736999511719,2,50,6,1,True,False,False
['파업 조합원에 보상금 더 줘라'],철저하게 노조원에게 혜택을 많이 주라는 주장이다.,파업에 많이 참가한 노조원에게 돈을 더 많이 줘라 ,0,0.9111774563789368,0.7159566879272461,5,35,3,1,False,False,True
['부동산투기 필요악도 용납안돼'],"// flash 오류를 우회하기 위한 함수 추가 function _flash_removeCallback() {} ""행정중심복합도시 역사적 사업"" ""민영화 만능아니다"" (서울=연합뉴스) 김재현기자= 노무현(盧武鉉) 대통령은 7일 부동산시장 안정 문제와 관련, ""서울의 문제가 지방으로 확산되는 것을 막아야 하며, 부화뇌동하는 투기는 잡아야 한다""면서 ""부동산 투기는 필요악으로도 용납이 안된다""고 강조했다.",부동산 투기는 필요악으로도 용납이 안된다,0,0.917177677154541,0.5445765256881714,3,69,1,0,False,False,True
['은행에 50만원씩 월세?'],'모바일익스프레스' ▶ (머니마켓) 휴대폰으로 받는 특별한 투자 코치!,고객님 이번에 대출 만기가 돌아오면 일부 상환을 해야 대출 연장이 가능하세요 ,1,0.5404688119888306,0.7261041402816772,3,24,6,1,True,False,False
['하루 15시간 일해도 강남·홍대앞 빼면 10곳 중 7곳 적자'],/허문찬 기자 sweat@hamkyung.com 서민층 대상 식당가 된서리…화장품·꽃집·이용원 폐점 늘어 재료값 뛰고 경쟁 갈수록 치열…임대료 빼면 남는 돈 없어 부동산 중개시장도 직격탄 개점업소보다 폐점 더 많아…통계시작된 86년 이후 처음 서민층 대상 식당가 된서리…화장품·꽃집·이용원 폐점 늘어 재료값 뛰고 경쟁 갈수록 치열…임대료 빼면 남는 돈 없어 부동산 중개시장도 직격탄 개점업소보다 폐점 더 많아…통계시작된 86년 이후 처음 서민층 대상 식당가 된서리…화장품·꽃집·이용원 폐점 늘어 재료값 뛰고 경쟁 갈수록 치열…임대료 빼면 남는 돈 없어 부동산 중개시장도 직격탄 개점업소보다 폐점 더 많아…통계시작된 86년 이후 처음 서울 종로구 명륜동과 혜화동 일대는 서울에서 대대로 살고 있는 중산층 주민이 많은 곳이다.,지방에 비해 경기가 그나마 좋다고 하는 서울의 자영업소도 10곳 중 6 7곳은 사실상 적자 점포로 보면 된다,1,0.5558938980102539,0.4859393835067749,9,118,4,1,False,False,True
['상환능력 고려를'],KBS 뉴스 공아영입니다.,수수료가 없는 부분은 기존에 고객님이 가지고 있는 대출을 바꿔탈 때 ,1,0.3566123247146606,0.7390692234039307,2,15,6,1,True,False,False
"['20평이 몇 천만원 껑충, 말 되나']",대전 지족동 열매마을 대우아파트는 1억원 미만이던 아파트가 1억5500만원으로 뛰었다.,2008년 복정 동부센트레빌 106 제곱미터 전세가격이 1억6000만원이었는데 지금은 2억1000만원을 넘는다,0,0.661394476890564,0.6622062921524048,6,54,5,1,False,False,True
"['사라진 기름 40억 리터, 어디로 갔나']","- ⓒ 2005 오마이뉴스, 무단 전재 및 재배포 금지 - - ⓒ 2005 오마이뉴스, 무단 전재 및 재배포 금지 -",기름은 유통단계에서 5 퍼센트 이내의 오차범위를 허용하고 있다,1,0.4563071727752685,0.5529155731201172,6,42,5,1,False,False,True
"['회사가 있어야 직원도 있다…폭력, 호응 못받아']",중소기업 대표의 글에는 “경기 불황을 탓하는 것은 무능함을 덮는 핑계” “직원들이 저렇게 한다는 건 당신도 문제점이 많다는 것” 등의 비아냥을 담은 댓글이 잇달아 달렸다.,직원들이 저렇게 한다는 건 당신도 문제점이 많다는 것,0,0.7521337270736694,0.7129002809524536,6,42,4,1,False,False,True
['사라지는 주유소들'],'머니투데이운세' ] [오늘 나의 운세는?,재테크를 부탁해,1,0.5011788606643677,0.6905033588409424,2,60,4,1,False,False,True
['애플 곤경에 웃을 수도 울 수도…'],"업계의 한 관계자는 ""스마트폰 분야에선 최대 라이벌이지만 반도체 분야에선 최대 고객인 애플의 불행에 삼성전자는 웃지도, 울지도 못하고 있는 처지""라며 ""잡스의 기자회견에 발끈한 다른 경쟁업체들과 달리 삼성전자가 가만히 있는 것이 그런 상황을 단적으로 보여 주는 것""이라고 말했다.",스마트폰 분야에선 최대 라이벌이지만 반도체 분야에선 최대 고객인 애플의 불행에 삼성전자는 웃지도 울지도 못하고 있는 처지,0,0.551560640335083,0.3821264207363128,6,55,1,0,False,False,True
['네탓'],[모바일 캡처] 26일 접속이 허용된 음란 사이트.,유해한데 허용했다,1,0.6343623399734497,0.257530927658081,1,55,6,1,True,False,False
['가계부채 부실 위험 112만 가구'],// flash 오류를 우회하기 위한 함수 추가 function _flash_removeCallback() {} 전체 부채가구의 10% 수준…저소득층 위주로 위험 증가 (서울=연합뉴스) 이지헌 기자 = 한국은행이 가계부채의 잠재위험을 측정하고자 새 지표를 개발해 분석한 결과 112만 가구가 부실 위험에 노출된 것으로 나타났다.,가계 부문의 부실 위험이 저소득층 저자산 보유자 비정규직 등 취약계층 중심으로 증가하면서 위험가구의 가구당 부채 규모가 1억5천만원에서 1억3천만원으로 감소했다,1,0.7585501670837402,0.362865149974823,5,51,2,0,False,False,True
"['생필품, 국제시세보다 비싸면 인하해야']","이 대통령은 이날 청와대에서 열린 국무회의에서 ""서민들이 생활하는데 필수적인 품목들을 국제시세보다 비싸게 살 이유가 없다""며 ""품목 하나하나 조사해 국제시세보다 비싸다면 대책을 세워 수급을 조정, 가격을 떨어뜨려야 한다""고 말했다.",품목 하나하나 조사해 국제시세보다 비싸다면 대책을 세워 수급을 조정 가격을 떨어뜨려야 한다,0,0.8079757690429688,0.724968671798706,4,77,0,0,True,False,False
['아이폰3GS 새모델 6일만에 1만대 판매'],// flash 오류를 우회하기 위한 함수 추가 function _flash_removeCallback() {} 【서울=뉴시스】정옥주 기자 = KT는 아이폰3GS(8GB) 새 모델이 출시 6일 만에 1만여 대가 판매됐다고 19일 밝혔다.,아이폰 3 새 모델이 준비한 초기 물량이 모두 팔려나가며 예상보다 빠른 판매 속도를 보이고 있다,1,0.7628822326660156,0.3230448365211487,5,43,1,0,False,False,True
['차라리 준공승인 취소를'],용인시 성복동의 H아파트 단지.,무작정 정부 대책이 나오기만 바라고 있다,1,0.3767108619213104,0.8529239892959595,3,32,6,1,True,False,False
"['삼성, 화웨이처럼 당할 수도']",“삼성 전 임직원 위기의식 가져야” “삼성 전 임직원 위기의식 가져야” 이 같은 이 부회장의 위기의식을 전 임직원에게 효과적으로 전달하기 위해 핵심 경영진과의 연쇄 회동을 추진한다는 게 삼성 측 설명이다.,이 부회장은 미국 정부가 중국 정부를 굴복시키기 위해 화웨이를 집중 공격하듯이 삼성도 어느 한순간 특정 국가로부터 견제당할지 모른다는 걱정을 하고 있다,0,0.7794468402862549,0.4576427042484283,4,55,6,1,False,True,False
['5년 뒤 유망직종 1위는 금융자산운용가'],// flash 오류를 우회하기 위한 함수 추가 function _flash_removeCallback() {} (서울=연합뉴스) 안 희 기자 = 취업포털 커리어는 자사 소속 경력 컨설턴트 42명을 대상으로 5년 뒤 가장 유망한 직업에 대해 조사한 결과 금융자산 운용가가 1위로 선정됐다고 12일 밝혔다.,금융상품 또한 다양해지면서 금융자산 운용가의 역할이 계속 커질 것,1,0.6306459903717041,0.4994132220745086,5,64,2,0,False,False,True
['모든 책임지고 퇴진'],[뉴스1] 28일 박삼구 금호아시아나그룹 회장의 퇴진 발표 배경에 이목이 쏠린다.,금융시장 혼란 초래 등 모든 책임지고 퇴진하겠다,0,0.7396150827407837,0.865314245223999,3,30,3,1,False,False,True
['계급장 떼고 얘기하자'],다음 관계자는 “원활한 의사소통 구조를 갖추기 위한 수평문화”라면서 “초기에는 어색해 했지만 지금은 정착이 된 상황”이라고 설명했다.,앉아서 결재하시죠,1,0.7075710296630859,0.608742356300354,3,35,3,1,False,False,True
['한국 조선사업 10년 뒤에도 끄덕없다'],CBS경제부 이재웅기자,한국의 조선산업 성장과 과제,1,0.8115514516830444,0.7581189274787903,5,22,6,1,True,False,False
['못 믿겠네'],송파구 소재 한 정육점은 국내산 쇠고기 1등급 안심부위를 1+등급으로 속여 팔았다.,주택가와 도로변에 있어 시장이나 대형마트 안에 있는 업소보다 점검기회가 적은 식육판매업소에 대해 특별 위생점검을 실시한 결과 조사 대상 89개 업소 중 42곳 에서 위반사항이 적발됐다,1,0.0393676348030567,0.1687710285186767,2,56,5,1,False,False,True
"['소음은 윗집이, 처벌은 내가']","고음은 어느 정도 벽이나 커텐이라던지로 흡수나 차단이 되는데 저음은 진동에 가깝기 때문에 벽이나 기둥을 타고 진동이 전달됩니다."" 사용 설명서에는 경비실에서 찾아오면 '윗집 먼저 조용히 시켜라'고 대응을 하고, 만약 윗집에서 경찰을 부르면 '친절하게 대해서 친해져라'는 지침까지 내립니다.",원래 우퍼 스피커란 스피커 내에 저음을 내는 드라이버 진동판이 달려 있는 겁니다 고음은 어느 정도 벽이나 커텐이라던지로 흡수나 차단이 되는데 저음은 진동에 가깝기 때문에 벽이나 기둥을 타고 진동이 전달됩니다 ,1,0.5135313272476196,0.6445003747940063,4,62,6,1,True,False,False
"['팔지도, 사지도 못한다']","개포동 N공인 대표는 ""매수 문의가 끊기다보니 어떤 때는 전화기가 고통났나 싶어 슬그머니 수화기를 들어 신호음을 확인해 보기도 한다""며 ""시세보다 2천만~3천만원 싼 급매물이 나와도 아무도 관심을 보이지 않는다""고 말했다.",집값이 떨어진다고 하니 매수자들이 움직이질 않는다,1,0.4766304492950439,0.5350624918937683,3,43,5,1,False,False,True
"['GTX-A 곧 착공, 인천2호선 일산까지 연장']",/국토부 제공 김현미 국토교통부 장관.,3기 신도시 발표 이후 1억원이 떨어졌다 5000만원이 떨어졌다 기사가 나오는데 실제 확인해보니 사실이 아니다,1,0.3856832981109619,0.8252043724060059,6,13,4,1,False,False,True
['혼수가전 구입비용 400만원대'],500만원대도 지난해 19.4%에서 올해 25.4%로 늘었다.,디지털 가 대형화되고 홈시어터가 혼수품의 필수품목으로 자리잡으면서 혼수가전 구입비용이 지난 가을에 비해 100만원 가까이 올라갔다,1,0.6172038912773132,0.1493621468544006,3,41,3,1,False,False,True
['명품 쇼핑백에 원산지 표시라니요'],"다만 쇼핑백 외부 바닥면에 '원지종류'와 '표면처리방식', '제조사', '제조일자' 등의 정보를 표시해야 한다는 전제조건이 붙는다.",쇼핑백을 재활용할 수 있느냐 여부가 관건인데 표면처리 방식이야 일정부분 도움이 될 수 있겠지만 원지종류와 제조사까지 기재하라는 건 불필요하지 않은가 싶다,0,0.6042296886444092,0.6183336973190308,4,50,6,1,False,True,False
['7월부터 자동납부 조회·변경·해지 한곳서'],"(자료제공=은행연합회)© News1 (자료제공=은행연합회)© News1 (자료제공=은행연합회)© News1 hyuna@ [이슈 속으로~ 뉴스1 카드뉴스] [이슈 속으로~ 뉴스1 카드뉴스] [뉴스1 무료만화] [뉴스1 무료만화] [© 뉴스1코리아( news1.kr ), 무단 전재 및 재배포 금지] [© 뉴스1코리아( news1.kr news1.kr), 무단 전재 및 재배포 금지]",10월부터 주 계좌를 변경하는 것이 가능한데 초기에는 시스템 안정화 소비자 권익보호가 가장 중요하기 때문에 먼저 안정화가 된 이후에 고도화 작업을 진행할 것,1,0.6456685066223145,0.4804255068302154,4,71,3,1,False,False,True
"['싱글족, 할인점서 만나요']","2년전 독일 도르트문트 매장에서 ‘싱글 쇼핑 나이트’라는 이름으로 시작된 이 마케팅은 할인점이 많은 사람들이 모여드는 장소라는 점에 착안, 다양한 고객층을 끌어들이기 위해 마련됐다.",의외로 안전하고 건전하게 만남을 가질수 있는 공간이 부족한데 생활을 판매하는 할인점에서 자연스럽게 이성을 만나도록 주선하면 고객들에 도움이 될 것으로 보여 국내에서도 이 프로그램을 도입키로 했다,1,0.5409071445465088,0.510678231716156,3,50,2,0,False,False,True
['최저임금 2%만 올려도 자영업자에겐 사약'],"신상우 대표는 ""생계형 자영업자인 편의점주의 평균 희망소득은 200만~300만원에 불과한데, 실상은 대외적인 비용 증가와 과당경쟁으로 이에 미치지 못한다""며 ""지금보다 2~3% 임금을 더 올리면 자영업자에게는 사약을 내리는 것""이라고 지적했다.",지금보다 2 3 퍼센트 임금을 더 올리면 자영업자에게는 사약을 내리는 것,0,0.7832046747207642,0.6579914689064026,5,74,1,0,False,False,True
"['밀레니얼 세대, 車 소유가 아닌 공유 희망해']",/사진제공=현대자동차그룹 정의선 현대차그룹 수석부회장이 이규성 칼라일그룹 공동대표와 대담을 나누고 있는 모습.,밀레니얼 세대는 자동차를 소유하는 것이 아니라 자동차 공유를 희망하고 있다,0,0.9016177654266356,0.6400033235549927,7,53,2,0,False,False,True
"['대기업, 은행보다 돈 더 많다']","이에 한 시중은행장은 ""세계 각지에 근거를 두고 '다국적화'된 국내 대기업들은 실제로 (국제금융시장 등에서)국내 은행보다 좋은 조건에 자금을 조달하고 있다""고 말했고, 대부분의 은행장들도 공감을 표했다.",대기업들이 은행보다 돈이 더 많다 특히 삼성전자는 은행보다 더 싸게 돈을 빌려올 수 있다 ,0,0.668869137763977,0.6604126691818237,5,70,5,1,False,False,True
['하필 이 시점에'],"이어 ""더욱이 당시 현 회장은 분명 8월16일 김 위원장과 오찬을 하고 여러 가지 대화를 나눴는데, 오찬이 아니라 만찬이라고 적혀있는 것도 오류""라고 짚었다.",더욱이 당시 현 회장은 분명 8월16일 김 위원장과 오찬을 하고 여러 가지 대화를 나눴는데 오찬이 아니라 만찬이라고 적혀있는 것도 오류,1,0.3669614195823669,0.4351781904697418,3,74,6,1,True,False,False
['예고된 재앙'],성남|최인진 기자 LH가 사업 포기를 선언한 경기 성남시 수정구 신흥동 주택가.,이르면 다음달 늦어도 10월 전에는 그 결과가 나올 것,1,0.4288156032562256,0.844633936882019,2,23,5,1,False,False,True
['웨강아오 천지개벽…韓 위기감 느껴야'],"[선전·홍콩 기획취재팀 = 이진우 산업부장(팀장) / 박만원 기자 / 이승훈 기자 / 강계만 차장 / 김대기 특파원 / 김제관 기자 / 문지웅 기자 / 조성호 기자 / 나현준 기자 / 임형준 기자 / 김유신 기자 / 홍혜진 기자] ▶네이버 메인에서 '매일경제'를 받아보세요 ▶네이버 메인에서 '매일경제'를 받아보세요 ▶뉴스레터 '매콤달콤' 구독 ▶뉴스레터 '매콤달콤' 구독 ▶무궁무진한 프리미엄 읽을거리 ▶무궁무진한 프리미엄 읽을거리 [ⓒ 매일경제 & mk.co.kr, 무단전재 및 재배포 금지]",우리도 더 이상 뒤처져선 안 되겠다는 위기감이 들었다,1,0.4879866242408752,0.7049489617347717,4,91,3,1,False,False,True
"['美·中 모두 루저, 530조 날릴 판']",사진=AFP 도널드 트럼프(왼쪽) 미국 대통령과 시진핑 중국 국가주석.,미중 무역갈등으로 저세계 0 5 퍼센트 타격,0,0.3460713624954223,0.2994623482227325,6,23,4,1,False,False,True
['마카롱 일부 제품서 식중독 일으키는 황색포도상구균 검출'],마카롱기사 내용과 직접 관련 없는 참고용 자료 사진임[촬영 강규일] 마카롱기사 내용과 직접 관련 없는 참고용 자료 사진임[촬영 강규일] 마카롱기사 내용과 직접 관련 없는 참고용 자료 사진임[촬영 강규일],황색포도상구균이 검출된 6개 브랜드 제품 모두 자가품질검사 의무가 없는 즉석판매제조 가공업으로 허가받은 업체의 과자류였다,1,0.6659882068634033,0.6241371631622314,7,45,2,0,False,False,True
['올려야'],그러나 논의는 이제부터 시작이다.,그런데 우리가 정책적으로 최저임금 인상을 보는 것은 우리 사회 저임금 근로계층이 25 퍼센트 수준으로 높은 편으로 격차가 크기 때문,0,0.2512599229812622,0.4346370995044708,1,27,5,1,False,False,True
['짝퉁 잡는다'],중동지역에서 유통되고 있는 모방제품들은 포장지에 ‘LG’로고·라벨을 도용하는 것은 물론 내외부 포장에 ‘Made in Korea’를 크게 인쇄하는 등 한국의 LG전자 제품임을 부각시키고 있다고 LG전자는 설명했다.,해외시장에서 브랜드 가치를 지키기 위해 법무전담인력을 확대해 나가고 특허전담인력도 오는 2007년까지 300여명 선으로 늘릴 계획,1,-0.0277267470955848,0.2655480504035949,2,64,5,1,False,False,True
"['삼성, 더 젊어져야']","젊게 해야 한다""고 대답했다.",어떤 시대건 조직은 젊어져야 한다 젊게 해야 한다,0,0.5874882936477661,0.7152834534645081,3,86,3,1,False,False,True
['현금영수증 카드 나온다'],// flash 오류를 우회하기 위한 함수 추가 function _flash_removeCallback() {} [edaily 김상욱기자] 국세청은 현금영수증 발급 편의를 제고하기 위하여 `현금영수증카드`를 보급한다고 28일 밝혔다.,7 8월중 카드를 디자인 제작하게 되면 9월부터는 전국적으로 현금영수증카드 를 보급할 수 있을 것으로 예상된다,1,0.7088770270347595,0.2347141802310943,3,43,0,0,False,True,False
['잠깐 차만 탔을 뿐인데...'],꺼림칙한 부분이 있었지만 일당이 탐났던 A씨는 차에 타기로 했다.,고액의 아르바이트를 해 보지 않겠느냐,1,0.4171083271503448,0.7489633560180664,4,37,6,1,True,False,False
['여름인데…'],"최소연 롯데마트 주류MD(상품기획자)는 ""보통 여름이 가까워지면 맥주 수요가 늘고, 소주 매출이 줄지만 올해의 경우 '순하리 처음처럼'과 같은 과일향·즙을 넣은 순한 소주가 인기를 끌면서 상황이 크게 달라졌다""고 전했다.",보통 여름이 가까워지면 맥주 수요가 늘고 소주 매출이 줄지만 올해의 경우 순하리 처음처럼 과 같은 과일향 즙을 넣은 순한 소주가 인기를 끌면서 상황이 크게 달라졌다,1,0.465952605009079,0.4262545108795166,1,63,6,1,True,False,False
['아! 옛날이여'],고액권 대용으로 사용되는 10만원권 수표가 `퇴물`로 전락하고 있다.,현금 없어요 아니면 카드로 하시든지 ,1,0.2508286833763122,0.4551884531974792,2,28,5,1,False,False,True
['연말 선물족 잡아라'],현대백화점 압구정 본점은 11일까지 '앤틱주얼리 초대전'을 연다.,이번 세일은 연말을 준비하는 고객에게 신상품뿐 아니라 이월상품을 싸게 구입할 수 있는 좋은 기회가 될 것,1,0.6015105247497559,0.737517237663269,3,72,4,1,False,False,True
['최저임금 쇼크 지속 여파'],/기재부 제공 홍남기 부총리 겸 기획재정부 장관이 5월 23일 광화문 정부서울청시에서 열린 관계장관회의를 주재하고 있다.,최저임금 충격 계속되고 있어,1,0.9131860733032228,0.618881106376648,4,43,2,0,False,False,True
['미국호텔에 출몰'],"노 의원은 “이건희 삼성회장이 총지휘한 희대의 정,경,언,검 유착사건이 총지휘자의 의도대로 완전범죄로 굳어지고 있고, 검찰이 이를 방조하고 있다”며 “97년대선 정,경,언,검 유착사건의 등장인물인 김인주 당시 삼성 재무팀장과 이회성(이회창 동생)이 약속이나 한 듯 진술을 번복하고 있다”고 지적했다.",건강한 모습으로 미국호텔에 출몰한다,0,0.8187940716743469,0.49210125207901,2,70,6,1,False,True,False
['SSG마켓 음식 냄새 때문에'],SSG 도곡점 F&B(식음료) 시설 배기 과정에서 음식 냄새가 아파트 건물 쪽으로 흘러들어갔다는 게 이마트 측 설명이다., 이마트 운영 프리미엄 푸드마켓 도곡점 시설에서 유입된 음식 냄새에 대한 피해 배상 성격으로 2억원을 받기로 했습니다 ,1,0.5957392454147339,0.5531708002090454,4,35,6,1,True,False,False
['韓 경제에 긍정·부정 영향 혼재'],// flash 오류를 우회하기 위한 함수 추가 function _flash_removeCallback() {} '금융시장 허브' 기대감 커져…달러 의존도도 덜어 외환리스크 축소 외환시장 변동 등 중국발 불안에 따른 韓경제 동조화 심화는 우려 【서울=뉴시스】조현아 기자 = 위안화의 국제통화기금(IMF) 특별인출권(SDR) 바스켓 편입이 우리경제에 중장기적으로 어떤 영향을 미칠지 전망이 엇갈리고 있다.,중국 외환시장에 일시적인 충격이 발생할 경우 한국 금융시장도 요동칠 수 있다,1,0.7187288999557495,0.3008972704410553,5,53,2,0,False,False,True
['로르회장 발언은 착각일 것'],"이 인사는 연합뉴스와의 전화 통화에서 ""외신 보도가 나온 직후 프랑스에 있는 지인을 통해 확인해본 결과, 김 회장이 `만난 시점을 로르 회장이 착각한 것 같다'고 말한 것으로 전해들었다""고 덧붙였다.",로르 회장이 만약 그런 말을 했다면 김 회장과 만난 시점을 착각했거나 아니면 의사 소통상의 오해가 있었던 것 아닌가 싶다,0,0.694672703742981,0.6215742826461792,4,116,6,1,False,True,False
"['車, 소유에서 공유로 넘어간다']",공유차와 협력 강화하는 자동차 제조사.,밀레니얼 세대 1980년대초 2000년대초 출생한 세대 는 자동차는 소유하기 보다는 공유하는 것을 희망한다,0,0.671488881111145,0.7059508562088013,4,35,0,0,True,False,False
"['암에 특효, 정력에 좋아']","이들은 인터넷 블로그 등에서 '어간유'를 매일 150∼200㏄ 복용하면 말기 암치료 등에 탁월하고, 얼굴이 맑아지면서 간이 좋아질 뿐 아니라 남성은 정력에 좋고 여성은 자궁에 좋다고 소개했다고 경찰은 밝혔다.",비소는 암을 일으키는 중금속으로 다량 섭취하면 인체에 치명적인 부작용을 발생시키고 산가 기준을 초과한 유지식품은 성인병 등을 유발할 수 있다,1,0.390141874551773,0.4610487520694732,4,63,6,1,True,False,False
['서민 삶은 팍팍한데'],★ 화끈한 토픽·쏠솔한 정보 조세일보 페이스북 초대합니다.,인구 고령화로 상속세보다 증여세가 늘어날 수 있다 사망하는 사람의 비율이 적어지고 노인이 되는 이들이 많아지면서 이들의 증여가 늘어나기 때문,1,0.2939001321792602,0.4714054465293884,3,27,6,1,True,False,False
['김우중씨 2009년까지 인터폴 적색수배'],그러나 김 씨는 1999년 출국한 이후 국내에 입국한 기록이 없는 데다 장기간 인터폴에 의해 적색수배된 상태여서 김 씨의 서울 입국설은 사실이 아닐 가능성이 크다고 법무부는 보고 있다.,이에 따라 인터폴이 2009년 12월까지 김 씨에 대해 적색수배했다,0,0.723031759262085,0.3693459033966064,4,52,1,0,False,False,True
"[""'금감원 이동수 과장' 사칭 스미싱 주의하세요""]","빠른 보안강화하세요""라며 금감원 직원을 사칭했다.",수사당국에 해당 사실을 통보할 예정,1,0.5695311427116394,0.5034264326095581,6,37,3,1,False,False,True
['이러다 회사 망할까 겁나'],장창민/부산=김태현 기자,노조원 절반 이상이 등을 돌렸으면 집행부가 책임을 지고 물러나야 하는 것 아니냐,0,0.5756927132606506,0.6859174966812134,4,34,4,1,False,False,True
['MBC 정보유출 관련 다시 머리 숙여 사과'],"이 팀장은 ""외부 지인과 일부 회사 임직원에게 MBC 내부 정보가 재전송된 것을 확인했으며, 한꺼번에 여러 사람에게 단체메일로 이 정보가 전달된 것을 확인했다""고 말했다.", 의 임직원들과 언론인들에게 다시 한번 머리 숙여 사과드린다,0,0.6378117799758911,0.5767316818237305,7,76,1,0,False,False,True
['ATM 수수료 인하도 검토'],"// flash 오류를 우회하기 위한 함수 추가 function _flash_removeCallback() {} (서울=연합뉴스) 추승호 기자 = 황영기 우리은행장은 17일 ""ATM(자동입출금기) 수수료의 인하도 검토하고 있다""고 밝혔다.", 자동입출금기 수수료의 인하도 검토하고 있다,0,0.7845507860183716,0.6121957302093506,4,52,2,0,False,False,True
['나이 많은 노인'],이 회장이 언급한 '노인'이 몇 살 이상을 의미하는 것인지를 놓고는 해석이 분분하지만 적어도 연말 임원 인사철을 앞둔 시점에서 나온 발언이라는 점에서 상당한 무게감을 갖고 받아들여지고 있다.,나이많은 노인은 안맞죠,0,0.7842659950256348,0.5799663066864014,3,45,6,1,False,True,False
['국민연금 조양호 부결에 지분 11%만큼 역할한 것'],"// flash 오류를 우회하기 위한 함수 추가 function _flash_removeCallback() {} 박능후 보건복지부 장관 겸 국민연금 기금운용위원장./윤동주 기자 doso7@ 박능후 보건복지부 장관 겸 국민연금 기금운용위원장./윤동주 기자 doso7@ 박능후 보건복지부 장관 겸 국민연금 기금운용위원장./윤동주 기자 doso7@ [아시아경제 문채석 기자]""국민연금은 (조양호 한진그룹 회장의 대한항공 사내이사 연임 부결에 대해) 가진 지분대로 11%만큼 주주의 역할을 한 것이다.",국민연금은 조양호 한진그룹 회장의 대한항공 사내이사 연임 부결에 대해 가진 지분대로 11 퍼센트 만큼 주주의 역할을 한 것이다 사회 전반적인 기류가 그렇게 흘렀다고 생각하고 국민연금이 연임 부결을 주도한 것은 아니다 지분율만큼만 권한 행사를 했고 영향을 끼쳤다 생각한다 ,0,0.7003047466278076,0.5870974063873291,7,58,4,1,False,False,True
['주식시장 미친것 아니예요?'],"그는 이어 ""요즘 사람들을 만나면 다들 올해 한번 크게 혼날 것 같다고 하더라""고 덧붙였다."," 

 김 전 행장은 과거 국민은행장 재직시절 주식시장이 극도로 침체돼 있어 모두가 주식투자를 기피하고 있는 상황에서 대규모 투자에 나서도록 해 은행이 나중에 커다란 수익을 올림으로써 주식투자 귀재 로 이름을 날렸었다 

 이날 주식시장이 오후 들어 주식양도차익 과세설 등이 나돌면서 급락세로 돌아선 것은 현재 주식시장에 과열 우려가 적지 않은 것과 무관하지 않은데 한때 주식시장에 대한 동물적 감각을 자랑하던 김 전행장이 이 같은 진단을 내놔 흥미롭다 

 재경부 관계자는 ",0,0.5873460173606873,0.5939422845840454,3,66,4,1,False,False,True
['경제 성공중'],문재인 대통령이 최근 우리 경제에 대해 ‘성공’이라고 규정하며 낙관한 것과 엇박자를 내고 있다는 분석이 나온다.,총체적으로 본다면 우리 경제는 성공으로 나아가고 있다,0,0.8300985097885132,0.4942435026168823,2,60,5,1,False,False,True
['이황선생이 졸려보여요'],‘황준석’은 “화폐 속 인물이 졸려하는 것 같다.,인물초상인 퇴계 이황의 모습이 졸리고 아파 보인다,0,0.7671021819114685,0.7593157291412354,2,31,5,1,False,False,True
['한국 경제는 초과공급 상태'],"""월가에 스티븐 로치가 있다면 한국엔 스티브 마빈이 있다""는 말을 들을 정도로 대표적인 비관론자로 통하는 마빈은 지난 1월에도 ""한국 주식을 팔아라""고 설파했고 최근에는 수출이 둔화되고 있는데도 경기회복을 자신하는 정부를 이해할 수 없다며 ""한국은 이상한 나라""라고 꼬집은 바 있다.",한국의 양대 시장인 미국과 중국의 최종수요가 둔화되면서 한국 수출에 급브레이크가 걸렸다,0,0.7215527892112732,0.4631776809692383,4,62,4,1,False,False,True
['담배값은 계속 올릴 것'],"// flash 오류를 우회하기 위한 함수 추가 function _flash_removeCallback() {} [머니투데이 박재범 기자] 김근태 보건복지부 장관은 31일 ""지난해 이미 정해진 것으로 담배값은 계속해서 올릴 것""이라며 하반기 담배 값 인상 방침에 변화가 없음을 강조했다.",지난해 이미 정해진 것으로 담배값은 계속해서 올릴 것,0,0.9248533248901368,0.7199251651763916,4,53,0,0,True,False,False
['금융위 존재감만으로도 시장 질서·기강 서도록'],그는 오전 취임사에서 “금융위원회의 존재감만으로도 질서와 기강이 설 수 있도록 하겠다.”고 밝혔다.,금융위원회의 존재감만으로도 질서와 기강이 설 수 있도록 하겠다 ,0,0.808688759803772,0.6687291860580444,5,39,1,0,False,False,True
['중국 경제 경착륙 공포 과장됐다'],"모건스탠리 아시아지부장을 역임한 스티븐 로치 예일대 선임연구원은 4일(현지시간) CNBC 방송에 출연해 ""중국 경착륙에 대한 공포가 매우 과장됐다""고 말했다.",중국 경착륙에 대한 공포가 매우 과장됐다,0,0.8729002475738525,0.6152448654174805,5,92,0,0,True,False,False
"[""검찰, '삼성 불법' 증거 이미 갖고있다""]","즉 검찰은 이미 조사를 했고, 증거자료를 다 가지고 있다.",검찰은 이미 이학수 홍석현의 대화에 나오는 삼성의 불법행위를 입증하는 증거자료를 갖고 있다 확신한다 ,0,0.768938422203064,0.8557703495025635,6,55,0,0,True,False,False
['막막하다'],또 용인에 위치한 다른 아파트 단지에서도 비슷한 논란이 빚어지고 있는 상태.,앞으로 나아질 기미가 없기 때문에 더 막막하다,0,0.6839583516120911,0.390092134475708,1,40,6,1,False,True,False
['물의 빚어 죄송하다'],"// flash 오류를 우회하기 위한 함수 추가 function _flash_removeCallback() {} [머니투데이 이승제 기자]박용오 전 두산그룹회장은 25일 춘천CC에서 가진 KBO사장 및 구단주 골프모임에서 ""KBO총재로서 최근 물의를 빚은 점에 대해 죄송스럽게 생각한다""고 말했다.", 총재로서 최근 물의를 빚은 점에 대해 죄송스럽게 생각한다,0,0.6571633219718933,0.4930343627929687,3,43,3,1,False,False,True
['스타벅스 신화는 2회가 지났을 뿐'],(9회중)이제 막 2회가 지났을 뿐이다.,9회 중 이제 2회가 지났을 뿐,0,0.6386430263519287,0.6803022623062134,5,15,3,1,False,False,True
['외환銀 인수 검토'],‘SK증권 통크게Save이벤트’ 김지민기자 dandi@ 김지민기자 dandi@,종합적으로 검토해보고 외환은행 인수를 정부에 건의해볼 예정,0,0.5318337082862854,0.8089234828948975,3,14,3,1,False,False,True
['1인1주택법 위헌주장은 선입견'],"홍 의원은 19일 연합뉴스와의 통화에서 ""박 대표가 `1인 1주택법'을 당론으로 하기에는 무엇하다고 한 것에 대해선 동의는 한다.", 1인 1주택법안 은 주택을 투기가 아니라 소유의 개념으로 하는 것으로 소유권을 침해하는 게 아니라 제한하는 것,0,0.7460865378379822,0.4281117022037506,3,59,5,1,False,False,True
['죽음을 이익에 이용해선 안돼'],"이어 ""죽음은 어떻게도 미화할 수 없다.",죽음으로 문제를 제기하고 죽음을 정치화하고 죽음을 이익을 위해 이용하는 일은 없어야 한다,0,0.8693481087684631,0.8135416507720947,4,40,2,0,False,False,True
['재정확대로 저성장 탈출 어렵다'],그래픽=강준구 기자 한국 경제성장률 추이.,단기 재정 투입으로는 구조적인 저성장세를 탈출하기 어렵다,0,0.8248852491378784,0.6018550395965576,4,65,6,1,False,True,False
['달러강세 이미 정점…하반기 매력적 투자처는 中주식'],"[특별취재팀 = 한우람 차장(팀장) / 김태성 기자 / 김강래 기자 / 박윤예 기자 / 정주원 기자 / 심희진 기자 / 이새하 기자 / 정희영 기자] ▶네이버 메인에서 '매일경제'를 받아보세요 ▶네이버 메인에서 '매일경제'를 받아보세요 ▶뉴스레터 '매콤달콤' 구독 ▶뉴스레터 '매콤달콤' 구독 ▶무궁무진한 프리미엄 읽을거리 ▶무궁무진한 프리미엄 읽을거리 [ⓒ 매일경제 & mk.co.kr, 무단전재 및 재배포 금지]",달러는 앞으로 6개월 이내에 약세로 돌아설 가능성이 큽니다 이 흐름을 타면 향후 6 12개월 내 가장 매력적인 투자처는 중국 등 아시아 주식입니다 ,0,0.7764977216720581,0.7673454284667969,6,70,2,0,False,False,True
['외제차와 충돌사고 땐 경제적 위험에 노출 우려'],"보험연구원 기승도 박사와 이규훈 박사는 ""고가 외산차와 충돌 사고가 발생하면 국산차 운전자들은 경제적 위험에 노출될 개연성이 크다""고 27일 지적했다.",고가 외산차와 충돌 사고가 발생하면 국산차 운전자들은 경제적 위험에 노출될 개연성이 크다,0,0.8895934224128723,0.7549077868461609,7,73,2,0,False,False,True
['엘리엇식 투자도 한국 법테두리 안이면 환영'],/사진제공=뉴스1 최경환 경제부총리 겸 기획재정부 장관이 21일 낮 서울 중구 태평로 한국프레스센터 외신기자클럽에서 열린 외신기자 간담회에서 인사말을 하고 있다.,다만 한국경제는 조금 더 성숙해야 하는 단계여서 단기적인 이익과 중장기적인 이익이 같이 조화롭게 추구되는 것이 필요하다,0,0.6003180742263794,0.5310032963752747,6,63,3,1,False,False,True
['진심으로 사과..19일부터 리콜'],"▶ 이데일리ON, 문자로 시세,추천,진단,상담정보 - #2200 ▶ 이데일리 모바일ㆍ실시간 해외지수/SMS &lt;3993+show/nate/ez-i&gt; ▶ 가장 빠른 글로벌 경제뉴스ㆍ금융정보 터미널, 이데일리 MARKETPOINT ＜ⓒ종합 경제정보 미디어 이데일리 - 무단전재&amp;재배포 금지＞ ＜안방에서 만나는 가장 빠른 경제뉴스ㆍ돈이 되는 재테크정보 - 이데일리TV ＞ ▶ 이데일리ON, 문자로 시세,추천,진단,상담정보 - #2200 #2200 ▶ 이데일리 모바일ㆍ실시간 해외지수/SMS &lt;3993+show/nate/ez-i&gt; &lt;3993+show/nate/ez-i&gt; ▶ 가장 빠른 글로벌 경제뉴스ㆍ금융정보 터미널, 이데일리 MARKETPOINT 이데일리 MARKETPOINT ＜ⓒ종합 경제정보 미디어 이데일리 - 무단전재&재배포 금지＞ ＜안방에서 만나는 가장 빠른 경제뉴스ㆍ돈이 되는 재테크정보 - 이데일리TV 이데일리TV＞ 김보리 (boris@) 김보리 (boris@)",바닥 매트 시정 조치에 대해 한국 고객들과 많은 관계자에게 깊은 심려를 끼쳐 진심으로 사과의 말씀을 드린다,0,0.6011836528778076,0.5057467222213745,3,108,2,0,False,False,True
['재개발 멈추면 시장 주민소환 나설 것'],"// flash 오류를 우회하기 위한 함수 추가 function _flash_removeCallback() {} - 구시가지 재개발 예정대로 추진 촉구 - 구시가지 재개발 예정대로 추진 촉구 - 구시가지 재개발 예정대로 추진 촉구 [이데일리 이지현 기자] 성남시민 300여명이 4일 수정구청 앞에서 ""수정·중원지역 재개발사업을 예정대로 추진하라""고 촉구했다.",주변시세가 하락한 상황에서 사업 추진 시 주민의 부담금 부담만 늘어나게 돼 사업을 중단한 것,0,0.6529927849769592,0.5611739158630371,6,69,5,1,False,False,True
['장기간 L자형 성장 불가피'],베이징 = 박세영 특파원,안정 성장,0,0.7473903894424438,0.7101100087165833,4,22,4,1,False,False,True
['이재용 부사장 승진 결정'],"// flash 오류를 우회하기 위한 함수 추가 function _flash_removeCallback() {} 삼성 경영권 승계 가속화 전망..""내년에도 흑자 많이 내야"" ▲이건희 회장과 이재용 부사장 (서울=연합뉴스) 안 희 기자 = 이건희 삼성전자 회장의 외아들인 이재용(42) 삼성전자 부사장이 올 연말 삼성그룹 임원 인사에서 사장으로 승진할 전망이다.",광저우 출장 중 숙고 끝에 이 부사장을 승진시키기로 결심을 굳힌 것 같다,0,0.7838753461837769,0.6271239519119263,4,60,1,0,False,False,True
['한국，재고넘쳐 성장 둔화'],// flash 오류를 우회하기 위한 함수 추가 function _flash_removeCallback() {} 모건스탠리가 ‘한국의 경기가 아직 바닥을 지나지 않았다’고 진단해 주목을 끌고 있다.,한국의 산업생산이 빠른 속도로 둔화되고 있으나 여전히 재고증가는 계속되고 있다,0,0.7408447265625,0.3433413505554199,3,39,6,1,False,True,False
['더 과감한 재정집행 필요'],"문 대통령은 이어 ""지금 재정이 적극적으로 대응하지 않는다면 가까운 미래에 오히려 더 큰 비용을 지불하게 될 것""이라고 덧붙였다.",재정의 과감한 역할이 어느 때보다 요구되는 시점,0,0.8312151432037354,0.6864632368087769,4,70,0,0,True,False,False
['대타협 파기 선언…전면 투쟁체제로 전환'],"김동만 한국노총 위원장은 이날 오후 기자회견을 열고 ""9·15노사정 합의가 정부, 여당에 의해 처참하게 짓밟혀 휴지조각이 됐고, 완전 파기돼 무효가 됐다""며 이같이 밝혔다.",기자회견을 기점으로 그동안의 협상기조에서 벗어나 정부와 여당의 노동시장 구조개악정책에 맞선 전면적인 투쟁체제로 전환할 것,0,0.6029165983200073,0.5132103562355042,5,70,0,0,True,False,False
"['용광로에서 나오는 가스, 車 한대 80시간 운행한 배출량에 불과하다']","// flash 오류를 우회하기 위한 함수 추가 function _flash_removeCallback() {} 철강協, 가동중단 처분에 반발 철강協, 가동중단 처분에 반발 ""한두 달에 한 번, 한 개의 고로에서 안전밸브(블리더) 개방을 통해 배출되는 가스는 승용차(배기량 2000㏄) 한 대가 하루 8시간씩 10여 일간 운행하며 배출하는 정도에 불과합니다."" 국내 39개 철강제조업체가 소속된 한국철강협회는 최근 지방자치단체의 고로(용광로) 가동 중단 처분에 대해 6일 이 같은 내용이 담긴 설명 자료를 내고 반박에 나섰다.",한두 달에 한 번 한 개의 고로에서 안전밸브 블리더 개방을 통해 배출되는 가스는 승용차 배기량 2000 한 대가 하루 8시간씩 10여 일간 운행하며 배출하는 정도에 불과합니다 ,0,0.7727952003479004,0.5730423927307129,9,88,2,0,False,False,True
['참좋은여행株 17억어치샀다…어려울때 돕는게 장기투자'],"[문일호 기자 / 유준호 기자] ▶네이버에서 '매일경제' 뉴스 구독하고 경품 받아가세요 ▶네이버에서 '매일경제' 뉴스 구독하고 경품 받아가세요 ▶뉴스레터 '매콤달콤' 구독 ▶뉴스레터 '매콤달콤' 구독 ▶무궁무진한 프리미엄 읽을거리 ▶무궁무진한 프리미엄 읽을거리 [ⓒ 매일경제 & mk.co.kr, 무단전재 및 재배포 금지]",헝가리 유람선 사고가 발생한 이후 관련 여행사인 참좋은여행이 보여준 사후 대응을 보면서 이 기업이 위기를 기회로 바꿀 수 있는 저력이 있다고 판단했습니다 기업이 어려울 때 도와야 진정한 장기투자자입니다 ,0,0.6337158679962158,0.6010363101959229,4,55,1,0,False,False,True
['결심'],"▶ 이데일리ON, 문자로 시세,추천,진단,상담정보 - #2200 ▶ 이데일리 모바일ㆍ실시간 해외지수/SMS &lt;3993+show/nate/ez-i&gt; ▶ 가장 빠른 글로벌 경제뉴스ㆍ금융정보 터미널, 이데일리 MARKETPOINT ＜ⓒ종합 경제정보 미디어 이데일리 - 무단전재&amp;재배포 금지＞ ＜안방에서 만나는 가장 빠른 경제뉴스ㆍ돈이 되는 재테크정보 - 이데일리TV ＞ ▶ 이데일리ON, 문자로 시세,추천,진단,상담정보 - #2200 #2200 ▶ 이데일리 모바일ㆍ실시간 해외지수/SMS &lt;3993+show/nate/ez-i&gt; &lt;3993+show/nate/ez-i&gt; ▶ 가장 빠른 글로벌 경제뉴스ㆍ금융정보 터미널, 이데일리 MARKETPOINT 이데일리 MARKETPOINT ＜ⓒ종합 경제정보 미디어 이데일리 - 무단전재&재배포 금지＞ ＜안방에서 만나는 가장 빠른 경제뉴스ㆍ돈이 되는 재테크정보 - 이데일리TV 이데일리TV＞ 이승형 (woods@) 이승형 (woods@)",네,0,0.5925173759460449,0.472758948802948,1,102,4,1,False,False,True
['시장이 미쳤다?'],"김 전 행장은 17일 과천 그레이스호텔에서 열린 서남해안포럼 출범 관련 기자간담회에서 주식시장을 어떻게 보느냐는 질문에 대해 ""시장이 미친 것 아니에요""라고 반문했다.",시장이 미친 것 같다,0,0.8040448427200317,0.6732007265090942,2,72,4,1,False,False,True
['삼성車 부채 떠안지 않기 위해 로비'],〈미디어칸 안광호기자,지난 99년 삼성이 삼성자동차의 부채를 갚지 않기 위해 정관계에 전방위 로비를 펼쳤다,0,0.7816089987754822,0.9375916719436646,6,32,2,0,False,False,True
['향후 집값 상승 없어 손절매 필요…투기 안한 취약계층 먼저 도와야'],"오히려 하우스 푸어보다는 투기를 하지 않은 취약계층, 저소득층부터 적극 도와줘야 한다.",정부가 열심히 일하고 저축하기보다 빚을 많이 내도 부담이 되지 않는 저금리 인센티브로 부동산 부양을 떠받치고 있다 ,0,0.5815895795822144,0.7357577085494995,10,29,5,1,False,False,True
['날씨 궁금하면 치마 길이 보라'],"일기예보 보는 중이랍니다."" 치마 길이로 날씨를 짐작할 수 있다는 다소 이색적인 주장이 나왔다.",사흘 후 날씨를 알고 싶다면 치맛단을 보라,0,0.8573461771011353,0.7914854884147644,5,59,3,1,False,False,True
['왜곡된 현실인식이 경제난 심화'],"맹 정책위의장은 ""경제위기 상황에 대한 정권 차원의 부적절한 현실인식은 편협한 역사인식과 더불어 국정운영의 우선순위를 뒤바꿔 놓았고 결국 국가 전체를 엄청난 분열과 대립, 그리고 혼돈으로 몰아넣는 결과를 초래했다""고 말했다.",정권의 편협하고 왜곡된 현실인식이 정부정책에 대한 불신을 낳게 되고 그것이 우리 경제를 더욱 어렵게 만드는 것,0,0.7530326247215271,0.4968422055244446,4,87,1,0,False,False,True
"['서울시장님·고용장관님, 더이상은 못 버티겠네요']","서울시장님, 고용노동부 장관님, 구청장님도 맛있다고 자주 오셨는데, 더 이상은 안 되겠네요."" 5일 서울 중구 서울고용노동청에서 열린 '2020년 최저임금 심의 공청회'에서 만난 한식당 사장 김형순(55)씨는 이렇게 말하며 한숨을 쉬었다.",고용부 장관님 서울시장님 같은 높으신 분을 단골로 두면서 참 자랑스럽고 행복했어요 죽어라 일해서 꾸린 가게인데 아깝고 서운하죠 그런데 어쩌겠어 타산이 안 맞는데 ,0,0.5985316038131714,0.6562626957893372,4,69,4,1,False,False,True
['한·미FTA 현재대로 통과시키지 않을 것'],워싱턴 = 천영식특파원,오바마 대통령이 현재 존재하는 협상을 그대로 통과시키지는 않을 것이라는 점을 밝힐 것,0,0.6472768187522888,0.7539205551147461,5,8,3,1,False,False,True
['집 살 사람 느긋하게 기다려라'],"건설교통부 서종대 주택국장은 5일 평화방송 라디오 프로그램 '열린 세상 오늘'에 출연, ""집을 사려는 수요자들은 너무 조급해하지 말고 느긋하게 기다리길 바란다""고 밝혔다.",집을 사려는 수요자들은 너무 조급해하지 말고 느긋하게 기다리길 바란다,0,0.7790345549583435,0.711639404296875,5,62,1,0,False,False,True
['죽음을 이용 말라'],"아울러 ""죽음은 어떻게도 미화할 수 없다.",죽음으로 문제를 제기하고 죽음을 정치화하고 죽음을 이익을 위해 이용하는 일은 없어야 한다,0,0.7686225175857544,0.7932711839675903,3,67,3,1,False,False,True
['전쟁 없는한 한국신용등급 이상무'],"신 차관보는 ""국제 신평사들의 관심은 김정일 국방위원장이 김정은에게 권력을 물려주는 세습이 미치는 영향, 즉 승계가 잘되겠는지에 대해 우리 정부의 자세한 설명을 요청했다""고 말했다.",최근 미국 뉴욕에 가서 국제 신평사 고위 관계자들을 만나보니 우리나라 신용등급에 북한 리스크가 이미 반영돼 있으며 전쟁으로 연결되지만 않는다면 신용등급은 괜찮을 것이라는 긍정적인 답변을 얻었다,0,0.7469755411148071,0.3447017073631286,4,76,1,0,False,False,True
['하루 16억씩 中 건너간다'],"검찰이나 경찰, 금감원 등을 사칭하는 '사칭형' 피해액도 지난해 1346억원에 달한다.",하루 평균 12억 16억원씩 중국으로 빠져나가는 셈,0,0.74801105260849,0.6110840439796448,4,29,4,1,False,False,True
['애물단지 공중전화기 40억 비용발생'],17일 KT에 따르면 한국은행이 40년만에 10원짜리 동전의 크기와 무게를 줄이는 방향으로 규격을 바꾸기로 결정함에 따라 10원짜리 동전을 사용하는 공중전화기 부품교체가 불가피하고 이로 인한 비용부담이 약 40억원에 이를 것으로 추산되고 있다.,과거 50원짜리 동전 규격이 바뀌었을 때를 감안하면 부품교체 비용은 40억원에 이를 것으로 추산된다,0,0.6417660713195801,0.2840770483016968,4,75,3,1,False,False,True
['채권단 돈장사'],‘SK증권 통크게Save이벤트’ ▶ (머니마켓) 24개월간 48만원 휴대폰요금 할인!,채권단은 비가격 요소의 반영을 높이겠다는 방침과 달리 가격을 기준으로 협상자를 결정했다,0,0.3734400570392608,0.8671711683273315,2,20,6,1,False,True,False
"['가계빚, 소득격차 통해 사교육비 영향']",삼성경제연구소 이찬영 수석연구원은 한국은행 금융경제연구원이 6일 발간한 「우리나라 가계부채의 결정요인과 평가」 책자에 실린 `가계 재무구조와 사교육비 지출행태' 논문에서 이런 주장을 폈다.,대입을 앞두고 저소득층은 빚 부담에 사교육비 지출을 늘리지 못하지만 중 고소득층은 빚이 늘더라도 사교육비 지출을 늘리는 것으로 이해된다,1,0.8644376397132874,0.4371389746665954,5,86,5,1,False,False,True
"['오피스거래 봇물, 지금이 기회']","// flash 오류를 우회하기 위한 함수 추가 function _flash_removeCallback() {} 제이알운용, 주관사 선정 진행중 작년 KB운용 협상결렬후 재도전 타임스퀘어·영시티도 시장 나와 지난해 오피스 거래액 사상최대 강남·종로이어 부도심으로 확산 제이알운용, 주관사 선정 진행중 작년 KB운용 협상결렬후 재도전 타임스퀘어·영시티도 시장 나와 지난해 오피스 거래액 사상최대 강남·종로이어 부도심으로 확산 신도림 디큐브시티, 영등포 타임스퀘어, 문래동 영시티 등 서울 서남권 일대 대형 오피스들이 줄줄이 매물로 나오고 있다.",최근 다시 디큐브시티 오피스 매각을 추진하고 있는 것은 맞는다,1,0.7224031686782837,0.5646588802337646,4,82,3,1,False,False,True
['1건 유지가 바람직'],중복으로 가입하면 그만큼 보장한도는 더 커진다.,실손의료보험의 상품구조는 동일하지만 보험사의 사업비나 위험관리 능력에 따라 보험료 수준이 다를 수 있으므로 이를 종합적으로 감안해 본인에게 맞는 상품을 선택해야 한다,1,0.300673246383667,0.3091398775577545,3,39,5,1,False,False,True
['백약이 무효'],경기 용인의 B아파트의 경우 7억1000만원이던 분양가를 5억원대으로 내렸다.,통매각 물량이 있어도 흥정을 붙일 곳이 없다,1,0.5273739099502563,0.6937153339385986,2,27,3,1,False,False,True
['배송·제품하자 불만 많아'],(연합뉴스 자료사진) 인천공항세관검사장에쌓여 있는 해외직구 물품들.,국내법 적용이 어려운 해외 온라인 쇼핑몰을 이용할 경우 국내와 다른 교환 환불 시스템과 언어 소통의 어려움으로 피해 구제를 받기 쉽지 않다,1,0.4699895083904266,0.7834571003913879,3,26,6,1,True,False,False
['부동산·주식·현금 다 불안하다'],경제 불확실성에 金바람 분다 경제 불확실성에 金바람 분다 한 시중은행의 서울 청담동 지점 프라이빗뱅커(PB)인 A팀장은 요즘 하루에도 몇 번씩 골드바(금괴)를 살 수 있느냐는 문의를 받는다.,경기 전망이 불확실해 주식에 넣었던 돈을 빼 금 통장으로 상당 부분 옮겨 놓았다,1,0.4853167831897735,0.4513967037200928,3,53,5,1,False,False,True
['가계부채 증가속도 위험수준'],이날 소수의견을 낸 하 위원도 가계부채 증가 속도에 대해서는 우려를 표했다.,장기적으로는 저소득 저신용 차주 등의 가계대출 부실화 및 대규모 상환 불능 위험 등에 대비하는 대책 모색 등을 병행해야한다,1,0.702296257019043,0.6499917507171631,3,44,5,1,False,False,True
['땅보다는 현금'],"대한전선도 4400억원대의 서울 금천구 시흥동 소재 공장부지와 2000억원대의 서초구 서초동 남부터미널 부지를 매물로 내놓았고, 월드건설도 800억원대의 강남사옥이 팔리지 않자 공매 신청에 들어갔다.",기업들이 보유부동산을 매물로 내놓는 것은 현 상황에서는 유동성 확보가 더 낫겠다고 판단했기 때문으로 보인다,1,0.4985530376434326,0.3514330387115478,2,46,5,1,False,False,True
['국민주 찾아가세요'],5일 금융계에 따르면 우리은행은 이달 말까지 옛 포항제철과 한국전력의 휴면 국민주 반환 캠페인을 벌인다.,휴면주 장기보관에 따른 비용을 줄이기 위해 은행들이 이러한 캠페인을 벌이고 있는 것,1,0.156873345375061,0.389315664768219,2,57,5,1,False,False,True
['17년된 라면，1억원에 사겠다'],국민일보 쿠키뉴스 김상기 기자,17년된 라면은 먹지도 못하는데다 별다른 상품가치도 없는데 1억원에 팔겠다니 솔직히 이해하기 힘들다,1,0.6555250883102417,0.7780877351760864,3,20,6,1,True,False,False
['이건희 회장 한밤회의 즐겨'],"현명관 삼성물산 회장은 최근 출간한 자서전 에서 신라호텔 사장, 그룹 비서실장, 삼성물산 부회장 등을 거치며 겪었던 기업인 생활을 정리하면서 이건희 회장의 경영 스타일을 소개했다.",이 회장이 중요한 회의를 할 때 생각을 집중할 시간 옆에서 방해를 받지 않는 시간을 택해 토론과 회의를 하는 걸 좋아한다,1,0.640289306640625,0.3908569812774658,4,72,4,1,False,False,True
['10년 임대하고 세입자도 못 바꾸나'],이에 따라 임대인은 앞으로 10년간 임대차 계약을 유지해야 할 뿐만 아니라 10년 후 임차인의 권리금 회수 기회도 보장해야 하는 처지가 됐다.,전체 임대차 기간이 5년을 초과해 임차인이 계약갱신요구권을 행사할 수 없는 경우 임대인에게 권리금 회수기회 보호의무가 발생하지 않는다,1,0.6317495107650757,0.6805295944213867,5,46,6,1,True,False,False
['술마실때 1/2잔으로 드세요'],"// flash 오류를 우회하기 위한 함수 추가 function _flash_removeCallback() {} (서울=연합뉴스) 정주호 기자 = ""술 마실 때 1/2잔으로 드세요"" 보건복지부는 오는 9월까지 건전한 음주문화 환경조성과 젊은 연령층의 음주율 감소를 위해 `1/2잔 건전음주 캠페인'을 실시한다고 4일 밝혔다.",술 마실 때 1 2잔으로 드세요,1,0.9134433269500732,0.630900502204895,3,55,2,0,False,False,True
['왜 우리만…'],조문술 기자/freiheit@heraldm.com 기자/,관할 지방자치단체에 몇 번 진정을 넣었지만 해답이 없고 뚜렷한 해명도 없다,1,0.3249185979366302,0.3882771134376526,2,28,5,1,False,False,True
"[""'깡통전세' 위험 가장 큰 곳은 경북 구미""]","자치구별로 아파트 전세가율이 낮은 지역을 보면 경기 과천 55.5%, 경기 포천 55.6%, 서울 용산구 55.7%, 서울 강남구 56.2%, 인천 서구 56.6%, 강원 동해 58.5% 등으로 대체로 50%대에 머물렀다.",지방은 아파트 매매 가격이 수도권에 비해 상대적으로 낮고 매매가나 전세가가 큰 차이를 보이지 않다 보니 세금을 내고 내 집 마련보다는 전세를 택하는 경우가 많아 전세가율도 높아진다,1,0.1096371486783027,0.2941295504570007,7,68,2,0,False,False,True
['동전 녹여 팔면 징역 2년'],무단전재 및 재배포 금지＞ 최한나 (,최근 현행 주화를 녹여 악세사리를 만들어 파는 등 본래 용도가 아닌 방법으로 화폐를 사용하는 사례가 빈번하게 적발되고 있다,1,0.4873148500919342,0.9474670886993408,5,7,6,1,True,False,False
['1건 유지가 바람직'],중복으로 가입하면 그만큼 보장한도는 더 커진다.,실손의료보험의 상품구조는 동일하지만 보험사의 사업비나 위험관리 능력에 따라 보험료 수준이 다를 수 있으므로 이를 종합적으로 감안해 본인에게 맞는 상품을 선택해야 한다,1,0.300673246383667,0.3091398179531097,3,37,4,1,False,False,True
['오를때만 득달같이…'],특히 국제유가가 내릴 때는 휘발유값이 제자리이다가 오를 때는 득달같이 판매가가 오르는 전통(?)이 이번에도 재연됐기 때문이다.,국제유가가 지난 몇 주간 올랐지만 방향성이 아직은 뚜렷하지 않다,1,0.1677177399396896,0.2496604919433593,2,40,4,1,False,False,True
['영화같은 엘리베이터 추락은 없다'],"17일 현대엘리베이터 1, 2월 통합사보에 따르면 사보내 `생활속 제품이야기' 코너에서 `영화속 엘리베이터 추락 너무 심했다'는 제목으로 승강기가 추락할 확률이 적은 이유를 조목조목 들었다.",승강기는 고층을 오르내리는 수직 운송 수단이므로 퍼센트 안전을 장담할 수는 없다,1,0.6266785860061646,0.7177692651748657,4,73,2,0,False,False,True
['앞으로 넘어야 할 산은?'],하지만 장 후반으로 갈수록 낙폭을 만회하고 있다.,개인들이 방향성에 확신을 가질 때까지 중국 증시는 당분간 큰 폭의 변동성을 보일 것,1,0.3810059130191803,0.5405503511428833,4,37,6,1,True,False,False
['중국 증시 심상치 않다…투자 주의'],"그는 ""중국 증시가 기술적 저점을 확보했으나, 본격적인 상승 신호가 발생하지 않고 있다""며 ""'중립적인 관점'을 유지한다""고 지적했다.",중국 증시가 기술적 저점을 확보했으나 본격적인 상승 신호가 발생하지 않고 있다,1,0.7232995629310608,0.651287317276001,5,48,3,1,False,False,True
['G20서 시진핑 만난 후 中 추가관세 결정'],"장가희 기자, 밤사이 미 증시 마감상황부터 전해주시죠.",보호무역조치는 경제성장뿐 아니라 저소득 가구에 충격을 가할 수 있다,1,0.3121790587902069,0.6735038757324219,7,17,6,1,True,False,False
"['52시간 지키려 116명 더 뽑았더니, 일 더하겠다며 113명 떠났다']",누구를 위한 52시간제인가라는 질문이 나오는 이유다.,일의 양과 직원 수는 그대로인데 근무시간만 단축해 일이 산더미같이 쌓여가고 있다 6000명의 직원이 250시간씩 하던 일을 직원을 뽑지 않은 채 갑자기 160시간에 처리하는 것은 불가능하다,1,0.5234313607215881,0.6559327244758606,9,35,3,1,False,False,True
['韓 쓰라린 경험 딛고 선진국으로 부상'],▶ (머니마켓) 성공투자의 지름길 '오늘의 추천주' ▶ (머니마켓) 성공투자의 지름길 '오늘의 추천주' ▶ (머니마켓) 성공투자의 지름길 '오늘의 추천주' ▶ (머니마켓) 돈이되는 증권정보 '재야고수 따라잡기' ▶ (머니마켓) 돈이되는 증권정보 '재야고수 따라잡기' ▶ (머니마켓) 돈이되는 증권정보 '재야고수 따라잡기' 김경환기자 kennyb@ 김경환기자 kennyb@,규칙을 만드는 나라 역할 한국에 어울린다,1,0.7121789455413818,0.6271977424621582,6,72,3,1,False,False,True
['고꾸라진 한전 주가 살려라'],// flash 오류를 우회하기 위한 함수 추가 function _flash_removeCallback() {} - 강남지사서 경영정상화 촉구 3년새‘63000원 → 25000원’ 1분기 적자 6299억 최악실적 “정부 무리한 脫원전정책 추진 정책부담 한전에 다 전가시켜” - 강남지사서 경영정상화 촉구 3년새‘63000원 → 25000원’ 1분기 적자 6299억 최악실적 “정부 무리한 脫원전정책 추진 정책부담 한전에 다 전가시켜” 한국전력공사 소액주주들이 급전직하한 한전의 주가회복을 요구하며 ‘행동’에 나섰다.,소액주주 대부분이 직장인이어서 매일 10명 정도씩 돌아가며 현수막 걸어놓고 주장을 펼 것,1,0.4327466189861297,0.4847455620765686,4,67,2,0,False,False,True
['새우등 터질 판'],LG유플러스 관계자는 6일 통화에서 “현재로선 특별한 입장이 없다”며 말을 아꼈다.,현재로선 특별한 입장이 없다,1,0.4261379241943359,0.3552875220775604,3,30,6,1,True,False,False
['환율 조만간 1200원 시대 온다'],[뉴시스] 위안화 가치 하락과 외국인의 '셀코리아'로 원화값이 자유낙하중이다.,그럼에도 기업 물량 등이 쏟아지지 않으면 곧 원화값은 1200원대로 내려갈 수 있다,1,0.631089448928833,0.482665479183197,5,17,3,1,False,False,True
['한.미.일 히트상품에는 재미(fun)가 있다'],이 연구원은 지난해 한국에서 큰 인기를 모은 청계천.이종격투기 K-1.카트라이더(온라인경주게임)나 미국의 히트 상품인 아이토이 휘트니스(게임형 다이어트 프로그램).랜드롤러사(社)의 개량형 인라인스케이트 등이 모두 여가시간을 최대한 즐겁게 보내려는 소비자들의 욕구가 반영된 것이라고 해석했다.,경기 상황 변화에 따라 미국과 일본의 경향이 바로 2 3년내 우리나라의 소비 트렌드가 될 수 있는만큼 이들 국가의 히트상품을 면밀히 분석해야 할 것,1,0.3624215722084045,0.5342118740081787,4,67,2,0,False,False,True
['이미 실내온도 20도 이하입니다'],이번 발표에 따르면 오는 24일부터 내달 18일까지 4주 동안 2000TOE(원유 1t에서 얻는 에너지양) 이상 에너지 다소비 건물 441곳은 실내온도를 20도 이하로 유지해야한다.,현재 매장 온도를 18 20도로 유지하고 있으며 난방기기나 개인용 전열 기기의 사용을 자제하도록 지침을 내린 상태,1,0.675524890422821,0.6752175092697144,4,56,3,1,False,False,True
"['2, 3년內 무역적자']",이 같은 추세가 지속한다면 우리나라는 2∼3년 이내에 무역적자로 돌아설 수 있다는 심각한 경고도 나오고 있다.,주력 제품과 업종의 경쟁력이 위협받고 있어 세계 경제가 회복돼도 이 같은 구조적인 문제를 해결하지 못하면 계속 어려움을 겪을 수밖에 없다,1,0.4247158169746399,0.4597735702991485,3,93,4,1,False,False,True
"['계약금 10%만, 중도금은 연체하세요']",계약금 10%만 있으면 사실상 잔금 납부시까지 중도금 부담이 없는 것이다.,건설사는 계약률을 높여야 하고 소비자는 신용상 문제 없이 적은 금전적 손실로 분양받을 수 있으니 이해관계가 맞아 떨어진다,1,0.4921122193336487,0.7982378005981445,4,44,6,1,True,False,False
"['10일 조업정지, 사실상 6개월 이상 가동중단']",산업계 주요 소식 정윤형 기자에게 들어보겠습니다.,매출 손실만 8000억여원,1,0.226464033126831,0.5710035562515259,6,34,4,1,False,False,True
['진짜 승부는 내년 주총에서'],2019.3.29 (서울=연합뉴스) 김동규 기자 = 29일 한진그룹 지주사 한진칼 정기 주주총회에서 벌어진 표 대결에서는 조양호 한진 회장 측이 '완승'을 거뒀다.,진짜 승부는 내년,1,0.8684568405151367,0.8231598138809204,4,66,2,0,False,False,True
['내년에 그렉시트 위험 다시 부상할 것'],"이에 앞서 폴 크루그먼 미국 프린스턴대 교수도 미국 CNN방송과의 인터뷰에서 그리스와 채권단이 ""전혀 효과 없는 긴축만 반복하고 있을 뿐 변한 것이 없다""며 ""그렉시트가 일어날 가능성이 충분하다""고 전망했다.",그렉시트가 일어날 가능성이 충분하다,1,0.5848369598388672,0.4714875817298889,6,52,2,0,False,False,True
['외국물 먹으면 뜬다'],"정용정 / 서울 서대문구 ""출근 전에 왔고요.",해외 여행을 가야만 즐길 수 있는 유명 카페들이 국내에 속속 들어서고 있는데요 이곳을 찾으려는 젊은층이 몰리면서 주변 상권까지 활기를 띄는 모습입니다 ,1,0.4029361009597778,0.7361049652099609,3,22,6,1,True,False,False
['청양고추도 외국산'],"그러나 회사가 외국에 넘어간 바람에 청양고추는 수입품이 됐고, 한국인들은 청양고추를 먹을 때마다 외국에 로열티를 낸다.",지금도 많은 농산물 종자를 외국에서 사오는 상황이어서 동부팜한농 마저 외국에 팔리면 종자 산업 전체가 타격을 받을 가능성이 크다,1,0.5052638053894043,0.3276227116584778,2,30,6,1,True,False,False
['걸으면 걸을수록 돈 받아요'],지난 해 말부터 시작한 '헬스 포인트제'는 걸으면 걸을수록 포인트가 쌓이면서 환산된 돈을 월급과 함께 지급하며 상품권으로도 받을수 있다.,운동이나 걷는 것이 건강에 좋다는 것은 모두가 알고 있지만 실천하기 쉽지 않은 것이 현실이다 어떻게 하면 직원들이 쉽게 운동할 수 있도록 할까 생각하다가 떠오른 것이 바로 헬스 포인트제 ,1,0.3929099440574646,0.5816547274589539,4,54,2,0,False,False,True
['롯데를 망하게 할 1호 아이디어가 기저귀?'],그리고 롯데는 '롯데를 망하게 할 아이디어' 1호로 전 차장의 '홀딩밴드형 기저귀'를 뽑았다.,롯데를 망하게 할 아이디어를 찾아라,1,0.8600484132766724,0.7418588399887085,6,38,6,1,True,False,False
['차 안에 장시간 방치 땐 대부분 변형·손상'],다만 한여름 차안에서 장시간 방치 땐 대부분 변형 및 손상이 발생했다.,빨강 파랑 등 원색 계열의 렌즈는 색상 왜곡 및 피로감을 줄 수 있어 주의가 필요하다,1,0.3787327408790588,0.5882130265235901,7,96,2,0,False,False,True
['연비 높여라'],‘더 가볍고 더 강하게’가 목표다.,과거에는 인장강도 기준으로 당 45 급 이상을 주로 썼다면 2010년부터 60 급 이상을 많이 적용한다,1,0.4647077322006225,0.4501717984676361,2,22,4,1,False,False,True
['서울서 아파트 사려면 7년넘게 한푼도 안쓰고 모아야'],7년 넘게 소득을 한 푼도 안 쓰고 모아야 살 수 있다는 의미다.,한국 전체의 주택부담 수준은 국제적으로 높지 않지만 지역별로 상당한 편차가 존재하며 특히 서울의 아파트를 사기 위한 부담은 매우 높은 수준,1,0.6440097093582153,0.6804653406143188,7,45,2,0,False,False,True
['밤중에 미안합니다만 체납 세금 좀…'],대낮 같으면 “세금 안 내시면 불이익 받습니다” 식으로 겁을 준다면 밤에는 체납자들을 최대한 다독인다.,선생님 현재 세금 100만 원 안 내신 걸로 나오는데 납부 좀 부탁드려요 ,1,0.7496124505996704,0.6662183403968811,5,27,5,1,False,False,True
['시원하게 나옵니다'],`(변이) 안 나오면 (쾌변 요구르트의 유산균이) 쳐들어간다'는 뜻.,세계적인 장수국가 불가리아와 이름이 비슷하거나 불가리아의 유산균이 들어있는 것처럼 판매되는 제품이 많이 있지만 불가리아의 정통 유산균을 사용해 만든 제품은 매일 불가리아 가 국내 최초,1,0.1733687222003936,0.6471003890037537,2,26,5,1,False,False,True
['서울·수도권 아파트 가격 떨어진다'],CBS경제부 김대훈기자 (대한민국 중심언론 CBS 뉴스FM98.1 / 음악FM93.9 / TV CH 162),33평형이 5천만원정도 떨어졌는데 매물은 없고 거의 거래도 이루어지지 않는 상태,1,0.3737450242042541,0.6963308453559875,4,39,3,1,False,False,True
['베이비붐세대 은퇴로 집값 급락할지도'],// flash 오류를 우회하기 위한 함수 추가 function _flash_removeCallback() {} (서울=연합뉴스) 윤선희 기자 = 지속적인 인구 감소와 함께 베이비붐 세대가 은퇴 후 부동산 자산을 처분하는 등의 가계자산 포트폴리오를 본격화하면 주택가격이 급락할 가능성이 있다는 주장이 나왔다.,인구 감소와 가계자산 변화가 본격적으로 이뤄지고 중장기적으로 2기 신도시 등을 통한 수도권 주택 공급이 늘어나면 주택 가격은 하락 압력을 받을 것,1,0.753372311592102,0.5477069020271301,4,47,5,1,False,False,True
['한국의 수산물 수입규제 WTO 강제해결절차 돌입 방침'],"// flash 오류를 우회하기 위한 함수 추가 function _flash_removeCallback() {} 하야시 농림수산상(EPA.연합뉴스.자료사진) 하야시 농림수산상(EPA.연합뉴스.자료사진) 하야시 농림수산상(EPA.연합뉴스.자료사진) 농림수산상, 기자회견서 ""더 대화해도 같은 결과"" (도쿄=연합뉴스) 조준형 특파원 = 일본 정부는 한국 정부의 일본산 수산물 수입 규제에 대해 세계무역기구(WTO)에서의 강제해결 절차에 돌입할 방침을 밝혔다고 NHK가 21일 보도했다.",대화의 가능성은 부정하지 않지만 같은 식으로 대화를 하면 같은 결과 결렬 가 될 것으로 예상된다,1,0.0834705829620361,0.490436851978302,7,72,4,1,False,False,True
"['탈출, 김여사']",장현진 선수를 포함해 서한 퍼플 모터스포트팀 선수들이 강사로 나섰다.,주차장 진출입로에 들어갈 때는 차량과 벽 사이 1 간격을 유지한 상황에서 내 차의 사이드미러가 진출로의 입구를 지났을 때 스티어링 휠을 안으로 크게 꺾으면 된다,1,0.2462377250194549,0.4912559390068054,2,54,6,1,True,False,False
['실손보험 중복가입 확인해 낭비 줄이세요'],금감원은 실손의료보험 중복가입이 지속적으로 발생함에 따라 2개 이상의 실손보험에 가입한 고객들에게 보험계약 내용을 재안내하기로 했다고 2일 밝혔다.,실손보험 상품은 보험사별로 사업비 구조 보험요율 위험관리 능력 등에 따라 보험료 수준이 상이하다,1,0.6155436038970947,0.6408305168151855,5,54,2,0,False,False,True
['크리스마스 케이크 戰爭은 벌써 시작됐다!'],"치열했던 그 순간 “한바탕 전쟁을 치른 느낌입니다” 케이크를 만드는 제과,제빵회사들은 크리스마스와 연말이 소위 말하는 '대목'이다.",올해 크리스마스를 겨냥한 기획을 시작하고 있고 4 5월쯤이면 윤곽이 드러날 것,1,0.627398669719696,0.739736795425415,5,40,3,1,False,False,True
"['아파트 분양가, 주변 시세 넘으면 안 돼']",9억원이 넘으면 중도금 대출이 안 되는 고가 아파트로 분류된다.,이번 조치로 분양가 수준이 현재보다 다소 하향 조정돼 주택시장이 보다 안정을 찾을 것,1,0.6039912700653076,0.637535572052002,7,43,4,1,False,False,True
['답이 없는게 더 큰 문제'],"[© 뉴스1코리아( news1.kr ), 무단 전재 및 재배포 금지] [© 뉴스1코리아( news1.kr news1.kr), 무단 전재 및 재배포 금지]",그것이 끄집어내야 할 진정한 묘수,1,0.5231726765632629,0.5132103562355042,5,25,5,1,False,False,True
['정책이 시장에 졌다'],"◆예고된 악재= ◆예고된 악재= 증시 전문가들은 그동안 이머징 증시의 약세를 점칠만한 배경으로 미국 금리인상, 환율, 경제성장률 둔화 등을 꼽아왔다.",금융위기와 같은 극단적인 상황에서 부분적인 거래정지나 공매도 제한 등의 조치가 취해지는 경우는 있으나 단순히 주가가 많이 하락했다고 해서 정부가 인위적으로 발권력을 동원하거나 매매자체를 정지시키는 것은 시장의 신뢰성을 훼손하는 요인,1,0.5510477423667908,0.5419170260429382,3,73,6,1,True,False,False
['G20 독재'],G20 때문인가 싶습니다..,신도림역에 경찰한분과 전경으로 추정되는 분들 열명이 몰려다니네요 위화감이 장난이 아니네요 20 때문인가 싶습니다 경찰국가의 면모를 여실히 보여주네요,1,0.3851649165153503,0.8087680339813232,2,12,6,1,True,False,False
['차 떼고 포 떼고...'],// flash 오류를 우회하기 위한 함수 추가 function _flash_removeCallback() {} 일반분양 물량 1천247가구→618가구 (서울=연합뉴스) 윤종석 기자 = 여름 비수기임에도 불구하고 `대어급' 아파트들이 대거 참여해 눈길을 끌었던 서울 7차 동시분양이 고분양가 논란과 재건축 조합원간 분쟁으로 인해 중도 포기하는 사업장이 속출하며 차질을 빚고 있다.,총회 결과 조합원들이 모두 만족하는 결과를 도출해서 갈등을 말끔히 해결하지 못할 경우 재건축을 둘러싼 소송이 계속 제기돼 결과적으로 조합원 모두의 이익이 침해될 우려가 있다,1,0.169385939836502,0.3194416463375091,4,68,5,1,False,False,True
['연말정산 때 놓친 소득공제 추가신청'],// flash 오류를 우회하기 위한 함수 추가 function _flash_removeCallback() {} (서울=연합뉴스) 박상돈 기자 = 납세자연맹은 10일 연말정산 때 놓친 소득공제가 있는 근로자들은 추가 신청의 기회가 있다며 이를 활용하라고 당부했다.,연말정산 때 놓친 소득공제가 있으면 원천징수의무자 지급명세서 제출기한 다음날인 내일부터 자신의 주소지 관할 세무서에서 개인적으로 환급을 신청할 수 있다,0,0.7098017930984497,0.1724209636449813,5,53,1,0,False,False,True
['부당요구 거부했더니 바로 보복'],"대형 할인점과 거래했던 L사장은 ""할인행사 동참을 거절했다 며칠이 안돼 매장 에서 철수당했다""며 ""항의하고 싶었지만 할인점이 방문 자체를 금지한다는 조 치를 통보해와 찾아갈 수조차 없었다""고 분노했다.",항의하고 싶었지만 할인점이 방문 자체를 금지한다는 조 치를 통보해와 찾아갈 수조차 없었다,1,0.5438815951347351,0.567416787147522,4,64,2,0,False,False,True
['우유 두부'],"[지정환 신부, 임실 치즈 클러스터 이정소 사무국장 제공] [지정환 신부, 임실 치즈 클러스터 이정소 사무국장 제공] [지정환 신부, 임실 치즈 클러스터 이정소 사무국장 제공] [지정환 신부, 임실 치즈 클러스터 이정소 사무국장 제공] [지정환 신부, 임실 치즈 클러스터 이정소 사무국장 제공] 그래픽=심정보 shim.jeongbo@joongang.co.kr 그래픽=심정보 shim.jeongbo@joongang.co.kr 그래픽=심정보 shim.jeongbo@joongang.co.kr 그래픽=심정보 shim.jeongbo@joongang.co.kr 그래픽=심정보 shim.jeongbo@joongang.co.kr 영아·청소년은 물론, 맥주·와인 등의 술안주·간식으로 성인들의 치즈 소비도 늘었다.",우유로 만든 두부,1,0.912954330444336,0.640208899974823,2,91,5,1,False,False,True
['담뱃값 올려도 소비위축 미미'],특히 현 교수는 “정책 목표를 달성하는 수단 중 하나가 가격인상인데 우리의 경우 준조세를 통해 담배가격을 올리고 있다”며 “이는 실제적으로 정부가 준조세 기금을 확대하기 위해 담배가격을 올리고 있는 것으로 보인다”고 지적했다.,정책 목표를 달성하는 수단 중 하나가 가격인상인데 우리의 경우 준조세를 통해 담배가격을 올리고 있다,1,0.8284609317779541,0.6584534049034119,4,84,5,1,False,False,True
['수염기른 기장 비행정지 정당'],아시아나항공의 '임직원 근무복장 및 용모규정'에는 남직원은 수염을 길러서는 안 되고 관습상 콧수염이 일반화된 외국인은 혐오감을 주지 않는 범위에서 허용한다고 돼 있다.,외국인 기장과 달리 수염을 기르지 못하게 하는 것은 차별,1,0.45545494556427,0.2275893986225128,4,53,6,1,True,False,False
['펀드 수수료도 돈'],올 1월 4일 현재 각각 4조 3857억원과 1조 5333억원을 기록한 것에 비하면 꾸준한 증가세다.,펀드 수익률이 지지부진하면서 수수료에 민감한 고객들이 많다 이 때문에 수수료가 저렴하면서 요즘같은 변동장에서 유리한 인덱스펀드와 상장지수펀드에 눈을 돌리는 고객들이 늘어나는 추세,1,0.6693742275238037,0.4752284288406372,3,46,5,1,False,False,True
['임금 올라야 내수 살아난다…디플레 우려에 큰 걱정'],"최 부총리는 ""적정 수준의 임금 인상이 일어나지 않고는 내수가 살아날 수 없다""며 ""미국의 오바마 대통령도 비슷한 주장을 하고 있고, 일본의 아베 총리는 아예 노골적으로 기업들에게 임금 인상을 요구하고 있다""고 말했다.",적정 수준의 임금 인상이 일어나지 않고는 내수가 살아날 수 없다,0,0.7208198308944702,0.668207049369812,7,52,1,0,False,False,True
['이대로 가면…'],‘SK증권 통크게Save이벤트’ 김성휘기자 sunnykim@ 김성휘기자 sunnykim@,한 호주 에서 한미 와 같거나 더 나은 결론을 기대한다,1,0.5636569261550903,0.4984863698482513,2,14,6,1,True,False,False
['올해 아파트 분양물량 2000년 이후 최대…시장에 부담'],"이는 수도권에선 서울 강북(73.7%), 경기(74.0%) 지역을 중심으로 상승세가 지속됐지만 지방 5개 광역시에서는 대전(71.4%) 외 지역에서 매매가격 대비 전세가율이 전분기보다 소폭 하락했기 때문으로 분석됐다.",전세가격 상승세 지속 심사강화해야,1,0.412853479385376,0.2442952692508697,7,60,3,1,False,False,True
['100인치대 LCD도 문제없다'],"삼성전자가 7세대 라인의 유리 원판 크기를 이렇게 정한 것은, 텔레비전용 주력제품으로 정한 40인치와 46인치 크기 모듈을 만드는 데 가장 유리하기 때문이다.","100인치 이상 제품은 가정용이 아닌 산업용 기업용 디스플레이가

 주가 될 것",0,0.6267687678337097,0.5387399792671204,3,51,4,1,False,False,True
['피자헛 위기? 기본 소홀 탓.. 백종원 골목식당 긍정적'],solidkjy@fnnews.com 구자윤 기자,그런데 나중에 보니 이게 피자헛의 글로벌 전략이더라 그걸 안타까워 할 필요도 아쉬워 할 필요도 없다는 걸 깨닫고 간판은 제대로 유지하고 있나 매장은 깨끗하게 유지하고 있나 다시 쳐다보게 됐다,0,0.6693639755249023,0.4048009514808655,8,10,5,1,False,False,True
['내 폰에 낯선 남자 사진이'],"아이폰 사진 해킹 피해자 ""낯선 남자 사진이 있는거예요.",낯선 남자 사진이 있는거예요 찍은적도 없고 전혀 모르는 사람인데 사진 뿐만 아니라 여권 캡처본이랑 부동산월세 계약서 전화번호 이름까지 있는 계약서 있어서 놀랐고 무엇보다 남의 개인정보 들었다는건 저도 여권사진 찍는데 다른사람에게 갈수도 있다는 걱정이 되더라고요 아이폰과 아이클라우드 동기화 과정에서 사진이 유출됐으며 사용자의 클라우드 계정이 해킹된 것으로 보입니다 아이클라우드 계정 해킹문제로 인한 사진유출 사례는 몇해전부터 계속 이어졌습니다 국내 애플제품 사용자 모임의 인터넷 카페에는 사진 해킹으로 인한 글들이 자주 올라옵니다 하지만 해킹 이슈가 터질때마다 애플측은 보안 패치를 업데이트하며 해킹에 대비한다는 입장이지만 상황은 달라지지 않고 있습니다 이번 사진 유출이 발생한 후에도 애플 보안 담당자에게 문의했지만 정확한 원인조차 알 수 없다는 답변만 들었습니다 인터뷰 애픈 보안 서비스센터 ,0,0.588143527507782,0.7581098079681396,5,60,6,1,False,True,False
['경제 답답한 횡보…디플레이션 우려에 큰 걱정'],최경환 부총리 수요포럼 특강 (서울=연합뉴스) 박지호 기자 = 최경환 경제부총리 겸 기획재정부 장관이 4일 오전 서울 을지로 은행연합회관에서 열린 국가경영전략연구원 수요포럼에서 '2015년 한국경제의 진로'를 주제로 강연을 하고 있다.,저물가 상황이 오래 가서 디플레이션 우려 때문에 참 큰 걱정을 하고 있다,0,0.8418843746185303,0.5920527577400208,6,94,1,0,False,False,True
['유튜브 시청 최적의 디스플레이'],/문호남 기자 munonam@ 4일 서울 중구 SK텔레콤 본사 T타워에서 열린 갤럭시 S10 개통 행사에서 홍보 도우미들이 제품을 선보이고 있다.,갤럭시 10 디스플레이는 모든 항목에서 최고의 성능을 지닌 스마트폰 디스플레이,1,0.486692875623703,0.4789149165153503,4,76,4,1,False,False,True
['김장 절임배추 사 쓴다'],그만큼 요즈음 주부들이 김장 재료를 구매할 때 '편의성'을 중요하게 생각한다는 뜻이다.,절임 배추를 쓰겠다,1,0.6321154236793518,0.3956509232521057,4,44,3,1,False,False,True
['분양가 더 낮추는 방법 연구중'],"- ⓒ 2005 오마이뉴스, 무단 전재 및 재배포 금지 - - ⓒ 2005 오마이뉴스, 무단 전재 및 재배포 금지 -",분양가 인하 방안을 연구중,0,0.8848525285720825,0.5241219401359558,5,43,2,0,False,False,True
['오 마이 갓! 잡스가 턱시도를…'],현장에 있었던 마케팅회사 전략담당자 웨인 서턴 씨는 “오 마이 갓!,오 마이 갓! 스티브 잡스다 그에게 방금 소리쳤다,0,0.539243221282959,0.7131179571151733,5,26,4,1,False,False,True
"[""현대의 최용묵 사표 수리는 현정은의 '쇼'에 불과""]","""윤만준 사장은 '블랙리스트'에 포함"" ""윤만준 사장은 '블랙리스트'에 포함"" 최성 의원: 최성 의원: 최성 의원: 최용묵 사장의 사표 수리로 현대와의 갈등은 이제 마무리되는 것 아닌가?",현대가 최용묵 사장의 사표를 수리한 것은 현정은 회장의 쇼에 불과하다,0,0.7198808789253235,0.9311530590057372,7,41,2,0,False,False,True
"['롯데수퍼타워, 서울 대표할 랜드마크로 짓겠다']","// flash 오류를 우회하기 위한 함수 추가 function _flash_removeCallback() {} 롯데물산 이원우 대표 기자간담회..""교통난 우려 안 해도 될 것"" 연간 250만 명 관광객 유치 기대..피난 시설 대폭 확충 (서울=연합뉴스) 서미숙 기자 = ""한국을 찾는 외국인 관광객 1천만 명 시대를 맞아 서울을 대표할 만한 랜드마크 빌딩을 만들겠습니다."" 롯데물산 이원우 대표이사 사장은 24일 소공동 롯데호텔에서 열린 기자간담회에서 ""잠실 제2 롯데월드의 핵심 사업인 롯데수퍼타워는 서울의 초고층 시대의 신기원이면서 관광산업의 한 축을 담당하게 될 것""이라며 이같이 밝혔다.",한국을 찾는 외국인 관광객 1천만 명 시대를 맞아 서울을 대표할 만한 랜드마크 빌딩을 만들겠습니다 ,0,0.8418270349502563,0.6781859993934631,5,88,0,0,True,False,False
['풍요 속 빈곤'],[아시아경제 증권방송] - 무료로 종목 상담 받아보세요 [아시아경제 증권방송] - 무료로 종목 상담 받아보세요 김남현 기자 nhkim@ 정선영 기자 sigumi@,심리 위축에 따라 경쟁적으로 달러 확보에 나서면서 수급 불균형이 나타나는 셈,1,0.5952253341674805,0.653748095035553,3,23,3,1,False,False,True
['DMZ 멧돼지 사살 가능'],"이낙연 국무총리가 8일 강원도 철원군의 양돈농장 인근에서 맷돼지 차단 울타리와 소독시설을 점검하고 있다.(이 총리 페이스북) 2019.6.8/뉴스1 &lt;저작권자 © 뉴스1코리아, 무단전재 및 재배포 금지&gt; 이낙연 국무총리가 8일 강원도 철원군의 양돈농장 인근에서 맷돼지 차단 울타리와 소독시설을 점검하고 있다.(이 총리 페이스북) 2019.6.8/뉴스1 &lt;저작권자 © 뉴스1코리아, 무단전재 및 재배포 금지&gt; 이낙연 국무총리가 8일 강원도 철원군의 양돈농장 인근에서 맷돼지 차단 울타리와 소독시설을 점검하고 있다.(이 총리 페이스북) 2019.6.8/뉴스1 이후 이 총리는 민통선을 방문해 야생 멧돼지 감시와 남은 음식물 처리 등 방역상황을 점검했다.",제대로 해야한다 야생 멧돼지 개체수가 최소화돼도 상관없다 30만마리라 하는데 너무 많다,0,0.4888840317726135,0.559683620929718,4,91,3,1,False,False,True
"[""'내 친구' 트럼프, 미중관계 붕괴 원치 않아""]",우리는 그럴 의향이 없고 우리의 파트너들도 마찬가지”라면서 “내 친구 트럼프 대통령 역시 그러한 의향이 없다.,내 친구 트럼프 대통령 역시 그러한 의향이 없다 나는 그에 대해 확신한다,0,0.7566639184951782,0.8101462125778198,7,27,0,0,True,False,False
['김장철 배추값 작년 3배'],이는 중국산 김치 파동에 따른 것으로 주부들의 김장 비용 부담이 크게 늘어날 전망이다.,배추 생산량이 작년보다 감소한 데다 중국산 김치파동으로 김치 수입도 작년보다 30 퍼센트 줄어들 것으로 보여 김장철 배추 가격이 평년보다 2배 이상 오를 것으로 전망된다,1,0.7202655076980591,0.2432351112365722,4,59,3,1,False,False,True
['한국은 5G 메카'],"[이선희 기자 / 김유신 기자] ▶매경 뉴스레터 '매콤달콤'을 지금 구독하세요 ▶매경 뉴스레터 '매콤달콤'을 지금 구독하세요 ▶뉴스 이상의 무궁무진한 프리미엄 읽을거리 ▶뉴스 이상의 무궁무진한 프리미엄 읽을거리 [ⓒ 매일경제 & mk.co.kr, 무단전재 및 재배포 금지]",남아공 통신사 레인도 5 서비스를 준비 중이어서 한국 사례를 벤치마킹하기 위해 견학을 요청했다,1,0.6378265023231506,0.6171190142631531,3,45,5,1,False,False,True
['韓 기업하기 좋은 나라 4위'],◇홍콩 누르고 4위로 올라서 ◇홍콩 누르고 4위로 올라서 세계은행 기업환경평가 순위 세계은행 기업환경평가 순위 세계은행 기업환경평가 순위 세계은행 기업환경평가 순위 세계은행 기업환경평가 순위 세계은행 기업환경평가 순위 세계은행 기업환경평가 순위28일 기획재정부에 따르면 한국은 2015년 세계은행 기업환경 평가(Doing Business)에서 세계 189개국 가운데 4위를 차지했다.,완벽한 제도를 만들어놔도 집행과정에서 제대로 지켜지지 않는게 한국의 기업 환경,1,0.5946647524833679,0.3410953879356384,5,68,3,1,False,False,True
['가격 내려도 웃돈 7억'],/사진=유엄식 기자 래미안 블레스티지 단지 안에 있는 구립 어린이집 전경.,일반분양 중 중도금 대출 비중이 높은 일부 급매가 나왔지만 거의 정리된 상황입니다 분양가보다 6 7억원 높은 수준에 시세가 형성돼 있습니다,1,0.5141391754150391,0.8017374277114868,4,16,6,1,True,False,False
['집행부 탄핵하자'],집행부에 대한 조합원들의 불신이 커지면서 ‘집행부를 탄핵하자’는 목소리도 나오고 있다.,집행부에 대한 탄핵 불신임 투표 을 해야 하는 것 아니냐는 의견이 나올 정도,0,0.7450960874557495,0.6889523267745972,2,84,5,1,False,False,True
['더 떨어진다'],＜저작권자ⓒ이데일리.,중대한 매도 신호,0,0.477990448474884,0.6242464780807495,2,26,4,1,False,False,True
['최악상황 아냐…한국 주식투자 계속한다'],"관/련/정/보 관/련/정/보 관/련/정/보 ◆ '북 포격' 금융시장 진정…코스피 1900선 회복 ◆ '북 포격' 금융시장 진정…코스피 1900선 회복 ◆ '북 포격' 금융시장 진정…코스피 1900선 회복 ◆ 북 도발 직후 일부 지역 쌀·라면 사재기 현상 ◆ 북 도발 직후 일부 지역 쌀·라면 사재기 현상 ◆ 북 도발 직후 일부 지역 쌀·라면 사재기 현상 ◆ '북한 포격' 금융시장 흔들…주가 폭락·환율 폭등 ◆ '북한 포격' 금융시장 흔들…주가 폭락·환율 폭등 ◆ '북한 포격' 금융시장 흔들…주가 폭락·환율 폭등 ◆ 미 전문가 ""북한 NLL서 추가도발 있을 것"" ◆ 미 전문가 ""북한 NLL서 추가도발 있을 것"" ◆ 미 전문가 ""북한 NLL서 추가도발 있을 것"" [SBS기자들의 생생한 취재현장 뒷이야기 '취재파일'] [SBS기자들의 생생한 취재현장 뒷이야기 '취재파일'] [SBS기자들의 생생한 취재현장 뒷이야기 '취재파일'] 저작권자 SBS&amp;SBS콘텐츠허브 무단복제-재배포 금지 저작권자 SBS&SBS콘텐츠허브 무단복제-재배포 금지",북한 서 추가도발 있을 것,1,0.4489697217941284,0.803390622138977,4,168,3,1,False,False,True
['휘발유 가격 꼼꼼히 살펴보세요'],"광주 경실련 손희정 소비자사업부장은 ""상대적으로 가격이 비싼 주유소는 ℓ당 가격표를 교묘하게 가려놓기도 했다""며 ""주유 전 가격정보를 꼼꼼히 살펴본다면 의외의 절약효과를 누릴 수 있을 것""이라고 말했다.",주유 전 가격정보를 꼼꼼히 살펴본다면 의외의 절약효과를 누릴 수 있을 것,0,0.6335688829421997,0.6392738819122314,4,34,2,0,False,False,True
['집값 오를 것'],“집값 1년 뒤 올라간다” 전망 많아져 “집값 1년 뒤 올라간다” 전망 많아져 7일 한국은행에 따르면 5월 주택가격전망CSI는 93.0을 기록했다.,하반기에는 주택가격 상승장이 펼쳐질 것,1,0.9355337619781494,0.5814933180809021,3,36,2,0,False,False,True
['각국 정상들을 경호하라'],회의장 2㎞이내 선박 출입금지 각국 정상 이동 실시간 점검...,이번 회담 기간중 별도의 주한미군 증강은 없으며 국내에서 자체적으로 각국 정상의 안전을 맡는다,1,0.5531729459762573,0.7056910991668701,3,45,6,1,True,False,False
['현실에 안주하지 말라'],"2010.11.19 > 김순택 부회장 통해 사장단협의회에 메시지 ""다가올 변화 직시하고 미래 대비해야"" (서울=연합뉴스) 정 열 기자 = 지난 19일 그룹 조직 복원 지시를 내린 이건희 삼성 회장이 24일 삼성 사장단에 현실에 안주하지 말고 다가올 변화를 직시해 미래에 대비하라는 새로운 메시지를 던졌다.",그렇지만 회장님은 지금 강한 위기의식을 갖고 계시고 현실에 안주하지 말고 다가올 변화를 직시해 미래에 대비해야 한다고 강조하셨다,0,0.4914176762104034,0.459134042263031,3,81,2,0,False,False,True
['강화유리 떼내고 고장났다 떼쓰는 격'],/출처=CNET 박소연 기자,제품을 임의 분해하면 디스플레이에 당연히 손상이 갈 수밖에 없다,1,0.5520312190055847,0.6923462152481079,5,15,3,1,False,False,True
['철가방에서 CEO까지'],# 철가방도 요령이 있더라 # 철가방도 요령이 있더라 -중국집 배달원을 하셨다면서요.,어차피 대학 레벨이 가려지는 세상입니다 그렇지만 좋은 대학 못나왔다고 해서 꼴찌는 아니잖아요 눈높이를 낮춰보세요 특정 분야의 1인자가 되는 게 더 빠릅니다 우리 회사의 매니저들도 일류 회사만 고집했다면 지금과 같은 성공을 거두지 못했을 겁니다,1,0.4924423992633819,0.6133794784545898,2,37,4,1,False,False,True
"['삼겹살, 10원이라도 더 싸게']","시중에서 판매 중인 친환경 삼겹살 가격이 3천원 중반대인 것을 고려하면, 롯데빅마켓의 삽겹살 가격은 절반 수준이다.",행사물량으로 삽겹살 250 을 준비했다,1,0.606296181678772,0.6164871454238892,4,65,6,1,True,False,False
['껌 씹을수록 건강해져요'],김씨는 “온 가족이 식사 후 양치질을 한 뒤 껌 씹는 것을 생활화하고 있다”며 “껌은 구취 제거뿐 아니라 건강에 유용한 각종 성분이 함유돼 있기 때문”이라고 말했다.,껌은 구취 제거뿐 아니라 건강에 유용한 각종 성분이 함유돼 있기 때문,1,0.7781641483306885,0.7567316293716431,3,55,5,1,False,False,True
['모든 수단·방법 동원해 끝까지 투쟁할 것'],"그러면서 ""부산·경남의 조선 기자재 벨트는 연 3조가 넘는 기자재를 대우조선해양에 납품하고 있어 현대중공업으로의 매각은 지역경제의 몰락을 의미한다""며 ""대우조선해양 내 3만여명의 노동자뿐만 아니라 수만 명의 2차, 3차 사외업체, 그리고 1300개가 넘는 조선 기자재 업체의 노동자만 7만명이 넘는다""고 강조했다.",가능한 모든 수단과 방법을 동원해 끝까지 투쟁해 나가겠다,0,0.7606763243675232,0.2510743737220764,6,99,1,0,False,False,True
"['도요타, 집단소송으로 3조원 물어줘야 할지도']",노스이스턴대학의 법과대학원 교수인 팀 하워드는 리콜 사태로 경제적 손실을 입었다고 주장하는 도요타 차량 보유자가 600만명에 달할 수 있으며 집단소송의 결과로 이들에게 1인당 최소 500달러의 보상금을 지급해야 한다면 도요타는 이 건으로만 30억달러 이상의 손실을 떠안게 될 것이라고 분석했다.,교통사고로 인한 사망이나 부상의 경우 아무리 크게 잡아도 2천만달러 정도로 소송을 일단락할 수 있지만 수백만명의 도요타 차량 보유자들이 자신의 차량 가격이 1천달러 정도 떨어졌다며 집단소송을 제기하면 도요타로서는 훨씬 골치아파질 것,1,0.5280023813247681,0.4841628670692444,5,86,3,1,False,False,True
['절반 사라질수도'],○ 방역 뚫리면 한국도 문제 ○ 방역 뚫리면 한국도 문제 더 큰 문제는 방역이다.,간신히 버티고 있지만 경계를 조금만 풀면 언제 확산될지 모른다,0,0.6296836137771606,0.4302879571914673,2,42,5,1,False,False,True
['삼성 李부회장 소환해도 피해사실만 조사'],그러나 검찰은 이부회장을 소환하더라도 삼성의 정치자금 제공 의혹 부분에 대한 조사는 하지 않고 재미교포 박인회씨(구속)로부터 협박받은 피해 사실에 대해서만 조사한다는 입장인 것으로 전해졌다.,이학수 삼성그룹 부회장에 대한 소환조사를 검토 중,1,0.8326129913330078,0.3159284889698028,5,72,4,1,False,False,True
['무리한 가계부채 축소는 경제에 악영향 준다'],"임 내정자는 ""가계부채의 증가속도가 다소 빠르고 취약계층의 부채 상환 부담 문제가 있으므로 정책적인 노력이 필요하지만 가계 소득 개선이 부진한 상황에서 무리한 부채 축소는 경제에 악영향을 미쳐 가계부채 관리가 더 어려워질 수 있다""고 판단했다.",가계부채의 증가속도가 다소 빠르고 취약계층의 부채 상환 부담 문제가 있으므로 정책적인 노력이 필요하지만 가계 소득 개선이 부진한 상황에서 무리한 부채 축소는 경제에 악영향을 미쳐 가계부채 관리가 더 어려워질 수 있다,0,0.7502599954605103,0.7518390417098999,6,61,2,0,False,False,True
['아버지는 침묵했고 아들은 분노했다'],kkssmm99@newsis.com 【서울=뉴시스】김동현 기자 = 아버지는 침묵했고 아들은 분노했다.,연로한 아버지를 이틀 동안 두 번이나 비행기를 태워 한국과 일본을 오가게 했다 가족이라면 차마 할 수 없는 일,1,0.3231599926948547,0.8062633275985718,4,18,3,1,False,False,True
"[""30대 '웰빙지수 가장 낮다…돈·직장 스트레스 커""]",// flash 오류를 우회하기 위한 함수 추가 function _flash_removeCallback() {} (서울=연합뉴스) 김동호 기자 = 한국의 30대가 직장과 돈 문제로 스트레스에 시달리면서 다른 연령대에 비해 가장 웰빙지수가 낮다는 조사 결과가 나왔다.,경제적 여건 불안정한 직장 생활과 불확실한 미래에 대한 두려움으로 전반적인 웰빙 수준이 낮게 나타났다,1,0.7287429571151733,0.7081319093704224,6,51,0,0,False,True,False
['누리과정 중단없을 것…예비비 차질없이 집행'],송언석 기재부 예산실장은 이날 누리과정 예산 논란과 관련해 기자간담회를 갖고 이같이 밝혔다.,광주시의 올해 세출예산에 12개월치 누리과정 예산이 다 반영이 돼 있는 것으로 안다,0,0.5917539596557617,0.40056312084198,5,75,3,1,False,False,True
['못믿겠다 스펙'],이형섭 이정훈 기자 sublee@hani.co.kr,스펙이 좋아 뽑았는데 조직에 적응을 잘 못하거나 회사에 대한 충성도가 매우 낮아 처치곤란이 되는 경우도 종종 있다,1,0.3372233211994171,0.5482942461967468,2,28,6,1,True,False,False
"[""'땅콩회항' 피해 승무원, 미국서 대한항공 상대 소송""]",// flash 오류를 우회하기 위한 함수 추가 function _flash_removeCallback() {} 대한항공조현아 전 부사장 (연합뉴스 자료사진) 대한항공조현아 전 부사장 (연합뉴스 자료사진) 대한항공조현아 전 부사장 (연합뉴스 자료사진) 대한항공조현아 전 부사장 (연합뉴스 자료사진) (서울=연합뉴스) 김윤구 기자 = 대한항공 '땅콩 회항' 사건 때 조현아 전 부사장에게 마카다미아를 서비스했던 김모 승무원이 미국 법원에서 회사를 상대로 소송을 제기할 것으로 알려졌다.,아직 소장을 받지 않아 언급할 것이 없다,1,0.0816611722111702,0.3262253999710083,7,74,3,1,False,False,True
['내수증진 일환'],한경닷컴 이진석 기자 gene@hankyung.com,내수 진작을 위한 전략 중 하나,0,0.6193974614143372,0.4632510840892792,2,16,3,1,False,False,True
['부동산 문제는 `배고픔`의 문제'],이데일리ⓒ 1등 경제정보 멀티미디어.,단지 정서상 배 아픈 것 뿐이라면 시장이 알아서 할 일이지만 부동산 문제는 우리 경제의 시스템과 경제구조의 효율성에 직결된다,0,0.7382190823554993,0.6431334614753723,4,30,6,1,False,True,False
['삼성전자 때문에…'],시장에서는 양사가 유럽발 악재 외에도 삼성전자의 영향을 크게 받은 것으로 보고 있다.,삼성전자의 공격적 설비투자가 반도체 산업 내에서 입지를 강화시킬 것,1,0.6364360451698303,0.3802928924560547,2,43,6,1,True,False,False
['한국인 현금보다 카드 선호'],// flash 오류를 우회하기 위한 함수 추가 function _flash_removeCallback() {} (서울=연합뉴스) 김호준 기자 = 우리나라 소비자들은 결제할 때 현금보다 카드를 선호하는 것으로 나타났다.,한국 소비자들이 카드를 생필품처럼 편하게 자주 사용하면서 크고 작은 다양한 소비를 하고 있다는 것을 나타내는 결과,1,0.7057309150695801,0.6190600991249084,4,41,2,0,False,False,True
['분양가 높다'],바로 ‘로또 청약’이다.,요즘 분양을 하는 아파트마다 분양가를 갱신하니 이전에 분양했던 아파트값과 분양권 가격도 오른다,1,0.7496213912963867,0.598988950252533,2,39,6,1,True,False,False
['한국 부유층 세금 늘려야'],그는 “한국의 사회지출은 세계적으로도 매우 낮은 수준”이라며 “사회지출을 늘릴 수 있는 유일한 방법은 부유계층의 세금을 늘리는 것”이라고 말했다.,사회지출을 늘릴 수 있는 유일한 방법은 부유계층의 세금을 늘리는 것,0,0.6507846117019653,0.6462289690971375,4,65,0,0,True,False,False
"['韓, 브라질 고속철 사업 수주 가장 유리']",앞서 또다른 일간지 폴랴 데 상파울루는 지난 18일 고속철 사업 입찰 참여 의사를 밝힌 컨소시엄 가운데 한국이 가장 준비가 잘돼있다고 보도한 바 있다.,한국은 브라질 고속철 사업 참여를 위한 준비를 갖춘 유일한 국가,0,0.7887962460517883,0.3185399770736694,7,82,2,0,False,False,True
['추가 환급 받으세요'],"특히 2009년분은 오는 5월31일까지 환급받아야 하므로 서둘러야 한다""고 말했다.",국세기본법에 따라 오늘부터 관할 세무서에서 경정청구 환급신청 를 통해 추가로 근로소득세를 환급받을 수 있다,1,0.5895631909370422,0.4530261158943176,3,22,2,0,False,False,True
['OPEC에 기름값 내리라 했더니 증산 동의'],"인근 앤드루스 공군기지에서 전용기에 탑승하기 직전 기자들과 만나 ""내가 OPEC에 전화를 걸었다""며 ""그들에게 '유가를 내려야 한다'고 말했다.",사우디아라비아 및 다른 나라들과 원유 공급을 늘리는 방안에 대해 얘기했다,0,0.645085334777832,0.7128779888153076,6,39,4,1,False,False,True
['야속한 형제들'],한국건설산업연구소 윤영선 선임연구위원은 “과거 대부분의 그룹 계열 건설사들은 매출의 상당 부분을 다른 계열사의 공사에 의존해 ‘온실 속의 화초’나 마찬가지였다”며 “최근의 변화는 경쟁력을 키울 수 있어 바람직한 현상”이라고 평가했다.,아 옛날이여!,1,0.4711577892303467,0.2760582268238067,2,53,6,1,True,False,False
['마음껏 게으르게 사세요~'],"[커뮤니케이션북스, 네이버 오디오클립 홈페이지] 책을 ‘귀로 듣는’ 오디오북도 게으른 경제로 해석된다.",배달해주세요,1,0.6063076257705688,0.5718982219696045,3,27,5,1,False,False,True
['100년만에 종이통장 없앤다'],'알랴ZOOM'을 봐~] [아찔한 걸~ 레이싱걸 스페셜] [아찔한 걸~ 레이싱걸 스페셜] 전혜영 기자,금융소비자는 앞으로 종이통장을 발급받지 않으면 금리 수수료 서비스 등에서 우대받을 수 있게 되고 개인정보 유출이나 서명 인감 도용 등의 피해를 줄일 수 있다,1,0.4417867362499237,0.6285237073898315,3,17,6,1,True,False,False
['오피스텔은 1년 계약'],// flash 오류를 우회하기 위한 함수 추가 function _flash_removeCallback() {} [서울신문] # 직장인 김모(32)씨는 오피스텔 전세를 얻으러 다니면서 요즘 세상 인심이 어떤지 새삼 실감했다.,오피스텔은 주택이 아닌 상가이기 때문에 최소 계약기간이 1년인 상가임대차보호법의 적용을 받는다,0,0.7692205905914307,0.4783657789230346,3,43,3,1,False,False,True
['시장지배력 강화'],/조선일보DB 세계 1~2위 조선소인 현대중공업과 대우조선해양이 합쳐지면 글로벌 시장 점유율 21%가 넘는 ‘매머드 조선소’가 탄생하게 된다.,현대중공업의 역량과 대우조선해양이 가진 기술력이 합쳐지면 시장 내 영향력이 강화될 수 있다,0,0.5497815012931824,0.73561692237854,2,32,3,1,False,False,True
['LH 사업포기 발표 며칠새 3.3㎡당 600만원 폭락'],"[관련기사] [관련기사] ▶ LH, 마구잡이 개발사업 ‘109조 부실’ 자초… “예고된 재앙” ▶ LH, 마구잡이 개발사업 ‘109조 부실’ 자초… “예고된 재앙” ▶ LH, 마구잡이 개발사업 ‘109조 부실’ 자초… “예고된 재앙” - ⓒ 경향신문 & 경향닷컴(www.khan.co.kr), 무단전재 및 재배포 금지〈경향닷컴은 한국온라인신문협회(www.kona.or.kr)의 디지털뉴스이용규칙에 따른 저작권을 행사합니다.〉",재개발 호재로 3 3 제곱미터 당 2000만원까지 호가했는데 오늘 급매로 나온 66 제곱미터 짜리 주택의 경우 2억8000만원이어서 3 3 제곱미터 당 1400만원으로 며칠 사이에 600만원이 떨어졌다,0,0.392144113779068,0.8847943544387817,7,76,3,1,False,False,True
['최저임금으로 빅맥 한개 사먹으려면 韓44분 日33분 싱가포르24분 일해야'],"빅맥버거를 먹으려면 한국에서 44분 일해야 하지만 일본은 33분, 싱가포르는 24분 일하면 됐다.",내 월급만 빼고 가격이 다 오른다,1,0.4660907685756683,0.6901633739471436,8,38,2,0,False,False,True
['역시나..'],"한 업체 분양소장은 ""당초 협의와는 달리 이런 문제가 발생할까봐 처음부터 동시분양에 참여하지 않을 방침이었다""며 분개했다.",역시나 ,1,0.9541555643081664,0.2848991155624389,1,29,5,1,False,False,True
['임금 올라야 내수 산다…디플레 우려에 걱정'],"최 부총리는 ""적정 수준의 임금 인상이 일어나지 않고는 내수가 살아날 수 없다""며 ""미국의 오바마 대통령도 비슷한 주장을 하고 있고, 일본의 아베 총리는 아예 노골적으로 기업들에 임금 인상을 요구하고 있다""고 말했다.",적정 수준의 임금 인상이 일어나지 않고는 내수가 살아날 수 없다,0,0.6668092012405396,0.632145881652832,6,54,0,0,True,False,False
['미국 돈에 표시된 하느님 관련 문구 빼라'],"보수 기독교 단체인 크리스챤 카운셀의 마사 스태버 씨는 ""예배는 미국과 미국사에서 없어서는 안 될 한 부분이며 역사적으로 종교적 표현은 아주 많다.",예배는 미국과 미국사에서 없어서는 안 될 한 부분이며 역사적으로 종교적 표현은 아주 많다 따라서 종교적 표현을 보고 듣는 것은 일상적인 일,1,0.3974140286445617,0.5223096013069153,7,39,4,1,False,False,True
['보금자리 취소 하라'],조성근/장규호 기자 truth@hankyung.com,3차 보금자리지구는 1 2차보다 상대적으로 입지 여건이 처지는 편,1,0.4032373130321502,0.5263733863830566,3,34,6,1,True,False,False
['김승연 회장 책임없어'],"// flash 오류를 우회하기 위한 함수 추가 function _flash_removeCallback() {} 김승연(63)한호그룹 회장 &lt;&gt; 김승연(63)한호그룹 회장 &lt;&gt; 김승연(63)한호그룹 회장 <> 항소심, 회사에 89억 배상 1심 뒤집어…시민단체 ""시대 역행 판결"" (서울=연합뉴스) 방현덕 기자 = 한화 소액주주들이 '계열사 주식을 장남에게 저가로 넘겨 회사에 피해를 끼쳤다'며 김승연(63) 한화그룹 회장을 상대로 낸 손해배상 청구 소송에서 법원이 김 회장의 손을 들어줬다.",동관씨가 한화그룹 경영권을 승계시켜주는 이익을 얻었다고 해도 김 회장 자신의 이익이라고 보긴 어렵다,0,0.6816781163215637,0.3847330212593078,3,81,5,1,False,False,True
['동계올림픽 종합5위 효과 20조 넘어'],"2010.3.2 mtkht@yna.co.kr 여왕의 인사 (영종도=연합뉴스) 김현태 기자 = 역대 최고의 성적을 거둔 밴쿠버 동계올림픽 선수단이 2일 오후 인천공항을 통해 귀국, 공동 기자회견을 연 가운데 김연아가 인사하고 있다.",해외 언론의 반응까지 고려하면 이번 올림픽을 통해 한국의 국가 이미지가 1 퍼센트 포인트 이상 높아진 것으로 추정된다,0,0.5652351379394531,0.5408182144165039,5,89,4,1,False,False,True
['곧 직원이 갑니다'],"전화기 너머로는 은행 객장을 연상케 하는 도장 찍는 소리, 벨소리, 고객을 부르는 소리 등이 들려왔다.",당신 신분증으로 누군가가 돈을 찾아가려 한다 경찰에 신고해주겠다,1,0.4439531564712524,0.4778615236282348,3,45,6,1,True,False,False
"['한국, 원자력 분야서 두각']",공사기간까지 경쟁국보다 짧으니 너도나도 한국 원전 기술에 관심을 둘 수밖에 없다고 분석했다.,다른 나라 정부를 자극할 수 있다,1,0.4764142334461212,0.3614484667778015,4,36,3,1,False,False,True
['제 값 주고 사면 바보?'],사진=아시아경제 DB [아시아경제 이주현 기자]유통업계의 할인행사가 연중 상시화 하는 추세다.,과도한 세일과 무분별한 할인을 자제해 소비자 신뢰를 구축해야 할 것,1,0.4089419841766357,0.539503812789917,5,31,6,1,True,False,False
['가장 영향력있는 재계 여성'],"31일(현지시간) 포춘은 이날 재계에서 가장 영향력있는 여성 50인을 발표하며 ""이베이의 여제가 여전히 실리콘 밸리를 지배하고 있다""고 선정 이유를 밝혔다.",이베이의 여제가 여전히 실리콘 밸리를 지배하고 있다,1,0.3024986684322357,0.6651711463928223,4,70,1,0,False,False,True
['대비 미흡'],이 밖에 기업의 27%는 ‘올해 또는 내년에 노사 간 논의할 계획’이었고 25%는 ‘논의가 필요하지만 아직 계획이 없다’고 밝혔다.,제도 시행까지 3년이 안 되는 짧은 준비 기간을 부여한 데다 임금피크제 등 임금체계 개편을 전제하지 않아 기업의 대비가 부족한 것으로 보인다,1,0.527376651763916,0.1217013299465179,2,40,4,1,False,False,True
['재생에너지 35%로 확대'],"◇재생에너지 비중, 7%→35%로 ◇재생에너지 비중, 7%→35%로 정부는 재생에너지 발전 비중을 2040년까지 30~35%로 확대하기로 했다.",재생에너지 비중 30 35 퍼센트 가 가능하다고 퍼센트 단정 짓지는 못한다 도전적인 목표,1,0.7911741733551025,0.7172396183013916,3,44,3,1,False,False,True
"['고위공직자는 재테크, 서민은 부동산 투기']",조세일보 / 최석환 기자,아파트 분양사무소에 길게 줄을 선 서민과 중산층을 투기꾼으로 몰아가는 사이 고위공직자는 재테크로 재산을 불리고 있는 것이 우리의 현실,1,0.8650255799293518,0.6358287334442139,5,33,6,1,True,False,False
['사나이 울리나?'],새전북신문 강영희기자,최근 소비 심리가 살아나 꽃 수요가 늘어난 것도 영향을 미친 것 같다,1,0.1988973617553711,0.3278715908527374,2,31,6,1,True,False,False
['중견 7~8개사 곧 정리'],이를 포함해 현재 부도설이 나도는 업체만 지방 유수의 건설업체인 A사 등 7~8곳에 달한다.,물론 카더라 류의 뜬 소문도 있겠지만 지난 한 해 분양 상황을 고려해볼 때 주택사업 비중이 70 퍼센트 가 넘는 회사라면 회사 자체가 흔들리지 않는 게 이상한 일,1,0.3122512698173523,0.3380760550498962,4,72,6,1,True,False,False
['손님 없는데 전기료 266만원'],"그래픽=김주원 기자 zoom@joongang.co.kr, (자료는 2012년 8월과 2018년 8월 월별 사용량 기준) 그래픽=김주원 기자 zoom@joongang.co.kr, (자료는 2012년 8월과 2018년 8월 월별 사용량 기준) 그래픽=김주원 기자 zoom@joongang.co.kr, (자료는 2012년 8월과 2018년 8월 월별 사용량 기준) 그래픽=김주원 기자 zoom@joongang.co.kr, (자료는 2012년 8월과 2018년 8월 월별 사용량 기준) 그래픽=김주원 기자 zoom@joongang.co.kr, (자료는 2012년 8월과 2018년 8월 월별 사용량 기준) 이처럼 업체 수는 감소하는 데도 전기사용량과 요금이 늘어난 것은 왜일까.",저는 15년 된 낡은 여관급 모텔을 하나 운영하고 있습니다 일반전기료의 경우 지난 9월 66만원 10월 132만원 11월 210만원 12월 245만원을 넘어 올해 1월 266만원 나왔습니다 무인텔에 치여 손님 파리 날리는 데 전기세 낼 돈이 없어 2금융권에서 대출해 납부합니다,1,0.7124881148338318,0.3868816494941711,4,82,5,1,False,False,True
['오름세 유지 전망'],// flash 오류를 우회하기 위한 함수 추가 function _flash_removeCallback() {} 3월 첫째주 휘발유 판매가 4.4원 오른 1350.3원 같은 기간 경유 판매가 4.8원 상승한 1250.3원 3월 첫째주 휘발유 판매가 4.4원 오른 1350.3원 같은 기간 경유 판매가 4.8원 상승한 1250.3원 【서울=뉴시스】 【서울=뉴시스】 【서울=뉴시스】 【세종=뉴시스】김경원 기자 = 주유소에서 판매하는 휘발유 및 경유가격이 3주 연속 상승했다.,국내제품가격은 기존 국제유가 상승분이 시차를 두고 반영됨에 따라 오름세가 유지될 전망,1,0.577407956123352,0.2562007009983063,3,69,1,0,False,False,True
['금융업 뭔가 고장났다'],"(서울=연합뉴스) 유경수 기자 = 최경환 경제부총리가 금융당국과 금융업을 겨냥해 ""뭔가 고장났다""고 강하게 타박하면서 과감한 구조개혁을 촉구했다.",고장난 금융 고쳐야,1,0.8628849983215332,0.6484874486923218,3,59,4,1,False,False,True
['단일통화로 묶인 유로존은 괴물'],// flash 오류를 우회하기 위한 함수 추가 function _flash_removeCallback() {} ㆍ“긴축정책 실패”… 독일 언론 인터뷰서 ‘태생적 한계’ 지적 ㆍ“긴축정책 실패”… 독일 언론 인터뷰서 ‘태생적 한계’ 지적 “우리는 ‘유로존’이라는 괴물을 만들었다.” 의 저자 토마 피케티(44·사진)가 유럽연합(EU)을 향해 지난 5년간의 금융위기 타개책은 “처참한 수준”이었다며 일침을 날렸다.,우리는 유로존 이라는 괴물을 만들었다 ,1,0.6870946884155273,0.3274089395999908,4,68,4,1,False,False,True
['현대차그룹 명예훼손 등으로 고소'],[주식투자대회] 고수20人 매매내역 실시간 공개!,현대차가 현대그룹을 근거 없이 매도하며 채권단과 이해관계자 모두를 대상으로 사기행위를 저지른 것으로 언론을 통해 주장한 것은 현대그룹에 대한 명백한 명예훼손 및 허위사실유포에 해당된다,0,0.680539608001709,0.9368612766265868,4,11,4,1,False,False,True
['몸 고되도 괜찮아'],한참 고민하던 그에게 한 친구가 “요즘 ‘이글윙’ 트럭 뜨는데 함 해봐.,요즘 이글윙 트럭 뜨는데 함 해봐 퇴직금은 있잖아,1,0.5344676971435547,0.5457903146743774,3,27,5,1,False,False,True
['95%가 누진제 폐지 찬성'],약 95%가 누진제 완전 폐지를 지지하는 겁니다.,누진제 폐지를 골자로 한 3안의 채택 가능성은 낮다,1,0.4069152474403381,0.7620254755020142,4,25,3,1,False,False,True
['지방 가느니 차라리…'],"부산시해운대구 센텀시티에 위치한 영상물등급위원회 전경 (연합뉴스 자료사진) 부산시해운대구 센텀시티에 위치한 영상물등급위원회 전경 (연합뉴스 자료사진) 부산시해운대구 센텀시티에 위치한 영상물등급위원회 전경 (연합뉴스 자료사진) 혁신도시별로 희망 퇴직자가 가장 많이 발생한 곳은 광주·전남으로 170명이 그만뒀고, 대구가 105명, 충북 84명, 부산 71명, 경남 69명, 전북 66명 등의 순이다.",생활 터전이 바뀌면서 가족과 떨어져 살아야 하는 등 현실적인 문제로 인해 회사를 그만두는 것으로 보인다,1,0.1939046382904052,0.3084464073181152,3,85,6,1,True,False,False
['수도권 아파트 장기적으로 하락'],// flash 오류를 우회하기 위한 함수 추가 function _flash_removeCallback() {} 자료사진 자료사진 자료사진 자료사진 (서울=연합뉴스) 홍정규 기자 = 수도권을 중심으로 아파트 값이 장기 하향 곡선을 그릴 것이라는 전망이 제기됐다.,가격이 고평가된 수도권을 중심으로 점차 지방까지 확산하면서 아파트 가격이 하향 안정될 것,1,0.7783859968185425,0.1962365210056305,4,52,3,1,False,False,True
['철야 농성'],노사간 벼랑 끝 대치중에 정리해고 시한인 4월2일까지 막판 타결이 이뤄질 지 관심이 쏠리고 있다., 파국은 막아야 한다,1,0.67378830909729,0.289762943983078,2,51,4,1,False,False,True
['불덩이 같은 게 목으로…'],도수가 높은 편이라 3번에 원샷을 하면 불덩이 같은 것이 목을 타고 들어가는 느낌이다.,부드러운 술과 차 향이 혀끝에서 퍼지며 목을 적시는 순간 이 맛을 다시는 잊지 못한다 ,1,0.5815286636352539,0.617114782333374,4,31,5,1,False,False,True
['첨단 건축기술의 場'],‘SK증권 통크게Save이벤트’ ▶ (머니마켓) 24개월간 48만원 휴대폰요금 할인!,한국 건축사에서 획기적인 계기가 될 것,1,0.7094606161117554,0.7624095678329468,3,23,5,1,False,False,True
['호텔업은 필수'],// flash 오류를 우회하기 위한 함수 추가 function _flash_removeCallback() {} [서울신문]삼성중공업이 거제에 특급호텔을 준공함으로써 국내 3대 조선업체가 나란히 호텔을 소유하게 됐다.,국내 조선소들이 최근 사상 최대의 수주를 올리는 등 호황을 구가하고 있어 내방객을 위한 호텔 수요도 급증하고 있다 ,1,0.6574735641479492,0.3888663947582245,2,35,6,1,True,False,False
['사실 무근'],실시간 재테크 경제뉴스 실시간 재테크 경제뉴스│ 창업정보의 모든 것 창업정보의 모든 것 장효원 기자 장효원 기자,회사 내부에서는 사실 무근으로 보고 있다,0,0.5977081060409546,0.8583623170852661,2,28,4,1,False,False,True
"['기축통화로 편입, 위안화 다음으로 韓 원화 가능성']",이런 측면에서 한국 원화의 SDR 바스켓 편입은 아직 기대하기 힘들다는 분석도 나오고 있다.,자유롭게 쓸 수 있다고 인정받을 가능성이 있는 통화들이 있다,0,0.5506196022033691,0.3833478689193725,7,44,6,1,False,True,False
['대기업 비리 광범'],이런 얘기를 듣고 있노라니 '무에서 유를 창조해낸 코스닥 오너'들이 존경스러울 따름이다.,오너가 갑자기 사망하는 등의 경우 비밀리에 자금을 만지던 사람들은 뜻밖의 횡재를 하는 경우가 있다,0,0.548927903175354,0.2897795736789703,3,41,6,1,False,True,False
['내년에 집값 더 떨어지면 누구 원망하나…'],"작XXX씨 역시 ""내년 3월 이후 다시 부동산가격이 하락하면 그때 가서는 누구를 원망할 것이냐""며 섣부른 구매 심리를 경계했다.",내년 3월 이후 다시 부동산가격이 하락하면 그때 가서는 누구를 원망할 것이냐,0,0.9108933806419371,0.7448928356170654,6,63,2,0,False,False,True
['갤럭시S6 반응? 팔아봐야 알것 같다'],"갤럭시S6 공개 후 호평이 쏟아지고 있는 가운데에도 이 부회장이 말을 아낀 것은, 결국은 판매로 이어져야 실적 개선으로 드러날 수 있기 때문으로 풀이된다.",팔아봐야 알 것 같다,0,0.6431330442428589,0.7065747976303101,5,49,3,1,False,False,True
['계열사별로 구조조정 중'],이준 삼성 미래전략실 커뮤니케이션 팀장(부사장)은 4일 수요 사장단 회의 브리핑에서 “각 계열사가 판단해서 구조조정 필요성이 있는 곳은 계열사별로 구조조정을 진행 중인 것으로 안다”고 말했다.,각 계열사가 판단해서 구조조정 필요성이 있는 곳은 계열사별로 구조조정을 진행 중인 것으로 안다,0,0.8187268972396851,0.2966626584529876,3,58,4,1,False,False,True
"[""1,000포인트 돌파는 `새로운 출발'""]","// flash 오류를 우회하기 위한 함수 추가 function _flash_removeCallback() {} (서울=연합뉴스) 김세진기자= 한화증권은 종합주가지수의 이번 1,000포인트 돌파에 한국 경제의 구조적 변화가 반영된 만큼 증시가 `새로운 출발'을 경험하는 시발점이 될 것이며 상승 기간도 향후 2~3년까지 오래 이어질 가능성이 높다고 2일 밝혔다.",양적으로는 지난 1999년보다 적지만 질적으로는 우수,1,0.2611347436904907,0.4413134157657623,4,66,3,1,False,False,True
['써? 말어?'],수표 뒷면의 개인정보 기입은 해야 할까?,상거래시 수표 교환에는 신중을 기하되 금융기관을 통한 수표 거래는 안심해도 된다,1,0.2481351792812347,0.2112706005573272,2,32,6,1,True,False,False
['하던 일 계속 할 것'],"올해 상반기 로또 1등 평균 당첨금은 20억원으로, 19억원이었던 작년보다 다소 높아졌다.",당첨금 많지 않아서,1,0.2580956816673279,0.5229237079620361,5,24,4,1,False,False,True
['강남 재건축 용적률 확대.층고완화 없다'],// flash 오류를 우회하기 위한 함수 추가 function _flash_removeCallback() {} (서울=연합뉴스) 유경수기자 = 서울시의회의 재건축 용적률 확대와 평균층수 완화 방안 추진이 무산될 것으로 보인다.,최근 서울 강남지역의 재건축 집값 동향과 관련 주택시장의 안정이 무엇보다 중요하다는데 인식을 같이하고 이를 위해 공동노력하겠다,1,0.2052882313728332,0.2734773457050323,5,31,4,1,False,False,True
['강남ㆍ분당 집값 3분기에도 계속 오를 것'],"// flash 오류를 우회하기 위한 함수 추가 function _flash_removeCallback() {} (서울=연합뉴스) 유경수기자 = 강남과 분당, 용인 등에서 국지적으로 나타난 주택가격 상승세가 3.4분기에도 이어지고 파급이 인근 평촌, 수원 등지로 확대될 것으로 전망됐다.",풍부한 유동성과 저금리 기조 등 주택가격을 불안정하게 하는 요인이 제거되지 않고 있어 국지적인 주택가격 상승이 인근의 평촌 수원 등지로 확산될 수 있다는 가능성을 배제하기 어려울 것으로 보인다,1,0.5373965501785278,0.2925662100315094,6,54,4,1,False,False,True
['이건희 회장은 귀국도 못하는데 왜 흉사 겹치는지…'],"삼성 계열사의 한 직원은 ""X파일 사건 이후 불거진 악재로 코너에 몰린 이 회장이 귀국도 못하고 있는 상황에서 아끼던 막내 딸을 잃었으니 심정이 오죽하겠느냐""면서 ""삼성에 왜 이런 흉사가 겹치는지 모르겠다""고 말했다.국민일보 쿠키뉴스 정재웅 기자", 파일 사건 이후 불거진 악재로 코너에 몰린 이 회장이 귀국도 못하고 있는 상황에서 아끼던 막내 딸을 잃었으니 심정이 오죽하겠느냐,0,0.6189420223236084,0.6269001960754395,7,45,6,1,False,True,False
['사장교체는 기술유출 정지작업'],"// flash 오류를 우회하기 위한 함수 추가 function _flash_removeCallback() {} ""15일 파업 찬반투표 실시"" (서울=연합뉴스) 이정진 기자 = 쌍용자동차 노조는 9일 ""대표이사 교체는 쌍용차의 축적된 기술력을 중국으로 유출하기 위한 사전 정지작업""이라며 ""상하이차는 투자계획을 밝히고 중장기적 발전방향을 즉각 제시하라""고 촉구했다.",대표이사 교체는 쌍용차의 축적된 기술력을 중국으로 유출하기 위한 사전 정지작업,0,0.6584570407867432,0.2331578135490417,3,63,6,1,False,True,False
['배추 1포기 1만1천600원'],29일부터는 1포기당 1만1천500원으로 하루만에 2배 가까이로 인상할 예정이다.,김치를 갖다놓기가 무섭게 동이난다,1,0.3834230899810791,0.6076929569244385,3,34,3,1,False,False,True
['한국 정상은 바쁜데 대기업 CEO들은...'],"실세들의 음습한 '비밀회동' ☞ ""KBS 사장 잘 정해야""...",공식회의에서만 만나는 것이 아니고 개인적으로도 대화하는 가운데 보면 세계 정상 중에서 저 조그마한 재래시장 가서 노점하는 할머니 만나서 무엇을 도와주면 좋겠느냐 고 이렇게 묻고 대답하고 어려우면 미소금융에 가서 돈을 빌려 쓰도록 알선해 주고 이렇게 하는 나라 아무도 없다 한국 정상은 바쁘다 ,0,0.6119912266731262,0.826768159866333,5,27,6,1,False,True,False
['혼란스러워요'],소비자가 혼란스러울 수밖에 없다.,카드 수수료가 3 6 퍼센트 이고 부가세가 퍼센트 니까 13 6 퍼센트 를 더 내야 돼요 ,1,0.1913257390260696,0.5368070602416992,1,21,5,1,False,False,True
['부채만'],"(영상취재 : 박대영·김현상·제 일·김승태·하 륭, 영상편집 : 최은진, VJ : 이준영) ▶ 본사 말 믿고 가맹점 냈다가…위약금까지 '큰짐' ▶ 본사 말 믿고 가맹점 냈다가…위약금까지 '큰짐' 민경호 기자(",부채만 늘고 스트레스가 심하다 ,1,0.4240798354148865,0.6154841184616089,1,73,5,1,False,False,True
"['일하기 좋은 직장, 비결은 섬김 리더십']",22일 서울 강남구 삼성동 한국다우코닝 사무실에서 만난 마리 프랑스 미국 다우코닝 본사 인사관리 담당 부사장은 이러한 성과의 비결로 ‘직원을 높이고 리더는 낮아지는’ 사내 문화를 꼽았다.,회사 안에 마법을 일으키는 비결이요 서번트 리더십 섬김의 리더십 이 그 답이죠 ,1,0.7862534523010254,0.5624752640724182,6,48,0,0,False,True,False
['보험금 청구했더니 수사 의뢰'],"오모 씨 : ""보험금만 청구하면 (보험사에서)저를 고소를 하는 거예요.",보험금 청구했더니 경찰에 수사 의뢰,0,0.9125864505767822,0.7810539603233337,4,32,2,0,False,False,True
['침체속 돈 버는 곳 따로 있네'],특징주!' ▶ (머니마켓) 오늘의 증권정보 '상승포착!,워낙 가격이 안떨어지는 지역인데다 반포 개발 계획 등 호재에 힘입어 가격이 상승하고 있다,1,0.4532840251922607,0.600038468837738,6,125,3,1,False,False,True
['야근하지말고 칼퇴근 하라'],김영상ㆍ임진택 기자(,근무시간 외 차단은 인재육성과 직원 건강관리 목적이 가장 크다,1,0.5694184303283691,0.5384653806686401,3,15,2,0,False,False,True
['이런 전세 없다'],"서울 중랑구 중화동 '청광플러스원' 67㎡ 역시 1가구 모집에 194명이, 서울 강동구 고덕동 고덕리엔파크 2단지 84㎡는 1가구 모집에 192명이 신청했다.",당초 시프트 제도가 중산층을 겨냥해 진행한 사업이었지만 전셋값 폭등으로 일부 고가 시프트에 대한 형평성 논란이 불거지게 됐다,1,0.2720347046852112,0.2170737534761428,3,58,5,1,False,False,True
['아직 갈길멀다'],오락.취미.경기용품 판매액은 2005년 3조6천41억원에서 지난해 5조1천373억원으로 42.5% 증가했다.,문제는 상당수 국민이 아직 여가를 활용하는 법 을 제대로 익히지 못했다는 점,1,0.5397818088531494,0.4345932602882385,2,32,5,1,False,False,True
"[""반지하 서민 '침수'보다 '보증금'이 더 무섭다""]",'모바일익스프레스' ▶ (머니마켓) 휴대폰으로 받는 특별한 투자 코치!,반지하 세입자들에게 무서운 건 침수가 아니라 더 비싸지는 임대료,0,0.7602366209030151,0.6794736385345459,6,24,4,1,False,False,True
"['한미 FTA, 30개월 이상 쇠고기 수입 안해']","한편 일각에서 제기되는 ""한미 FTA와 전작권 환수 연장을 바꿔치기 했다""는 주장에 대해, 김 본부장은 ""황당하다""고 일축했다.",30개월 이상 쇠고기 수입까지는 보고 있지 않다,0,0.6820708513259888,0.5773522257804871,7,92,6,1,False,True,False
['작을수록 인기'],[아시아경제 증권방송] - 무료로 종목 상담 받아보세요 [아시아경제 증권방송] - 무료로 종목 상담 받아보세요 황준호 기자 rephwang@,은퇴한 베이비부머들이 1억원 안팎의 소형 물건을 찾고 있다,1,0.5018818378448486,0.6654800176620483,2,49,4,1,False,False,True
['우리 동네는?'],LH는 주민 등 협의가 진행 중인 지구나 협의 초기 단계 지구는 이른 시일 내 협의를 진전시켜 주민 불편 및 불확실성을 해소할 방침이다.,일일이 대학입학시험 합격자 발표하듯이 할 필요가 있느냐,1,0.3038193583488464,0.4015440642833709,2,85,6,1,True,False,False
['빚 내서 집 사라더니 이제 와서…'],무엇보다 이자만 갚는 거치식 주택 담보 대출로 내집 마련을 계획했던 소비자들은 상당한 혼란을 피할 수 없게 됐다.,전세 없고 월세 비싸 빚 얻어 집 샀는데 원금 상환해 가면서 버틸 가구가 얼마나 되겠나 ,1,0.7864375710487366,0.5640941858291626,6,85,6,1,True,False,False
"['삼성에 금융실명제 누설자, 현정부 고위관리']","""박병원 재경차관,노골적 삼성 옹호 전력"" ""박병원 재경차관,노골적 삼성 옹호 전력"" 김 교수는 이밖에 현 정부내 삼성인맥과 관련, ""진대제 장관, 홍석현 대사는 모두 직접적으로 삼성의 인물""이라면서 ""재경부의 박병원 차관은 4년 전 국장 시절 토론회에서 '삼성생명의 계약자 돈으로 삼성총수의 의결권을 늘리는 것이 뭐가 문제냐'고 강력하게 이야기한 적이 있다""고 밝혔다.",삼성에게 금융실명제 정보 누설 혐의자가 현 정부 고위관리,0,0.9583925008773804,0.7278846502304077,5,97,4,1,False,False,True
['금융산업법을 막아라'],국민일보 쿠키뉴스 서지현 기자,일괄해소 방안이 타당하다,1,0.3653927445411682,0.5390483140945435,2,10,6,1,True,False,False
['야근하지 마라'],// flash 오류를 우회하기 위한 함수 추가 function _flash_removeCallback() {} (서울=연합뉴스) 김문성 기자 = 금융계에 `칼 퇴근' 바람이 불고 있다.,근무시간 외 차단은 인재육성의 목적도 있다,1,0.4968934655189514,0.2846720814704895,2,31,4,1,False,False,True
"[""'통큰 치킨'과 '이마트 피자', 싸다고 웃을 수 없는 이유""]","[관련기사] [관련기사] ▶ 롯데마트, '통큰치킨' 16일부터 판매 중단 롯데마트, '통큰치킨' 16일부터 판매 중단 ▶ 이마트 피자 이어 '롯데마트 치킨'…""재벌 문어발 어디까지?"" 이마트 피자 이어 '롯데마트 치킨'…""재벌 문어발 어디까지?"" 김윤나영 기자 ( dongglmoon@pressian.com",롯데마트 치킨과 이마트 피자는 다른 문제,1,0.8156355619430542,0.7600736021995544,9,57,4,1,False,False,True
['이부총리 감당해야 할 경제정책 많다'],"김 대변인은 이날 현안점검회의에서 ""경제가 어려운 상태에서 회복기미를 보이고 있다는 점, 여러 중요 경제정책을 펼쳐야 한다는 점이 지적됐다""면서 ""작년 말에 사의를 전해온 바가 있지만 경제가 어렵다는 이유로 말려왔다""고 말하고 ""경제정책 일관성이 매우 필요한 시기여서 이 부총리가 감당해야 할 정책들이 많이 있다는 점이 강조됐다""고 밝혔다.",경제가 어려운 상황에서 이 부총리가 감당해야 할 정책들이 많이 있다,0,0.8634393215179443,0.6780394315719604,5,94,2,0,False,False,True
['추가대책 없다'],인근 래미안 퍼스티지는 같은 평수가 5억원에 이른다.,현재 시행 중인 전세자금 대출한도 확대 도시형 생활주택 공급 활성화 등 전세안정대책 외에 추가적인 대책은 없다,0,0.4467625617980957,0.5148117542266846,2,31,2,0,False,False,True
"[""'건설족' LH, 살려낼 필요 있나?""]","정치권 ""일단 도와줘야"" 정치권 ""일단 도와줘야"" 경실련의 대안과 달리 정치권은 일단 LH를 살려야 한다는 입장이다.",일단 도와줘야,1,0.5846995115280151,0.5078598260879517,5,43,5,1,False,False,True
['개인 몰리고 연기금 이탈'],"개인의 순매수 규모는 실질예탁금을 기준으로 할 때 지난 1월엔 5000억원, 2월엔 2000억원 정도에 그쳤다.",개인이 공격적으로 주식을 산다고 보기는 어렵고 외인의 매수 강도가 떨어진 데 따라 상대적으로 많이 사는 것처럼 보이는 것,1,0.5248348712921143,0.4325163662433624,4,33,6,1,True,False,False
['한국 올해 성장률 6.1% 전망'],당초 7월6일 한국에서 연례협의결과를 발표할 때 올해 한국의 성장률 전망치가 5.75%로 책정됐으나 약 두달 사이에 0.35%포인트 올라갔다.,2008년 하반기 이후 정부의 확장적 거시 금융정책과 무역 정상화 등에 힘입어 한국이 인상적인 성장세를 나타냈다,1,0.6256234645843506,0.4620343148708343,5,58,3,1,False,False,True
['한국 국민소득 2년내 2만弗'],번 부사장은 코리아소사이어티가 22일(현지시간) 뉴욕 맨해튼에서 개최한 강연에서 ‘무디스가 본 한국경제와 신용등급’이란 주제발표를 통해 “한덕수 부총리 겸 재정경제부 장관이 2008년까지 1인당 국민소득 2만달러를 달성할 것이라고 밝힌 것은 합리적인 목표”라며 “개인적으로 이르면 2007년에도 가능할 것으로 본다”고 낙관적으로 말했다.,한국의 1인당 국민소득이 이르면 오는 2007년에 2만달러를 돌파할 수 있다,0,0.895442008972168,0.4276372194290161,4,84,5,1,False,False,True
['LG생건 액상분유 구더기 논란…소비단계서 혼입'],LG생활건강은 현재 베비언스 홈페이지(http://www.babience.com)를 통해 이물 혼입신고에 대한 식약처의 조사결과를 공지하고 있다.,앞으로도 엄마의 마음으로 건강과 안전을 최우선으로 생각하며 언제나 고객들이 믿고 구입할 수 있는 베비언스 액상분유 제품을 만들기 위해 최선을 다하겠다,1,0.2013913542032241,0.1707803308963775,5,48,6,1,True,False,False
['한달후 세금 2배'],9억원 초과 아파트에 대한 취득 · 등록세 50% 감면 혜택이 올해 말로 끝난다는 사실을 뒤늦게 들었다.,취득 등록세가 슬그머니 인상돼 미리 알지 못한 구입자가 많아 반발이 더 크다,1,0.5367000102996826,0.7512432336807251,3,40,6,1,True,False,False
['전세계 부동산값 올라도 한국만은 안돼'],"노 대통령은 ""전세계 부동산 가격이 다 올라도 한국은 올라서는 안된다는 생각을 갖고 있다""며 ""부동산 정책을 잘하면 나머지 국정운영을 충분히 이끌어 갈 수 있고 원만히 국정운영을 해 나갈 수 있다""고도 말했다.",전세계 부동산 가격이 다 올라도 한국은 올라서는 안된다는 생각을 갖고 있다,0,0.8891985416412354,0.7609113454818726,5,83,0,0,True,False,False
['스타일로 권력을'],‘SK증권 통크게Save이벤트’ ▶ (머니마켓) 24개월간 48만원 휴대폰요금 할인!,스타일도 리더의 자질로 평가받는 시대,1,0.7302202582359314,0.8182233572006226,2,23,5,1,False,False,True
['고객에겐 웃지만…'],"하지만 매장 직원에게 분위기를 묻자 ""지난 월요일보다는 낫지만 여전히 분위기가 좋지 않다""며 ""고객들 앞에서는 웃고 있지만 속으로는 너무 답답하다""고 말했다.",고객들 앞에서는 웃고 있지만 속으로는 너무 답답하다,0,0.8616434931755066,0.7350845336914062,2,52,6,1,False,True,False
['경기 뚜렷하게 회복 중'],"간담회에는 김주형 LG경제연구원장, 송병준 산업연구원장, 이승철 전국경제인연합회 전무, 장지종 중소기업연구원장, 전주성 이화여대 교수, 정지만 상명대 교수가 참석했다.",국내 경기가 뚜렷하게 회복하고 있다,0,0.7669779062271118,0.5331788063049316,4,30,3,1,False,False,True
['예금 이자 못줘요'],개성공단내 남한 근로자에 대한 월급 송금도 이 전화상으로 이뤄진다.,한달에 두번밖에 서울 집에 오지 못하는 등 불편한 점이 많지만 분단후 첫 북한 지점장이란 사명감을 갖고 일하고 있다,1,0.2732413709163666,0.4135972261428833,3,57,6,1,True,False,False
['포괄적이고 강력한 부동산정책 준비중'],"이와 관련, 당 지도부는 ""범여권이 일사불란하게 부동산 문제에 관심을 갖고 정책을 협의하고 추진해 나가야 한다""면서 ""국민의 신뢰를 얻을수 있는 여러 지표를 개발해서 가격이 예측가능하도록 정책에 대한 통합적인 구조를 마련해야 한다""고 건의했다.",범여권이 일사불란하게 부동산 문제에 관심을 갖고 정책을 협의하고 추진해 나가야 한다,0,0.8212093710899353,0.726355791091919,4,99,2,0,False,False,True
['애들 먹으면 어쩌려고…'],"아내와 함께 온 유용원씨(41)도 ""겉으로 보면 초콜릿처럼 아이들이 빨고 씹을 수 있는 물건인 것 같은데, 쉽게 깨질까봐 위험해 보인다""며 ""주의사항이 있다고는 하지만 애들이 이를 제대로 숙지하겠느냐""고 말했다.",주의사항이 있다고는 하지만 애들이 이를 제대로 숙지하겠느냐,1,0.6474820971488953,0.601233184337616,3,80,6,1,True,False,False
['복지도 나라 형편 안에서 즐겨야'],"윤 장관은 이어 ""사람들이 복지를 누리며 기대치가 커졌지만 나라의 형편이 되는 한도 내에서 즐겨야 한다""며 뼈있는 한 마디를 남겼다.",사람들이 복지를 누리며 기대치가 커졌지만 나라의 형편이 되는 한도 내에서 즐겨야 한다,0,0.6749671697616577,0.7849756479263306,5,48,2,0,False,False,True
['최근까지도 연예사업에 참여'],"▶ 관련기사 ◀ ▶ 관련기사 ◀ ☞외국인 팔아 제끼니···IT주식도, IT펀드도 `주르륵` ☞외국인 팔아 제끼니···IT주식도, IT펀드도 `주르륵` ☞이재찬씨 지인들 ""완벽주의 업무스타일…한달전 통화""(종합) ☞이재찬씨 지인들 ""완벽주의 업무스타일…한달전 통화""(종합) ☞이재찬씨 지인들 ""국제감각, 추진력 있는 친구"" ☞이재찬씨 지인들 ""국제감각, 추진력 있는 친구"" ▶ 이데일리ON, 문자로 시세,추천,진단,상담정보 - #2200 ▶ 이데일리 모바일ㆍ실시간 해외지수/SMS &lt;3993+show/nate/ez-i&gt; ▶ 가장 빠른 글로벌 경제뉴스ㆍ금융정보 터미널, 이데일리 MARKETPOINT ＜ⓒ종합 경제정보 미디어 이데일리 - 무단전재&amp;재배포 금지＞ ＜안방에서 만나는 가장 빠른 경제뉴스ㆍ돈이 되는 재테크정보 - 이데일리TV ＞ ▶ 이데일리ON, 문자로 시세,추천,진단,상담정보 - #2200 #2200 ▶ 이데일리 모바일ㆍ실시간 해외지수/SMS &lt;3993+show/nate/ez-i&gt; &lt;3993+show/nate/ez-i&gt; ▶ 가장 빠른 글로벌 경제뉴스ㆍ금융정보 터미널, 이데일리 MARKETPOINT 이데일리 MARKETPOINT ＜ⓒ종합 경제정보 미디어 이데일리 - 무단전재&재배포 금지＞ ＜안방에서 만나는 가장 빠른 경제뉴스ㆍ돈이 되는 재테크정보 - 이데일리TV 이데일리TV＞ 이창균 (smilee@) 이창균 (smilee@)",엔터테인먼트사 경영 전반에 참여했다,1,0.6577471494674683,0.892472505569458,3,128,4,1,False,False,True
['이젠 끝낸다'],// flash 오류를 우회하기 위한 함수 추가 function _flash_removeCallback() {} [한겨레] 구글세 도입 본격화 정상회의서 규제안 최종 승인 내년 2월 재무장관회의 후속 논의 구글·아마존·애플·페북·스벅… 전세계 법인세수 최대 10% 손실 다국적기업 국가별 세금정보 공유 각국 세원 확보에 도움 기대 구글세 도입 본격화 구글세 도입 본격화 정상회의서 규제안 최종 승인 내년 2월 재무장관회의 후속 논의 구글·아마존·애플·페북·스벅… 전세계 법인세수 최대 10% 손실 다국적기업 국가별 세금정보 공유 각국 세원 확보에 도움 기대 주요 20개국(G20) 정상회의에서 다국적 기업의 조세 회피를 방지하기 위한 규제안이 최종 승인되면서 이른바 ‘구글세’ 도입 논의가 본격화할 것으로 보인다.,내년 2월에 예정된 주요 20개국 재무장관회의에서 벱스 후속조치를 논의할 것,1,0.2065563648939132,0.2630120813846588,2,107,6,1,True,False,False
['빚내서 집사라고 할땐 언제고…'],가계부채 해결에 대한 필요성에는 공감하면서도 훈풍이 불고 있는 부동산 경기에 자칫 찬물을 끼얹을까 노심초사하는 분위기다.,빚 내서 집을 사라고 권유한 게 불과 몇달 전인데 갑자기 대출 정책 방향을 180도 바꾸니 시장 불신만 키우네요 ,0,0.6017726063728333,0.5046429634094238,4,105,6,1,False,True,False
['고민 또 고민'],// flash 오류를 우회하기 위한 함수 추가 function _flash_removeCallback() {} (서울=연합뉴스) 윤근영기자= 이헌재 부총리겸 재정경제부 장관이 2일 부인의 부동산 투기의혹과 관련해 자신의 거취와 대응방안을 놓고 고민에 고민을 거듭하고 있는 것으로 알려졌다.,이 부총리가 이번에 사임하지 않는다고 하더라도 4월 재보선 직후에 개각이 단행되면 물러날 가능성도 충분히 있다,1,0.4029138088226318,0.3213393688201904,3,52,3,1,False,False,True
['6개월 시한내 위안화 절상하라'],안근모 뉴욕특파원 (,위안화 제도 변경을 늦출 수록 위험이 커진다,1,0.3893662393093109,0.8495771288871765,4,6,5,1,False,False,True
['이건희 회장 셋째딸 의학적으로 사망'],"그러나 이재용 삼성전자 상무와 이부진 신라호텔 상무, 이서현 제일모직 상무보 등 일부 가족들이 병원을 방문, 윤형씨의 `의학적 사망' 사실을 확인한 것으로 전해졌다.",윤형씨가 의학적으로 사망한 단계,0,0.6583443880081177,0.5669870972633362,5,60,2,0,False,False,True
['보유액 공개할 수 없다'],"◇ 정부, ""위안화 보유액 비공개 원칙""....위안화 확보 비상 ◇ 정부, ""위안화 보유액 비공개 원칙""....위안화 확보 비상 지난해 말 기준 우리나라의 외화보유액은 3,636억 달러 규모다.",위안화 보유액 비공개 원칙,1,0.6405736804008484,0.5275676250457764,4,48,2,0,False,False,True
['자영업자·비정규직 몰락 때문'],// flash 오류를 우회하기 위한 함수 추가 function _flash_removeCallback() {} ㆍ日 노무라증권 분석 ㆍ日 노무라증권 분석 ㆍ저금리로 경기부양보다 물가상승 최소화 급선무 ㆍ저금리로 경기부양보다 물가상승 최소화 급선무 한국사회의 ‘고용없는 성장’의 근원은 무엇인가.,저금리를 통한 단기적인 경기부양보다 물가상승과 경기변동을 최소화하는 것이 저소득층의 상황을 개선하는데 필요한 정책,1,0.4954333007335663,0.3578940331935882,3,45,4,1,False,False,True
['원통하다!'],1등당첨의 그날까지 달리겠다!,그 중 무족언1등이다 회원은 2주 연속 3등 당첨에 성공 기쁨의 메시지를 자체 사이트 게시판에 남겨 현재 큰 관심을 얻고 있다,1,0.4707975387573242,0.6806104183197021,1,18,6,1,True,False,False
"['IMF SDR 바스켓 편입, 다음 1순위는 韓 원화 가능성']",한국 원화는 수출 랭킹으로만 보면 SDR 편입 검토 대상 1순위로 볼 수 있다고 블룸버그는 전했다.,자유롭게 쓸 수 있다고 인정받을 가능성이 있는 통화들이 있다,1,0.3175743222236633,0.5028279423713684,9,39,5,1,False,False,True
['국익 위해 박용성씨 불구속'],"양영권,오상헌,김지산기자 indepen@,bborirang@,san@",외교의 한 축을 담당하는 국제올림픽위원회 위원인 박용성 전 회장을 구속하는 것이 국익에 중대한 영향을 끼칠 수 있다는 점이 가장 크게 고려됐다,1,0.6492561101913452,0.6130658388137817,4,9,5,1,False,False,True
['행복주택 임대료 시세의 60∼80% 수준으로 공급'],예를 들어 주변 전세가 시세 8천만원인 행복주택의 경우라면 전월세 전환율을 6%로 계산해 보증금 4천만원에 월 20만원의 임대료를 내는 식이다.,전문가 토론과 지방자치단체 등 관계기관의 의견 수렴을 거쳐 최종기준을 확정해 이르면 4월 임대료 기준을 확정해 고시할 계획,1,0.3840966820716858,0.7651917934417725,6,39,3,1,False,False,True
['범퍼 갈아달라?'],벤츠를 타다 사고가 났더라도 배기량이 비슷한 국산 아반떼를 기준으로 렌트비를 매긴다는 얘기다.,가벼운 사고가 난 경우엔 범퍼를 교체할 필요 없이 판금 도장 수리로 원상회복이 가능한데도 무분별하게 범퍼를 교체하다 보니 보험금 누수 현상이 심했다,1,0.4342416524887085,0.3150150179862976,2,59,6,1,True,False,False
['검찰엔 두산 장학생도 많은 것 같다'],"전씨는 ""검찰은 처음부터 박 전 회장에 대한 구속수사 의지가 없었다""며 ""검찰에는 '삼성 장학생'만 있는 것이 아니라 '두산 장학생'도 많은 것 같다""고 한숨을 내쉬었다.",검찰에는 삼성 장학생 만 있는 것이 아니라 두산 장학생 도 많은 것 같다,0,0.8410770893096924,0.6737713813781738,6,71,2,0,False,False,True
['영어 공용화 비효율적'],"☞ '폭주족·성폭행설…' 아이돌 수난시대 '폭주족·성폭행설…' 아이돌 수난시대 '폭주족·성폭행설…' 아이돌 수난시대 ☞ 미녀배우 ""음모노출 장면에 나도 깜짝"" 미녀배우 ""음모노출 장면에 나도 깜짝"" 미녀배우 ""음모노출 장면에 나도 깜짝"" ☞ '초코파이 신화' 만든 그 회장 알고보니… '초코파이 신화' 만든 그 회장 알고보니… '초코파이 신화' 만든 그 회장 알고보니… ☞ 직장인에게 ""G20 뜻 알고 있느냐"" 물었더니… 직장인에게 ""G20 뜻 알고 있느냐"" 물었더니… 직장인에게 ""G20 뜻 알고 있느냐"" 물었더니… 노희영기자",아직까지는 영어 공용화 폐지를 공식적으로 밝히지 않아 사내 인트라넷이나 메일 시스템은 기존대로 영어와 한글을 함께 쓰고 있지만 영어 사용 빈도는 확실히 줄었다,1,0.5998877882957458,0.6513556241989136,3,70,4,1,False,False,True
['절임 배추에서 냄새난다'],다음날 속을 버무리려고 보니 배추에서 쉰 냄새가 나고 일부는 누렇게 상해 있어 김장을 할 수가 없었다.,판매만 하고 있지 직접 우리가 배추를 절이지 않아 모르겠다,1,0.584499716758728,0.7267904877662659,3,65,5,1,False,False,True
['韓 신용카드시장 도전 직면'],"또한, 한국의 신용카드 사용자들이 평균 4개의 카드를 소지하고 있고 각 카드가 서로 다른 카드회사에서 발급된 것이라는 점도 불안 요인으로 꼽았다.",결제 대금 가운데 일정 부분만 지급하면 신용카드를 계속 사용할 수 있는 리볼빙 회전결제 방식이 일정한 조건을 갖추지 않은 사용자에게는 허용되지 않는 점 또한 한국 신용카드업계의 업황 지표가 개선된 배경,1,0.7313699126243591,0.305880606174469,4,65,4,1,False,False,True
['한국 구제금융방식 실수있었다'],"// flash 오류를 우회하기 위한 함수 추가 function _flash_removeCallback() {} 도미니크 스트로스-칸 IMF 총재 (AP=연합뉴스, 자료사진) 도미니크 스트로스-칸 IMF 총재 (AP=연합뉴스, 자료사진) 도미니크 스트로스-칸 IMF 총재 (AP=연합뉴스, 자료사진) 도미니크 스트로스-칸 IMF 총재 (AP=연합뉴스, 자료사진) ""한국, 금리 정상화 단계 접어들어"" ""한국 재정 건전‥정책 방향 좋아"" (서울=연합뉴스) 심재훈 고병준 김용래 기자 = 국제통화기금(IMF) 총재가 지난 1990년대 후반 한국에 단행했던 혹독한 구제금융방식에 일부 실수가 있었음을 처음으로 시인했다.",한국 재정 건전 정책 방향 좋아,0,0.6450430154800415,0.4413982629776001,3,86,2,0,False,False,True
['삼성문제는 어디가고 불법도청만...'],"""삼성개혁에 온 국민이 나서주길 호소한다.", 삼성문제 는 어디 가고 불법도청만 문제삼나 ,1,0.9548791646957396,0.7402334213256836,3,19,3,1,False,False,True
"['중산층 40%, 은퇴 후 빈곤층 된다']",/사진=NH투자증권 100세시대연구소 우리나라 중산층의 상당수가 은퇴 후에는 빈곤층으로 하락할 가능성이 높은 것으로 나타났다.,중산층 10명 중 8명은 스스로 빈곤층이라 생각,1,0.8174242973327637,0.7615634799003601,6,44,4,1,False,False,True
['中 열풍·日 미풍·韓 약풍'],"중국은 샤오미를 비롯한 정보기술(IT) 창업기업의 약진, 창업을 응원하는 사회적 분위기 등에 힘입어 청년들의 창업 선호도가 높은 반면 한국은 안정적 직장 선호와 경쟁력 있는 창업생태계 구축 미흡 등으로 창업 활기가 저조한 것으로 무역협회는 분석했다.",우리 청년들이 도전적 태도로 창업에 관심을 갖도록 하기 위해 중국이나 일본의 우수 창업 지원제도를 벤치마킹할 필요가 있다,1,0.1199177429080009,0.2668601274490356,4,74,6,1,True,False,False
['동네 치킨도 가격 낮춰야'],또 다른 손님 윤모(71)씨는 “동네 치킨집이 너무 비싸게 판다”며 “5000원까지는 아니더라도 이번 일을 계기로 서민을 생각해 치킨 가격을 낮춰야 한다”고 성토했다.,5000원까지는 아니더라도 이번 일을 계기로 서민을 생각해 치킨 가격을 낮춰야 한다,0,0.8504416942596436,0.7883954644203186,4,65,5,1,False,False,True
['한국과자 띵호아'],// flash 오류를 우회하기 위한 함수 추가 function _flash_removeCallback() {} (서울=연합뉴스) 황윤정기자 = 제과업계의 중국 진출 바람이 거세다.,한국에서는 한가지 맛이지만 홍콩에서는 치즈 아몬드 김 무설탕 양파 감자 등 다양한 맛으로 홍콩인들의 입맛을 사로 잡았다,1,0.5435889959335327,0.361452966928482,2,30,6,1,True,False,False
['삼성에 불만사고 아냐'],국민일보 쿠키뉴스 김도훈 기자,삼성에 불만을 표시하려는 목적이 아닐까 급히 사고 경위 파악에 나섰지만 단순 교통사고인 것으로 밝혀졌다,0,0.5715765357017517,0.7334390878677368,3,21,5,1,False,False,True
['주식 사주세요'],대세상승 기대감으로 지난달에만 8000억원 이상이나 급증했다.,이같은 경기회복 기대감 강화는 주식에 대한 관심을 더욱 증가시킬 것이다,1,0.5718801617622375,0.5324740409851074,2,58,6,1,True,False,False
"['소득세법 개정안, 종교인에 지나친 특혜']","// flash 오류를 우회하기 위한 함수 추가 function _flash_removeCallback() {} 한국납세자연맹 김선택 회장 &lt;&gt; 한국납세자연맹 김선택 회장 &lt;&gt; 한국납세자연맹 김선택 회장 <> 근로자 소득세 종교인의 5.8배…""국회 통과시 위헌소송"" (서울=연합뉴스) 송광호 기자 = 한국납세자연맹은 2일 종교인 소득에 대해 세금을 부과하는 소득세법 개정안이 종교인에게만 특혜를 줘 조세공평주의에 어긋난다며 개정안이 국회를 통과하면 위헌소송을 낼 것이라고 밝혔다.",일반국민과 달리 종교인들만 세금 납부 때 근로소득과 기타소득 중 유리한 것을 선택할 수 있도록 법으로 정하는 것은 전대미문의 특혜입법,0,0.8506196737289429,0.6082572937011719,5,85,0,0,True,False,False
['경유값 오른다'],"▶ 이데일리ON, 문자로 시세,추천,진단,상담정보 - #2200 ▶ 이데일리 모바일ㆍ실시간 해외지수/SMS &lt;3993+show/nate/ez-i&gt; ▶ 가장 빠른 글로벌 경제뉴스ㆍ금융정보 터미널, 이데일리 MARKETPOINT ＜ⓒ종합 경제정보 미디어 이데일리 - 무단전재&amp;재배포 금지＞ ＜안방에서 만나는 가장 빠른 경제뉴스ㆍ돈이 되는 재테크정보 - 이데일리TV ＞ ▶ 찌라시는 가라!..",2 퍼센트 혼합시 리터당 11 63원 원가 올라,1,0.6474025845527649,0.5501884818077087,2,51,3,1,False,False,True
['자살보험금 약관대로 줘라'],약관에서 정신질환 자살과 보험가입 후 2년이 지난 뒤의 자살을 병렬적으로 기재하고 있으므로 두 사안 모두 재해사망보험금 지급대상이라고 보는 것이 통일적이고 일관된 해석이라는 것이다.,특약에 따른 재해사망보험금 1억원을 지급하라,1,0.7767208814620972,0.6613340973854065,3,59,4,1,False,False,True
"['감사원, 땅콩회항 부실조사한 국토부 봐줘']","당시 참여연대는 담당 조사관 6명 중 2명이, 전체 항공안전감독관 17명 중 15명이 대한항공 출신이며, 국토부 항공사 감독부서 공무원 다수가 대한항공 관련 출신자라는 문제도 제기했다.",대한항공을 봐준 국토부를 이번에는 감사원이 봐준 셈이어서 매우 유감,0,0.6692839860916138,0.1395594477653503,5,43,6,1,False,True,False
['할일 많다'],"김종민 청와대 대변인은 이날 브리핑에서 ""오전 김우식 비서실장 주재로 열린 현안점검회의에서 경제가 어려운 상태에서 회복 기미를 보이고 있다는 점, 여러 중요 경제정책을 펼쳐야 한다는 점이 지적됐다""고 말하고 ""경제정책의 일관성이 매우 필요한 시기여서 이 부총리가 감당해야 할 정책들이 많이 있다는 점이 강조됐다""고 전했다.",경제가 어려운 상황에서 이 부총리가 감당해야 할 정책들이 많이 있다,0,0.4773303568363189,0.3811944723129272,2,96,3,1,False,False,True
['금호산업 인수전 5~6곳 참여… CJ·롯데·SK 불참'],현재 금호산업의 우선매수청구권은 박삼수 금호아시아나그룹 회장이 보유하고 있다., 를 제출하는 기업에게 모두 실사를 허용할 경우 금호산업과 계열사의 영업 비밀이 지나치게 노출될 우려가 있다,1,0.018123060464859,0.5298914909362793,6,31,3,1,False,False,True
['복지 같은데 돈 쓰면 남는게 없다'],"// flash 오류를 우회하기 위한 함수 추가 function _flash_removeCallback() {} [한겨레] ‘서민 뒷전’ 발언 논란 4대강 사업엔 “강 좋아져…투자해야” 편향된 시각 드러내 ‘서민 뒷전’ 발언 논란 4대강 사업엔 “강 좋아져…투자해야” 편향된 시각 드러내 한나라당이 강행처리한 내년도 예산안에 대해 ‘복지·서민예산 누락 논란’이 커지고 있는 가운데, 예산당국의 수장인 윤증현(사진) 기획재정부 장관이 “복지 같은 데 재원을 써버리면 남는 게 없다”며 “나라 형편이 되는 한도 내에서 (복지를) 즐겨야 한다”는 발언을 해 논란이 예상된다.",복지 같은 데 재원을 써버리면 남는 게 없다,0,0.9370890855789183,0.5162625312805176,6,104,4,1,False,False,True
['자살보험금 약관대로 줘라'],약관에서 정신질환 자살과 보험가입 후 2년이 지난 뒤의 자살을 병렬적으로 기재하고 있으므로 두 사안 모두 재해사망보험금 지급대상이라고 보는 것이 통일적이고 일관된 해석이라는 것이다.,특약에 따른 재해사망보험금 1억원을 지급하라,1,0.7767208814620972,0.6613341569900513,3,59,3,1,False,False,True
['높은 전세가율에 세입자 피해없도록 관리할 것'],"""빠른 속도로 주택시장 정상화…내수 활성화에 도움될 것"" (서울=연합뉴스) 박초롱 기자 = 최경환 경제부총리 겸 기획재정부 장관은 25일 최근 일부 지역에서 80∼90%까지 높아진 전세가율(전세가격 대비 매매가격 비율)에 대해 ""세입자들이 피해를 보지 않도록 관리에 만전을 기하겠다""고 밝혔다.",세입자들이 지나치게 높은 전세가 비율로 피해를 보지 않도록 각 부처에서 세심한 주의를 기울여달라,0,0.7545042037963867,0.7734084129333496,6,79,2,0,False,False,True
"['35세 미만 독신남녀, 전세 대출도 못 받나요?']",나 연구위원은 35세 미만 1인 가구에도 대출을 허용할 경우 2005년 기준 20세 이상 35세 미만 1인 가구수를 기준으로 연간 1716억 원의 추가 재원이 필요하다며 큰 재정적 부담이 필요한 게 아니라고 강조했다.,제한된 기금으로 인해 부양가족이 있는 세대주를 우선하여 대출할 수밖에 없다,1,0.6849086880683899,0.6952216625213623,7,78,5,1,False,False,True
['온실가스 감축 역점'],7차 전력수급기본계획 원안대로…신재생에너지 대책 보완 고리 1호기 폐쇄 결정 반영…발전량 감소분 추가 않기로 (서울=연합뉴스) 이웅 기자 = 석탄화력발전소 4기 건설 계획을 취소하고 2029년까지 원자력발전소 2기를 신설하는 것을 골자로 한 제7차 전력수급기본계획이 원안대로 확정됐다.,이번 7차 전력수급기본계획은 안정적 전력수급을 최우선 과제로 추진하면서 신 기후체제인 포스트 2020 온실가스 감축을 위한 저탄소 전원구성을 확대하는 데 역점을 뒀다,1,0.6478080153465271,0.5260642766952515,3,89,2,0,False,False,True
"['자동차 에어컨 필터 일부제품, 항균효과 없어']",// flash 오류를 우회하기 위한 함수 추가 function _flash_removeCallback() {} (서울=연합뉴스) 김아람 기자 = 항균 효과가 있다고 광고나 표시를 한 자동차용 에어컨 필터 중 일부 제품은 항균 효과가 아예 없는 것으로 나타났다.,항균도 미세먼지 제거효율 등의 성능과 시험방법에 대한 기준 마련이 필요하다,1,0.4474929273128509,0.7556477189064026,6,48,2,0,False,False,True
['집값 내리니 자가 거주 줄고 임대 늘어'],"특히 전ㆍ월세 주택에서 살다가 내 집을 사서 이사한 비율은 지난해 6.8%에서 올해는 4.8%로 떨어졌고, 나머지 95.2%는 다시 임대주택으로 옮긴 것으로 조사됐다.",올 들어 집값 약세에도 불구하고 자가 대신 임대 주택 수요가 늘었다는 것은 그만큼 집값 상승에 대한 기대감이 낮다는 의미,1,0.8160278797149658,0.7411535978317261,7,49,4,1,False,False,True
['다 벗겠다'],"[심윤희 기자 / 손동우 기자] [심윤희 기자 / 손동우 기자] ▶ [화보] 소녀시대 태연, 눈길가는 '소녀 가슴' ▶ 포스코 '썩은 동아줄' 잡았나?",같은 논리라면 모든 산업이 원재료가와 마진을 공개해야 하는 것 아니냐,1,0.2420935034751892,0.6570867300033569,2,95,6,1,True,False,False
['은퇴 후 빈곤층 될 것'],// flash 오류를 우회하기 위한 함수 추가 function _flash_removeCallback() {} NH투자증권 100세시대연구소 '대한민국 중산층 보고서' (서울=연합뉴스) 윤선희 기자 = 중산층 5명 중 2명은 은퇴후에 빈곤층으로 전락할 것으로 생각한다는 조사 결과가 나왔다.,은퇴 후 중산층으로 사는 게 더 어려운 만큼 연금과 일 부동산을 활용한 3층 소득전략이 필요하다,1,0.7124491930007935,0.5284930467605591,5,58,6,1,True,False,False
['전세 갱신시 보증금 인상 10% 이내 제한 건의'],// flash 오류를 우회하기 위한 함수 추가 function _flash_removeCallback() {} 주택임대차 계약갱신청구권 도입 여부 지방정부에 위임 촉구 (서울=연합뉴스) 최윤정 기자 = 서울시는 주택 전월세 시장 안정을 위해 임대 계약 갱신시 보증금 인상 폭을 10% 이내로 제한하자고 건의했다.,지금은 사실상 계약 갱신이더라도 형식적으로 신규 계약으로 처리하기 때문에 보증금 인상을 억제하는 법이 유명무실하다,1,0.5523777008056641,0.5765274167060852,8,56,1,0,False,False,True
['현대·신한카드와 카드 복합할부 신규 취급 중단'],[내 삶을 바꾸는 정치뉴스 'the 300' 바로가기] [내 삶을 바꾸는 정치뉴스 'the 300' 바로가기] ['스페셜 걸' 포토] ['스페셜 걸' 포토] [손안의 경제뉴스 머니투데이 모바일웹] [손안의 경제뉴스 머니투데이 모바일웹] [Ten Lines News 티타임즈 ] [Ten Lines News 티타임즈 ] ['취업의 모든 것' 잡드림 ] ['취업의 모든 것' 잡드림 ] 박상빈 기자 bini@,고객에게 더 좋은 금융 혜택을 제공하기 위해 다양한 할부 프로그램을 운영하고 있다,1,0.3933933675289154,0.5454220771789551,6,68,4,1,False,False,True
['땀 식히려다 땀띠 날라'],"흡한속건 셔츠의 주요 기능인 땀 배출에 대한 평가에서는 아식스코리아의 아식스, 아디다스코리아의 리복, LS네트웍스의 프로스펙스, 푸마, 휠라코리아의 휠라 등 5개 제품의 기능이 상대적으로 떨어진 것으로 평가됐다.",지난해 말 기준으로 기능성 티셔츠를 가진 소비자의 75 1 퍼센트 가 흡한속건 티셔츠를 가진 것으로 나타났다,1,0.4163813889026642,0.3883299827575683,4,61,6,1,True,False,False
['한국성장률 내년에도 동아시아 바닥권'],17일 재정경제부와 대외경제정책연구원(KIEP) 등에 따르면 아시아개발은행(ADB)은 최근 발표한 `아시아경제모니터(AEM)` 보고서를 통해 한국의 내년 경제성장률을 4.7%로 예상했다.,4 7 퍼센트 예상,1,0.242781400680542,0.2547730803489685,4,78,1,0,False,False,True
['반면교사 삼겠다'],"■삼성, 황우석 연구팀 동병상련?", 수첩의 사과로 일단 국내에서는 수그러든 황교수팀의 연구결과 진위논란 추이를 지켜보면서 삼성이 배워야 할 점이 무엇인 지 검토하고 있다,1,0.4811925888061523,0.9036993980407716,2,44,3,1,False,False,True
['원가 이하 팝니다'],"[© 뉴스1코리아( news1.kr ), 무단 전재 및 재배포 금지] [© 뉴스1코리아( news1.kr news1.kr), 무단 전재 및 재배포 금지]",인터넷에 올리면 한정판의 경우 3 4배는 더 받고 팔수 있다,1,0.4719175100326538,0.6220098733901978,3,25,5,1,False,False,True
"['영화 보지마, 술 마시지마']","네티즌들은 ‘책도 읽지 말고 영화도 보지 말고 G20만 쳐다보라는 거냐’, ‘하도 G20, G20 하다 보니 소녀시대의 ‘지(Gee)’를 듣는 것 같다’, ‘시민 한 명 없는 유령도시에서 G20 잘 치뤄라’ 등의 독설을 날리고 있다.",강원도 일선 부대에서 휴가와 외박 정지는 물론 총기 사용도 자제하라는 명령이 내려왔다,1,0.4087400436401367,0.5492085218429565,4,57,6,1,True,False,False
['넌 사서 쓰니? 난 빌려쓴다!'],이제는 화단도 빌려준다.,달리기가 싫증이 나면 다른 제품으로 바꿔 사용할 계획,1,0.4925304055213928,0.7500385046005249,5,35,5,1,False,False,True
['슈퍼 엔고，한국이 최고 이득'],// flash 오류를 우회하기 위한 함수 추가 function _flash_removeCallback() {} 일본 엔화가 심각한 급등세를 기록하면서 한국이 가장 큰 혜택을 입고 있다고 블룸버그 통신이 2일(현지시간) 보도했다., 는 머잖은 장래에 시장에 개입해야만 할 것이며 그렇게 하지 않으면 한국에 무참히 패배하고 말 것,1,0.4873238205909729,0.3365220725536346,4,46,4,1,False,False,True
"[""한국 신용등급, 내년 'Aa3' 긍정적 유지""]","스테판 디크 무디스 부사장은 18일 오전 여의도 콘래드 호텔에서 한국신용평가와 기자간담회를 열어 ""한국의 재정 건전성이 매우 우수해 'Aa3' 신용등급을 지지하고 있다""며 이같이 말했다.",한국의 재정 건전성이 매우 우수해 3 신용등급을 지지하고 있다,0,0.7589705586433411,0.3934628963470459,6,53,2,0,False,False,True
['밀고 당기고'],서울 영등포구 문래동 일대 [사진=김성훈 기자][이데일리 김성훈 기자] 전국 아파트 값의 오름세가 전달보다 뚜렷해졌다.,전셋값 상승에 따른 매매전환수요 재건축 단지를 중심으로 한 거래량 증가 매매심리 개선 등에 힘입어 봄 이사철을 앞두고 매매 전세수요는 더 늘어날 것,1,0.226387470960617,0.4882793426513672,2,37,6,1,True,False,False
['인플레 없으면 연준 금리인상 멈출 것'],2019.010.04 【로스앤젤레스=뉴시스】 류강훈 기자 = 로레타 메스터 미국 클리블랜드 연방준비은행(연은) 총재가 4일(현지시간) 인플레이션이 일어나지 않는다면 중앙은행인 연방준비제도(Fed 연준)가 기준금리 인상을 멈출 수도 있을 것이라고 밝혔다.,인플레이션이 일어나는 것이 보이지 않고 고용시장이 상당히 탄탄하게 유지되는 것을 본다면 금리 인상을 중단할 수 있을 것,0,0.8201376795768738,0.6641331911087036,6,163,2,0,False,False,True
"['유가급등, 글로벌 경제에 큰 영향없어']",백악관도 고유가가 미국의 경제 회복세를 멈추게 하지는 않을 것이란 전망을 내놨다.,세계 경제 유가 급등 성공적으로 흡수,1,0.589327335357666,0.6757056713104248,5,58,5,1,False,False,True
['국제 유가 하락은 물가 상승을 낮출 것'],"// flash 오류를 우회하기 위한 함수 추가 function _flash_removeCallback() {} 【서울=뉴시스】김동현 기자 = SK증권은 7일 ""국제 유가가 전년대비 30% 가까운 수준으로 하락했으며 이는 물가 상승률을 낮추는 압력으로 작용할 것""이라고 내다봤다.",국제 유가가 전년대비 퍼센트 가까운 수준으로 하락했으며 이는 물가 상승률을 낮추는 압력으로 작용할 것,1,0.895543098449707,0.8074827194213867,7,68,1,0,False,False,True
"['경제위기→청년실업→성장잠재력 약화, 악순환 고리 끊어야']",[아시아경제 이윤재 기자] 경제 위기로 인해 일자리가 줄어든다.,성장잠재력이 훼손됐을 때 청년실업도 급속히 나빠진다,0,0.8464019298553467,0.7760465145111084,5,13,3,1,False,False,True
['집값 하락에 국내 총수요↓…저소득층 주담대 리스크 완화 대책 필요'],"박 연구위원은 이처럼 주담대 증가세가 유지되는 상황에서 주택가격 하락의 충격이 소비 감소, 실업률 상승 등 부정적인 파급효과를 유발할 수 있다고 지적했다.", 주택담보대출비율 가 높고 소득이 낮은 계층의 주택담보대출 리스크를 감소시켜 주택가격 하락에 따른 부 자산 의 양극화가 심화되는 것을 방지할 필요가 있다,0,0.815585732460022,0.1997319757938385,9,65,1,0,False,False,True
['경기침체로 1분기 수출 증가세 꺾일듯'],한국무역협회도 지난달 27일 국내 938개 수출기업을 대상으로 조사한 ‘2019년 1/4분기 수출산업경기전망(EBSI)’를 통해 1분기 수출 증가세가 둔화될 것으로 내다봤다.,2018년에는 우리나라 수출이 사상 최초로 6000억달러를 달성했으나 2019년에는 세계 경제 침체 가능성으로 수출 성장 기조가 약화될 것으로 예상된다,0,0.7335526943206787,0.2731279134750366,5,87,2,0,False,False,True
['일자리 부족에 세금은 증가…'],일자리가 없어 소득이 줄어든 가운데 가혹한 세금도 주민들의 엑소더스를 부추기고 있다.,푸에르토리코가 포스트 마이애미,1,0.2447485625743866,0.7369570136070251,4,46,3,1,False,False,True
"['亞 신흥국, 인플레이션·핫머니 부담 가중']",[증권방송오픈] 제대로된 기법전수!,고실업률과 과잉 생산에 시달리고 있는 선진국과 달리 후진국에서는 인플레이션 압박이 높아지고 있다,0,0.7418774962425232,0.9353463649749756,5,25,3,1,False,False,True
['회복세 불충분..양적완화 유지'],"경제 회복세가 아직 불충분하다는 판단에서다.FOMC는 1월 성명문에서 ""경제 회복세가 지속되고 있지만, 고용시장의 상황을 확연하게 개선시키기에는 불충분한 속도""라고 진단했다.이같은 평가는 지난해 12월의 경기 판단에 비해서는 소폭 상향된 것이다.",경제 회복세가 지속되고 있지만 고용시장의 상황을 확연하게 개선시키기에는 불충분한 속도,0,0.7033672332763672,0.579013466835022,3,61,1,0,False,False,True
['1월 실업률 부진 일회성..3.0%까지 내려갈듯'],"이어 ""다만 1월 실업률 부진은 일회성으로 본다""며 ""기본적으로는 취업자수가 위기 전 평균수준인 전년대비 28만개 정도는 될 것으로 보고 있고 실업률은 다시 3.0%까지 내려갈 것""이라고 전망했다.",기본적으로는 취업자수가 위기 전 평균수준인 전년대비 28만개 정도는 될 것으로 보고 있고 실업률은 다시 3 퍼센트 까지 내려갈 것,0,0.7694863080978394,0.7203528881072998,5,55,0,0,True,False,False
['글로벌 경제위기 극복속 한국 노동생산성 큰폭↑'],ILO는 “한국의 실질 임금상승률은 경제 위기 당시보다 회복기에 더 큰 폭으로 떨어졌다”고 분석했다.,한국의 실질 임금상승률은 경제 위기 당시보다 회복기에 더 큰 폭으로 떨어졌다,1,0.6507273316383362,0.3036959767341614,6,49,4,1,False,False,True
['글로벌경기 동반침체 가능성 낮다'],오석태 SG 한국지점 리서치본부장(이코노미스트)은 “중국이 과잉설비와 부실채권 문제를 빨리 해결하지 못한다면 구조조정 시기를 놓친 일본처럼 ‘잃어버린 10년’을 겪을 것”이라며 “위안화 약세와 자본유출에 대한 리스크보다 중국 구조조정 추이를 유심히 살펴야 한다”고 말했다.,저유가로 인한 비용절감 효과와 미국 실업률 하락 추세 등을 감안하면 올해 글로벌 경기가 동반 침체에 빠질 가능성은 낮다,0,0.8672939538955688,0.1960836052894592,4,42,2,0,False,False,True
['2년 후 세계 실업자 2억명 넘어선다'],실업자가 2억명을 넘어서는 것은 ILO의 실업자 집계 이후 처음이다.,신흥시장은 물론 선진국에서도 저임금의 불안정한 직업이 들어나고 있다,1,0.5112857222557068,0.5595412254333496,6,24,3,1,False,False,True
"['위험자산 랠리, 아직은 3분의 1박자 부족']","[© 뉴스1코리아( news1.kr ), 무단 전재 및 재배포 금지] [© 뉴스1코리아( news1.kr news1.kr), 무단 전재 및 재배포 금지]",만약 금융시장 내에서 연준의 기준금리 인상 여력이 커졌다는 오해가 작동한다면 랠리는 단기에 마무리될 수 있다,1,0.5308109521865845,0.6858238577842712,6,25,5,1,False,False,True
['영업환경 개선될 것'],"스마트브리프 하루 두번 무료로 만나보세요.▶ 이데일리ON, 문자로 시세,추천,진단,상담정보 - #2200▶ 이데일리 모바일ㆍ실시간 해외지수/SMS ▶ 가장 빠른 글로벌 경제뉴스ㆍ금융정보 터미널, 이데일리 MARKETPOINT＜ⓒ종합 경제정보 미디어 이데일리 - 무단전재&재배포 금지＞＜안방에서 만나는 가장 빠른 경제뉴스ㆍ돈이 되는 재테크정보 - 이데일리TV＞ 민재용 (insight@)",연준 올해 금리 인상 전망,1,0.2335895746946334,0.4823672771453857,3,58,4,1,False,False,True
['콜금리 인상 반대'],"지난달 콜금리 인상 결정 당시 김종창, 강문수 두 금통위원이 금리인상을 반대했던 것으로 나타났습니다.",통화정책의 초점을 물가보다는 경기에 맞춰야 한다,1,0.4486047029495239,0.6374726295471191,3,30,3,1,False,False,True
['그린스펀 경제는 빚을 남겼다'],하지만 미국의 가계부채는 지난해 3분기말 현재 11조4천억달러로 사상 최고치에 달했으며 무역적자도 연간 7천억달러를 넘어서는 등 그린스펀은 빚투성이의 나라를 남기고 떠나게 됐다고 신문은 지적했다.,빚투성이의 나라,1,0.699501097202301,0.6972857713699341,4,55,5,1,False,False,True
['백화점ㆍ할인점 잘 된다지만 동네 구멍가게는 아직 겨울'],◆설 귀성길 고향민심은◆ ◆ 체감경기 = 설 명절에 고향에서 나타난 민심은 엇갈렸다.,"내수경기가 살

 아나고 있다고 하지만 저렴한 가격에도 불구하고 손님 발길이 늘어나지 않았다

 ",1,0.5405919551849365,0.7431517839431763,7,19,4,1,False,False,True
['인플레·경기 회복으로 국채 수익률 상승 전망'],[증권방송오픈] 제대로된 기법전수!,원자재 가격이 급등하고 있지만 장기적 기대 인플레이션은 안정적인 편,1,0.6490353941917419,0.9363134503364564,6,33,3,1,False,False,True
['2011 미국 경제 전망 밝다'],"김민경 기자 skywalker@ [관련기사] ▶ ""美 금융위기는 감독실패가 낳은 인재(人災)"" ▶ [증시전망]조정을 뛰어넘는 말을 타라 ▶ 美 2011회계연도 재정적자 1.5조弗 전망 ▶ 미 공화당 ""주(州)정부 파산제 도입 검토"" ▶ 美 고용시장 전망 뚜렷한 개선..12년래 최고 수준",올해는 고용 지출 경제성장률 등이 지난해보다 나아질 것,1,0.6653225421905518,0.786336362361908,5,39,5,1,False,False,True
['두번째 금리 인상 연기해야'],미국 필라델피아 연방준비은행의 패트릭 하커 총재가 인플레이션이 강하게 오를 때까지 금리 인상을 연기해야 한다고 주장했다.,연방준비제도이사회 는 성장이 꾸준히 유지되면서 실업률이 떨어지고 물가 압력이 약해질 수 있는 하반기부터 정상화 금리 인상을 의미 를 시작할 수 있을 것,1,0.6127830147743225,0.5922889113426208,4,67,6,1,True,False,False
"['푸드트럭, 현재 14개에서 1천개까지 늘린다']",또 푸드트럭이 영업할 수 있는 장소도 조례에서 확대하기로 했다.,서울 청년실업자가 10만명 청년실업률이 퍼센트 를 넘은 상황에서 합법화된 이동식당인 푸드트럭은 청년의 경제 기반 마련을 돕고 도심과 주거지역 관광자원도 될 수 있다,1,0.4804865419864654,0.5027920007705688,5,36,2,0,False,False,True
['미국·유럽·일본 성장세…중국 하방압력 가중'],"한편 미국은 미·중 무역분쟁에 따른 불확실성, 유럽은 브렉시트와 보호무역주의 확산, 아세안 5개국은 세계 무역분쟁 심화와 중국 경제의 급속 둔화 등으로 인한 하방리스크가 각각 잠재돼 있는 것으로 평가됐다.",앞으로도 미국 경제는 견조한 성장세를 이어갈 전망,1,0.5543354749679565,0.6712485551834106,4,81,3,1,False,False,True
['낮아진 美 물가부담…올해 연준 금리인상 한차례 내외로 제한적'],김 연구원은 “물론 물가 하락을 감안해도 현재 기준금리가 적정 추정 금리를 1%포인트 이상 하회하고 있단 점에서 기준금리 인하 가능성은 낮지만 미국 금리 선물시장에선 기준금리 인하 가능성에 베팅이 늘어나고 있다”고 말했다.,물론 물가 하락을 감안해도 현재 기준금리가 적정 추정 금리를 1 퍼센트 포인트 이상 하회하고 있단 점에서 기준금리 인하 가능성은 낮지만 미국 금리 선물시장에선 기준금리 인하 가능성에 베팅이 늘어나고 있다,0,0.855412483215332,0.6720834374427795,8,62,4,1,False,False,True
['잠재성장률 하락이 청년실업 부추켜'],"- 성장률 하락→ 수요감소 → 청년실업률 증가 - LG경제연구원 ""신규인력 채용 유인책 마련해야""[이데일리 이숙현 기자] 청년층 경제 활동 인구가 계속 감소함에도 불구하고 악화되고 있는 청년실업 문제의 근본적 원인은 잠재성장률 하락에 따른 장기적 수요 감소 때문이라는 분석이 나왔다.",장기적 성장률 저하 추세로 청년실업 문제가 심화되는 것은 주요 선진국에서도 자주 나타나는 현상,0,0.8913387060165405,0.8435980677604675,4,72,1,0,False,False,True
['정책 재검토할 만큼 경기상황 개선'],"미국 연방준비제도이사회(FRB)가 1월 연방공개시장위원회(FOMC)에서 미 경제에 대해 낙관적 전망으로 선회한 것으로 나타났다.FRB가 4일(현지시간) 공개한 지난달 25~26일 통화정책결정기구인 FOMC 회의 의사록에 따르면 위원들은 미 경제가 탄탄한 발판을 다지고 있다는 확신을 갖고 있었으며 일부 위원들은 이제 FRB가 6000억달러 규모의 추가양적완화를 재검토할 수 있는 상황까지 이른 것이 아니냐는 의견을 내놓기도 했다.의사록에 따르면 ""일부 위원들은 최근 경제지표가 매입 프로그램의 전반적 규모나 속도를 감축하기에 적절할 만큼 충분히 강하다는 것을 시사하고 있다""는 점을 강조했다.그러나 국채매입 프로그램에 대해 의문을 나타낸 위원들도 추가 양적완화 방침을 변경하자는 주장은 하지 않았다고 의사록은 밝혔다.FOMC는 지난달 회의 뒤 추가 양적완화 정책을 고수한다고 발표한 바 있다.FRB는 올 국내총생산(GDP) 성장률 전망치를 당초 3~3.6%에서 3.4~3.9%로 높여잡았다.",일부 위원들은 최근 경제지표가 매입 프로그램의 전반적 규모나 속도를 감축하기에 적절할 만큼 충분히 강하다는 것을 시사하고 있다,1,0.6652069091796875,0.254216730594635,5,160,6,1,True,False,False
['프랑스 경제 비상사태'],"올랑드는 이날 프랑스 기업인들을 대상으로 한 연설에서 지난해 11월 130명의 목숨을 앗아 간 파리 테러의 후폭풍을 언급하면서 프랑스가 ""경제적·사회적 비상사태에 놓였다""고 선언하며 이같이 밝혔다.",경제적 사회적 비상사태에 놓였다,1,0.5751781463623047,0.3109897077083587,3,83,5,1,False,False,True
"['3월, 점진적 회복 시도 `1300~1400`']",이에 따라 “3월 증시는 2월에 이어 저점이 조금씩 상향조정되는 가운데 변동성이 축소되는 완만한 회복 과정을 보일 것”이라며 “코스피지수는 1300~1400선 사이에서 움직일 것”이라고 예상했다.,3월 증시는 2월에 이어 저점이 조금씩 상향조정되는 가운데 변동성이 축소되는 완만한 회복 과정을 보일 것,0,0.6304839253425598,0.3601094782352447,5,70,4,1,False,False,True
['경기회복에 환율은 매력적…브라질국채 분할매수'],현재 브라질 헤알화 환율도 매력적인 수준이라고 분석했다.,브라질 경제는 오랜 침체를 끝내고 산업생산과 소비심리 회복 수출 증가세 등 회복추세를 보여주고 있다,1,0.6364284753799438,0.2866687476634979,4,69,5,1,False,False,True
['설비투자시 신용평가 하락 없다'],"강 행장은 ""설비투자로 인해 신용평가가 하락하는 일이 없도록 상반기 중 제도를 개선해 설비투자를 하면 오히려 미래 성장 가치로 따져 신용평가를 종전보다 높일 것""이라고 강조했다.",설비투자로 인해 신용평가가 하락하는 일이 없도록 상반기 중 제도를 개선해 설비투자를 하면 오히려 미래 성장 가치로 따져 신용평가를 종전보다 높일 것,0,0.6761553883552551,0.5144966244697571,4,37,2,0,False,False,True
"['집값 하락 땐 소비감소, 실업률 증가 부작용']","박 위원은 ""주택가격의 하락 조짐이 보이진 않지만, 가계의 소비지출 성향은 완만하게 감소하고 있고, 이는 주택가격이 하락할 경우 총수요 감소 효과가 더 커질 수 있음을 시사하는 것""이라고 분석했다.",향후 집값이 하락할 경우 소비 감소 실업률 상승 등의 부정적 효과를 유발할 수 있다,0,0.9431352019309998,0.6215308904647827,7,65,1,0,False,False,True
['노동개혁 절박'],"데일리안 이강미 기자 ⓒ (주)데일리안 - 무단전재, 변형, 무단배포 금지",노동개혁은 이러한 위기상황을 극복하고 일자리를 하나라도 더 만들기 위한 더 이상 미룰 수 없는 시급하고도 절박한 과제,0,0.850636899471283,0.7747219800949097,2,28,5,1,False,False,True
['올 美·세계경제 비관적'],월가(街)의 대표적인 경제 낙관론자인 (사진) 컨퍼런스보드 부사장이 올해 미국과 세계경제에 대해 비관적인 전망을 내놓아 비상한 관심을 끌고 있다 민간 경제조사기구인 컨퍼런스보드의 수석 이코노미스트이기도 한 포슬러 부사장은 25일(현지시간) 기자와의 인터뷰에서 “올해 세계 경제의 가장 큰 위협요인은 고유가와 금리인상에 따른 소비둔화”라며 “컨퍼런스보드는 지난해 세계 경제 성장률을 4.3%로 추정하고 있지만 올해는 3.7%까지 떨어질 것으로 본다”고 설명했다.,월가 일부에서는 미국 경제가 2007년부터 둔화될 것이란 견해도 있지만 올해부터 암울한 경기전망은 현실로 나타날 것,0,0.8112137913703918,0.2403559386730194,3,88,5,1,False,False,True
"[""'이상'아닌 '현실' 기반한 정책비전 제시하라""]",(서울=연합인포맥스) 이규창기자= 현대경제연구원이 현 정부를 '이상주의자'라 고 지적했다.,"국가 경쟁력 하락회

복과 지속 가능한 성장을 이룩하기 위해 우선 정부가 이상 이 아닌 현실 에 기반

을 두고 경제발전 단계에 부합된 정책 비전을 제시해야 한다",0,0.7098273634910583,0.7316969633102417,5,50,0,0,True,False,False
['유가 급등 잘 대처할 수 있을 것'],[증권방송오픈] 제대로된 기법전수!,그러나 2년전 세계 경제가 붕괴될 때보다 훨씬 잘 대처할 수 있을 것,0,0.5502112507820129,0.6899597644805908,7,40,5,1,False,False,True
['세율인상·세목신설 뺀 모든조세 개편'],[머니투데이 채원배 기자]한덕수 부총리 겸 재정경제부 장관은 27일 세율인상과 세목신설을 뺀 나머지 조세는 모두 중장기 조세개혁방안에 포함된다고 밝혔다.," 

한 부총리는 환율에 대해서는 ",0,0.6686801314353943,0.3554142713546753,4,39,3,1,False,False,True
['경기.생활형편 어렵다'],(청주=연합뉴스) 박재천 기자 = 충북지역 소비자들은 현재 경기상황과 생활형편을 어둡게 보는 것으로 나타났다.,전반적으로는 소비지출과 경기에 대한 긍정적인 인식이 줄어든 것으로 조사됐다,1,0.3369286656379699,0.512813150882721,2,39,4,1,False,False,True
['매몰보상금 등 구제역 재정소요 3조원'],"2011.2.24 chinakim@yna.co.kr 유정복 ""추경 편성, 현재로선 검토안해"" (서울=연합뉴스) 김병수 기자 = 유정복 농림수산식품부 장관은 24일 매몰처분 보상금 등 구제역 사태로 인해 지금까지 발생한 재정소요가 3조원 가까이 된다고 말했다.", 구제역 관련 재정 소요가 농식품부 소관으로만 2조원가량 되고 환경부 소관이 8천여억원에 이르는 등 전체적으로 3조원 가까이 된다,0,0.5065208673477173,0.4872069954872131,5,76,2,0,False,False,True
['연내 4차례 금리인상 확정 아니다'],"[뉴욕 = 황인혁 특파원] [ⓒ 매일경제 & mk.co.kr, 무단전재 및 재배포 금지]",여전히 상당히 낮은 기준금리가 점진적으로만 인상될 것,1,0.7010058164596558,0.8119509816169739,5,33,4,1,False,False,True
['청년실업↔성장잠재력 하락 악순환'],'어느 기업이 좋을까' (서울=연합뉴스) 신준희 인턴기자 = 25일 오후 서울 강남구 SETEC전시관에서 열린 '신한희망 채용박람회'에서 참가자들이 취업게시판을 살피고 있다.,청년실업 악화와 잠재성장률 하락의 악순환을 끊어야 한다,0,0.9178820848464966,0.4722660779953003,3,34,4,1,False,False,True
['원자재價 안정위해 파생상품 규제 필요'],[증권방송오픈] 제대로된 기법전수!,국제 원자재 가격 안정을 위해 파생 상품에 대한 규제를 강화해야 한다,0,0.9219928979873656,0.8620178699493408,5,35,2,0,False,False,True
['긴축재정 반대'],[증권방송오픈] 제대로된 기법전수!,때로는 나도 거리에 나서서 행진에 동참하고 싶지만 시위는 사태를 해결할 수 없다,1,0.3150290548801422,0.9376043081283568,2,33,6,1,True,False,False
['이란 제재땐 유가 100달러이상 간다'],"AP통신은 22일 미국 싱크탱크인 랜드(Rand) 연구소의 제임스 바티스 수석연구원의 말을 인용, ""이란이 국제시장에서 적은 양,예컨대 하루 50만배럴을 빼내더라도 유가는 배럴당 100달러 이상으로 뛰어 오를 수 있다""고 보도했다.",이란이 국제시장에서 적은 양 예컨대 하루 50만배럴을 빼내더라도 유가는 배럴당 100달러 이상으로 뛰어 오를 수 있다,0,0.8545502424240112,0.8030685186386108,5,67,4,1,False,False,True
['EU경제 올 2.2% 성장'],"유럽연합(EU) 집행위원회는 21일 ""개인 투자 증가와 기업 이익 증대 및 재정 안정 등으로 EU 경제가 지난해에 비해 2.2% 성장할 것""이라며 ""이는 지난해 가을 전망치인 2.1%보다 소폭 상향 조정한 수치""라고 발표했다.",개인 투자 증가와 기업 이익 증대 및 재정 안정 등으로 경제가 지난해에 비해 2 2 퍼센트 성장할 것,0,0.6590619087219238,0.8608638048171997,4,63,1,0,False,False,True
['디지털화 강화로 내실 있는 질적 성장 강조'],"송종욱 광주은행장은 2일 광주은행 본점에서 열린 2019년 시무식에서 ""최저임금 인상, 실업률 증가 등으로 경기침체가 가중되고, 급속하게 진행되는 디지털화와 인터넷전문은행의 등장으로 치열한 경쟁 환경에 처해있지만 과감한 혁신과 새로운 도전정신으로 더 높은 비상을 이루자""고 당부했다.",올해를 도약의 원년으로 삼아 모든 은행 업무를 디지털화해 고객 편의를 우선한 서비스를 제공하고 고객이 쉽고 편하게 금융서비스를 접할 수 있도록 핀테크 혁신을 이끌겠다,0,0.5741732120513916,0.5398328900337219,7,73,2,0,False,False,True
['외환시장 안정까지 지속적 조치'],송길호기자 khsong@,"외환시장이 안정될 때

까지 정부와 한국은행은 지속적으로 필요한 조치를 취하겠다",0,0.7203989028930664,0.764992356300354,4,36,2,0,False,False,True
['과표구간 신설·소득세율 인상으로 계층간 세부담 조정 필요'],국민일보 쿠키뉴스 김재중 기자,중장기적으로 개정안과 같이 하후상박의 계층간 세부담 조정이 필요하다,0,0.7477878928184509,0.7756125330924988,7,27,3,1,False,False,True
['실업 퇴치에 2조6000억 쓰겠다'],"기욤 라리베 공화당 대변인은 18일 RFI방송에서 ""올랑드 대통령의 실업대책은 574만 프랑스 실업자들에 대한 모욕""이라고 말했으며, 에릭 워스 공화당 사무총장도 ""이번 대책은 대통령을 위한 것이라며 50만명이 직업교육을 받더라도 취업으로 이어지지 않으면 소용이 없다""고 비판했다.",실업 퇴치를 위해 20억 유로 약 2조6000억원 상당의 지원을 하겠다,0,0.8849520087242126,0.3484846949577331,4,38,2,0,False,False,True
['중국 경제 우려 지나쳐…투기자금 유출 정점 지나'],"중국 경제지표에 대한 불신이나 경착륙 우려는 과하지만, 반대로 펀더멘털에 큰 변화가 없는 상황에서 경기부양책에 대한 기대감 역시 성급하다는 지적이다.",중국 경제의 기초여건 펀더멘털 이 변화가 없다는 것을 재확인한 것,0,0.6936596035957336,0.6942465901374817,7,87,4,1,False,False,True
['집값 하락땐 총수요 감소…주택경기 안정화 필요'],박춘성 한국금융연구원 연구위원은 21일 '주택담보대출의 거시경제적 파급 효과 '라는 제목의 보고서에서 이같이 주장했다.,주택 경기의 안정화를 유도해 집값 급변동이 경제 전반에 미치는 위험요소를 최소화하는 것이 바람직하다,0,0.8510444164276123,0.3688304424285888,6,73,6,1,False,True,False
['1Q 물가 마이너스 가능성'],"하커 총재는 16일(현지시간) 델라웨어대학교에서 가진 연설에서 ""올해 1분기 물가 상승률이 마이너스를 기록할 수 있다""며 ""기준금리를 인상하려면 물가지표가 강해질 때까지 기다려야한다""고 말했다.",올해 1분기 물가 상승률이 마이너스를 기록할 수 있다,0,0.6171624064445496,0.458200067281723,4,53,3,1,False,False,True
['경기둔화 우려에 유가 50달러대로 ↓…올해 전망치도 하향세'],최근 유가 흐름을 반영해 주요 기관들의 올해 유가 전망은 하향세입니다.,지난달 두바이유 기준 국제유가는 석유수출국기구 비 주요 산유국의 감산 합의에도 전월 대비 13 3 퍼센트 하락했다,1,0.3868106007575989,0.6961547136306763,7,49,3,1,False,False,True
['청년실업 악화와 잠재성장률 하락 악순환 끊자'],"고질적인 청년실업 악화와 잠재성장률 하락의 악순환이 한국경제에 불안요소로 등장했다는 주장이 나왔다.LG경제연구원은 27일 ‘성장률 하락과 청년실업 악순환 우려된다’는 보고서를 통해 청년실업 악화와 잠재성장률 하락의 악순환에 대해 우려의 목소리를 쏟아냈다.먼저, 연구원은 성장잠재력이 심하게 훼손되면 청년실업도 악화된다는 분석을 냈다.실제, 한국이 외환위기를 전후해 지난 1990년대 전반 7%대이던 잠재성장률이 2000년대 4%대로 하락하자 청년실업률도 같은 기간 평균 5.5%에서 7.8%로 높아졌다는 것.이런 현상은 한국 뿐 아니라, 선진국에서도 빚어졌던 현상이다.연구원은 “성장잠재력 저하가 청년실업 악화로 이어지는 현상은 우리보다 먼저 성장잠재력하락을 겪은 여러 선진국에서 나타난 공통된 현상”이라며 “특히 일본은 1% 안팎의 낮은성장률이 이어지면서 청년실업률과 전체실업률의 격차가 1990년대 전반 평균 2%포인트에서 2000년대 전반 4.7%포인트로 커졌다”고 전했다.연구원은 결과적으로 “청년실업 증가는 다시 국가의 성장잠재력을 위축시키는 악순환이만들어진다”면서 대책마련을 촉구했다.연구원 이어 “이같은 악순환을 끊으려면 신성장 산업을 발전시켜 성장잠재력을 회복해야한다”면서 “아울러 청년층의 유휴 인력을 흡수하는 방안도 동시에 마련해야한다”고 강조했다./",청년실업 증가는 다시 국가의 성장잠재력을 위축시키는 악순환이만들어진다,0,0.8946176171302795,0.6507537364959717,6,123,0,0,True,False,False
['이란 제재시 유가 100달러 넘는다'],"[이데일리 홍정민기자] UN안전보장이사회가 이란에 경제재제를 가하고, 이란이 보복으로 석유 수출을 줄일 경우 국제 유가가 배럴당 100달러까지 갈 것이라는 관측이 높아지고 있다고 22일(현지시간) AP통신이 보도했다.",이란이 수입의 약간 예를 들어 50만배럴만 줄이더라도 유가가 배럴당 100달러선 이상 치솟을 수 있다,0,0.7548996806144714,0.7225942611694336,5,34,5,1,False,False,True
"['버냉키,그린스펀 인플레 억제 계승']","엘리 릴리의 시드니 타우렐 최고경영자(CEO)는 ""버냉키는 매우 경쟁력있는 인물 이지만 금리는 지금 너무 올랐다""며 ""버냉키가 금리를 너무 많이 올리지 않았으면 한다""고 말했다.","버냉키가 금리를 너무 많이 올리지 않았으면

한다",1,0.6749821305274963,0.2268848270177841,4,43,4,1,False,False,True
['글로벌시대서 구글시대로'],[다보스(스위스) = 장광익 기자 / 박봉권 기자],"전세계가 이제 글로벌라이제이션에서 구글라이제이션

 으로 움직이고 있다 ",0,0.901289165019989,0.7881063222885132,2,30,3,1,False,False,True
['지속성장 위해 질적지표 개선해야'],(서울=연합뉴스) 고은지 기자 = 우리나라가 지속성장의 길로 접어들려면 질적 지표 개선에 유의해야 한다는 주장이 나왔다.,각종 경기지표가 크게 호전됐음에도 국민의 체감경기는 부진하고 성장잠재력 재정건전성 소득분배 지정학적 리스크 등 질적 지표는 개선 여지가 많다,0,0.6348903179168701,0.9161975383758544,4,43,1,0,False,False,True
['메르스 여파와 비슷'],"[© 뉴스1코리아( news1.kr ), 무단 전재 및 재배포 금지] [© 뉴스1코리아( news1.kr news1.kr), 무단 전재 및 재배포 금지]",2월의설 명절 효과에도 불구하고 기업 경기전망이 급락한 것은 중국 성장 둔화 환율 불안 등과 같은 대외 요인뿐만 아니라 민간소비 위축에 대한 우려가 큰 것으로 보인다,1,0.2088522911071777,0.6159312725067139,3,25,5,1,False,False,True
['양적완화 반대투표 고려중'],"(증시파파라치)뉴스로 접할 수 없는 고급 증권정보 서비스 [머니투데이 핫뉴스]☞ 롯데마트 29만원 '통큰TV', 정말 싼 거 맞나?",미국경제가 직면한 문제와 전망을 고려할때 양적완화의 비용이 편익을 능가한다고 본다,1,0.4832702577114105,0.8926027417182922,3,33,4,1,False,False,True
['금리 더 올려야 할 지도'],무단전재 및 재배포 금지＞ 안근모 (,물가 또는 물가상승 기대심리가 계속 높아질 것으로 보인다면 당연히 금리를 더 인상해야 할 것,0,0.823261022567749,0.6738146543502808,5,7,6,1,False,True,False
['금리 추가 인상 가능'],강기택기자 acekang@,미국 금리는 중립적인 수준이지만 얼마나 인플레이션이 발전되는지에 따라 추가적인 금리 인상이 필요할 수도 있다,0,0.7839522361755371,0.7573261260986328,4,18,5,1,False,False,True
['세목 신설·세율 인상외 모든 세제 재검토'],"한 부총리는 이날 오후 KBS라디오 ‘라디오 정보센터, 박에스더입니다’에 출연, 세제개편과 관련해 “세율인상과 세목신설을 뺀 나머지 세제는 모두 중장기 조세개혁방안에 포함된다”고 밝혔다.",세율인상과 세목신설을 뺀 나머지 세제는 모두 중장기 조세개혁방안에 포함된다,0,0.4322670996189117,0.2739516198635101,6,48,1,0,False,False,True
['1·4분기에 공공부문 일자리 크게 늘린다'],"[쿠키경제] ○…정부는 양극화를 완화하기 위해 올해 청년,고령자,저소득자 등 취업 취약계층에 대한 공공부문 일자리지원사업을 대폭 확대키로 했다.",지금까지의 일자리지원사업은 단기적이고 저임금 일자리 중심이었다면 앞으로는 중장기적이고 안정적인 일자리를 마련하는데 초점을 둘 것,1,0.5549341440200806,0.6407802700996399,5,33,4,1,False,False,True
['금리 인상 서두르지 말아야'],// flash 오류를 우회하기 위한 함수 추가 function _flash_removeCallback() {} 【서울=뉴시스】권성근 기자 = 패트릭 하커 필라델피아 연방준비은행(Fed) 총재는 물가지표가 강할 때까지 기준금리 인상을 자제할 필요가 있다고 말했다고 16일(현지시간) 마켓워치가 보도했다.,최근의 매도세가 경제 기본 체력의 견고함을 압도하지는 못했다,1,0.5026676058769226,0.6073682904243469,4,45,2,0,False,False,True
"['정부 양극화해소策, 문제인식부터 잘못됐다']","현대경제연구원은 12일 경제주평을 통해 ""소득 격차 완화에만 중점을 두는 정부의 양극화 해소 정책은 문제 인식의 단계부터 잘못됐다고 판단된다""며 이같이 지적했다.",소득 격차 완화에만 중점을 두는 정부의 양극화 해소 정책은 문제 인식의 단계부터 잘못됐다고 판단된다,0,0.8146573305130005,0.693993330001831,4,101,1,0,False,False,True
['중소기업 임금 인상 여전히 신중'],"보고서는 ""일본 지방에 있는 다수의 중소 기업체들이 정규직의 기본급 인상에 대해 여전히 신중한 모습""이라고 적시했다.",일본 지방에 있는 다수의 중소 기업체들이 정규직의 기본급 인상에 대해 여전히 신중한 모습,0,0.8245127201080322,0.7523176074028015,5,42,0,0,True,False,False
['1분기 수익성 악화 예상'],1분기 ‘명절 특수’도 긍정적 요인으로 작용했다.,소비위축과 비용압박에 직면한 유통기업들은 낭비요소를 제거하고 수익구조를 다변화하는 등 영역 파괴의 자기혁신에 나서고 있다,1,0.2968496084213257,0.374049425125122,4,24,6,1,True,False,False
['밤 새더라도 파견법 처리하라'],이 장관은 파견법과 관련해 일부 노동현장의 사례를 소개하며 간간이 목이 메인 듯 말을 잇지 못하는 모습을 보이기도 했다.,밤을 새워서라도 노동개혁 입법을 이번 임시국회에서 처리해 달라,0,0.5002381205558777,0.4395164251327514,4,77,6,1,False,True,False
['외환銀 의혹없다..매각중단 불가'],무단전재 및 재배포 금지＞ 이정훈 (,외국자본에 대해 절대 차별대우는 없으며 다만 불공정거래에 제대로 감시하고 감독해 제재를 가하는 게 중요하다,0,0.146508440375328,0.9443196058273317,3,7,5,1,False,False,True
['美 올GDP 3.4% 성장'],조지 부시 행정부는 이날 의회에 제출하는 연례경제보고서에서 “올해 국내총생산(GDP) 성장률이 3.4%에 이를 것”이라며 “오는 2007년에도 건실한 성장세를 유지해 3.3%의 성장률을 보일 것”이라고 전망했다.,올해 국내총생산 성장률이 3 4 퍼센트 에 이를 것,0,0.8425565958023071,0.8154150247573853,4,46,2,0,False,False,True
"['글로벌 경기둔화 우려 커진다, 대비해야']","그는 ""국내에서도 체감경기의 위축과 고용 부진, 가계부채 누증 등 어려움이 적지 않았다""며 ""밖에서는 지난해 겪었던 대외여건의 어려움이 금년에도 이어지면서 글로벌 경기둔화 움직임이 뚜렷해질 것이라는 우려가 커지고 있다""고 강조했다.",밖에서는 지난해 겪었던 대외여건의 어려움이 금년에도 이어지면서 글로벌 경기둔화 움직임이 뚜렷해질 것이라는 우려가 커지고 있다,0,0.850601851940155,0.7913596630096436,5,82,0,0,True,False,False
['물가상승 압력이 고비…거시정책 유연하게'],【서울=뉴시스】류난영 기자 = 윤증현 기획재정부 장관은 27일 올 1분기(1~3월) 물가상승 압력이 대내외적으로 중요한 고비가 될 것이라고 강조했다.,특히 물가안정은 올해 거시정책의 핵심,0,0.704081654548645,0.7608008980751038,4,34,4,1,False,False,True
['금리인상 서둘러선 안돼'],"하커 총재는 16일(현지시간) 델라웨어대학교에서 가진 연설에서 ""올해 1분기 물가 상승률이 마이너스를 기록할 수 있다""며 ""기준금리를 인상하려면 물가지표가 강해질 때까지 기다려야한다""고 말했다.",기준금리를 인상하려면 물가지표가 강해질 때까지 기다려야한다,0,0.6650687456130981,0.605880856513977,3,90,0,0,True,False,False
['인플레 수출'],"[뉴욕 = 김명수 특파원][ⓒ 매일경제 & mk.co.kr, 무단전재 및 재배포 금지] MBA도 모바일로 공부한다.",신흥국 경제가 경착륙하면 글로벌 경제에 치명타를 줄 수 있다,1,0.425014317035675,0.5263345241546631,2,27,5,1,False,False,True
['복합적 요인'],"한은 관계자는 ""최근 물가상승, 구제역 파동, 전세대란, 저축은행 영업정지 등이 복합적으로 작용해 소비자심리에 영향을 미쳤다""고 분석했다.",최근 물가상승 구제역 파동 전세대란 저축은행 영업정지 등이 복합적으로 작용해 소비자심리에 영향을 미쳤다,0,0.5042247176170349,0.4149931967258453,2,42,6,1,False,True,False
['청년창업 단기성과보다 도전에 믿음 가져주길'],"청년창업가 신승렬(왼쪽)씨 청년창업가 신승렬(왼쪽)씨 청년창업가 신승렬(왼쪽)씨 신 대표는 ""지금 이 시각에도 자신의 꿈과 목표를 담은 창업을 위해 고민하는 청년이 있다""며 ""정책이 공급자 시선이 아닌 수요자 입장에서 청년 창업가가 원하는 방식으로 이뤄졌으면 좋겠다""고 바람을 전했다.",미래를 이끌어갈 청년 창업가에게 믿음을 가져주었으면 좋겠다 ,1,0.8465465307235718,0.8158575296401978,5,47,1,0,False,False,True
['서비스선진화 이해집단이 발목잡아선 안돼'],"이경호 기자 gungho@ [관련기사] ▶ 윤증현 ""공공기관 선진화 자율·노사·일자리 중점둬야"" ▶ [포토]경제정책조정회의 주재하는 윤증현 장관 ▶ 윤증현 ""선진국 진입앞둔 변곡점..앞서 뛰지않으면 도태""",이해집단간 갈등과 변화에 대한 두려움이 우리의 발목을 잡아서는 안된다,0,0.5938605070114136,0.6916219592094421,4,25,4,1,False,False,True
['올해 노동개혁 완수 노사결단 기대'],한국경제TV 이성경입니다.,금년에는 노동개혁을 반드시 완수하고 현장에 정착시킬 수 있도록 노사의 결단이 있기를 기대합니다,0,0.80042564868927,0.875521183013916,5,18,2,0,False,False,True
['후세에 빚 떠안긴 경제대통령'],하지만 이런 화려한 업적에 가려진 그늘을 간과할 수 없다.,미국 경제는 그린스펀 의장의 재임 중 유례없는 번영을 누렸지만 이는 빚을 기반으로 이뤄진 것으로 그는 빚투성이 나라 를 남기고 떠난다,0,0.5980722904205322,0.4153647422790527,4,27,4,1,False,False,True
['올해 1분기 물가압력 중요 고비'],"""체감경기 충분히 회복하는데 시간 걸릴 것"" (서울=연합뉴스) 김용래 기자 = 윤증현 기획재정부 장관은 27일 ""올해 1분기에 대내외적으로 물가상승 압력이 중요한 고비를 맞을 것""이라고 말했다.",올해 1분기에 대내외적으로 물가상승 압력이 중요한 고비를 맞을 것,0,0.8461621999740601,0.5774591565132141,5,53,1,0,False,False,True
['최악의 실업률은 10%'],지난 2008년 금융위기 후폭풍 때에도 미국의 실업률은 10%까지 올라갔었다.,매년 스트레스 테스트의 시나리오를 조정해 잠재적으로 다양한 부정적 환경에서 대형 은행들의 회복력을 평가한다,1,0.2147184014320373,0.5999703407287598,3,56,6,1,True,False,False
['고용개선 위해 양적완화 유지'],워싱턴=하태원 특파원,고용시장이 눈에 띄게 좋아지지는 않았지만 경기 회복세는 지속되고 있다,0,0.7024706602096558,0.6191518306732178,4,13,4,1,False,False,True
['금리정책 옳다'],미국 대기업 전·현직 CEO들의 협의체인 '비즈니스 카운슬'과 민간 경제연구 기관인 '컨퍼런스보드'가 대기업 CEO 82명을 대상으로 설문조사를 실시한 결과 전체의 84%가 'FRB의 금리정책이 전반적으로 옳다'고 답했다.,유럽 경제가 나아지고 있으며 중국 경제도 고도성장을 지속하는 등 모든 것이 좋다,1,0.3610222935676574,0.3569198846817016,2,48,5,1,False,False,True
"['부시 감세정책, 美 경제 심장을 뛰게 했다']","(서울=연합인포맥스) 박승영기자= ""조지 부시 미국 대통령의 감세정책이 미국 경제의 심장박동을 뛰게 했다."" 존 스노 미국 재무장관은 17일 월스트리트저널(WSJ) 기고에서 미국 경제지표들 이 최근 유례없는 호황을 가리키고 있는 것은 부시 대통령의 감세정책 때문이라고 주장했다.","조지 부시 미국 대통령의 감세정책이 미국

경제의 심장박동을 뛰게 했다 ",0,0.9264492392539978,0.5783745646476746,7,57,2,0,False,False,True
"[""도전 통해 경제성장…정책 '여의봉' 휘둘러야""]","중국 경제가 거둔 최대의 성과중 하나""라고 덧붙였다.",중국경제는 모두 도전중에 성장했다 어려움을 만날 때마다 더 강인해졌고 도전에 맞서 싸우면 싸울수록 용감해졌다,0,0.6210873126983643,0.3772497773170471,5,33,3,1,False,False,True
['세목신설·세율인상 뺀 모든세제 재검토'],무단전재 및 재배포 금지＞ 하수정 (,세율인상와 세목신설만 빼고 나머지는 모두 테이블 위에 놓고 논의해서 좀 더 세제를 합리화할 수 있는 방안을 마련해 나갈 것,0,0.6949700713157654,0.9720487594604492,4,7,1,0,False,False,True
"['대통령 경제성적, 지표 아닌 정책으로 평가를']",이런 논거를 토대로 맨큐는 대통령의 경제성적을 평가하는 잣대를 정책 중심으로 바꾸어야 한다고 강조했다.,약간의 정치적 실수,1,0.4321610033512115,0.7648988366127014,6,43,2,0,False,False,True
['美 경제 견실한 회복…속단 일러'],피셔 부의장은 최근 성장세 둔화에도 불구하고 미국 경제가 회복궤도에서 벗어나지 않고 있다는 점을 분명히 했다.,지난달 지표들은 올 1분기 경기 회복세를 짐작케 한다,0,0.7295249700546265,0.4143390357494354,5,75,4,1,False,False,True
['고맙다 春節'],상하이 여행업계는 이를 `디즈니 효과`라 부르고 있다.,지난해 12월 홍콩시민 1027명을 설문조사한 결과 시민들은 정치안정과 경제성장에 대해 낙관적인 전망을 했다,1,0.2596638202667236,0.3134956657886505,2,35,5,1,False,False,True
"['미국, 위기의 정점 확실히 넘겼다']","- ""중국, 달러 유연성 확대하길""[뉴욕= 이데일리 문주용 특파원] 스위스 다보스에서 열리는 세계경제포럼(WEF)에 참가중인 티머시 가이트너 미 재무장관은 28일(현지 시각) ""미국은 위기의 정점을 확실히 넘겼으나 전세계 전체로는 아직 진행중""라고 말했다.",미국은 위기의 정점을 확실히 넘겼으나 전세계 전체로는 아직 진행중,0,0.9328964948654176,0.7365875244140625,5,49,5,1,False,False,True
['완전 고용상태여도 금융완화 지속'],이날 구로다 총재는 국회 중의원 재무금융위원회에 출석해 “현재 완전 고용상태이지만 물가상승률 2% 목표를 실현하기 위해 마이너스 금리와 양적·질적 금융완화를 지속할 것”이라고 말했다.,현재 완전 고용상태이지만 물가상승률 2 퍼센트 목표를 실현하기 위해 마이너스 금리와 양적 질적 금융완화를 지속할 것,0,0.8108731508255005,0.5949854850769043,4,59,2,0,False,False,True
['국채매입 프로그램 반대 고려했었다'],그동안 반대표를 행사해 온 호니그 총재가 위원에서 빠진 탓이다.,경제의 전망과 경제가 직면한 도전들을 고려해 양적완화 정책이 실보다 득이 많다는 견해에 의문을 제기했었다,1,0.6190556287765503,0.6812427043914795,4,54,6,1,True,False,False
['양적완화 기조 계속 유지'],"이 성명은 ""고용시장에 눈에 띄는 개선을 가져오기에는 불충분하지만 경기회복세는 지속되고 있다""고 밝히고 현재 시행중인 국채매입 프로그램을 수정하지 않고 그대로 계속 해나가기로 결정했다고 밝혔다.",고용시장에 눈에 띄는 개선을 가져오기에는 불충분하지만 경기회복세는 지속되고 있다,1,0.4839567244052887,0.349222183227539,4,49,2,0,False,False,True
['양적완화 기조 계속 유지'],"이 성명은 ""고용시장에 눈에 띄는 개선을 가져오기에는 불충분하지만 경기회복세는 지속되고 있다""고 밝히고 현재 시행중인 국채매입 프로그램을 수정하지 않고 그대로 계속 해나가기로 결정했다고 밝혔다.",고용시장에 눈에 띄는 개선을 가져오기에는 불충분하지만 경기회복세는 지속되고 있다,1,0.4839567244052887,0.349222183227539,4,49,2,0,False,False,True
['한국에 합작사…고급식용유 팔겠다'],""" F J 산체스의 가브리엘 산체스 마케팅 총괄 사장(43 · 사진)은 18일 기자와 만나 ""웰빙과 건강에 대한 관심이 높은 한국시장은 충분히 매력적""이라며 이렇게 말했다.",한국에 합작회사를 만들어 스페인산 최고급 포도씨유를 들여올 계획입니다 프리미엄급 제품이지만 합리적인 가격을 앞세워 4 5년 뒤에는 한국 프리미엄유 시장에서 1위를 차지할 것입니다 ,0,0.7208569645881653,0.3652999997138977,3,56,4,1,False,False,True
['취직해야 돈을 쓰죠'],하지만 청년 취업을 해결하지 못하면 일과성 조치에 그칠 수 밖에 없습니다.,아무래도 수입이 없다 보니까 부모님께 손 벌리기도 죄송하고 최대한 아낄 수 있는 방법을 찾으려고 노력하고 있어요 ,1,0.5258644223213196,0.5049514770507812,3,44,5,1,False,False,True
['위안화 절상 압력'],"당시 그는 ""중국이 위안화 재평가를 하지 않는다면 법안을 표결에 부칠 것이다""면서 ""미국의 인내심은 점점 약해지고 있다""고 주장했다.",미국의 인내심은 점점 약해지고 있다,1,0.3995094299316406,0.3053407073020935,3,53,5,1,False,False,True
"['체감경기 최악, 작년 메르스 사태 수준']",월별 기업경기실사지수(BSI) 추이.,2월의 설 명절 효과에도 불구하고 중국 성장 둔화 환율 불안 등과 같은 대외 요인뿐만 아니라 민간소비 위축에 대한 우려가 큰 것으로 보인다,1,0.3418256640434265,0.7709413170814514,6,20,3,1,False,False,True
['1분기물가상승 고비..물가안정 거시정책의 핵심'],윤 장관은 이날 시내 롯데호텔에서 열린 서울파이낸셜포럼 초청강연에서 “풍부한 유동성이 물가상승 요인으로 작용하지 않도록 금융·외환시장 안정노력을 강화하는 한편 장·단기 미시대책을병행할 계획”이라고 강조했다.,물가안정은 금년도 거시정책의 핵심,0,0.9149740934371948,0.347939133644104,4,65,2,0,False,False,True
['올해 노동개혁 반드시 완수…노사 결단 기대'],"['생존 재테크' 백과사전 ""재테크를 부탁해"" ] ['생존 재테크' 백과사전 ""재테크를 부탁해"" ] [부자들에게 배우는 성공 노하우 '줄리아 투자노트' ] [부자들에게 배우는 성공 노하우 '줄리아 투자노트' ] [내 삶을 바꾸는 정치뉴스 'the 300'] [내 삶을 바꾸는 정치뉴스 'the 300'] [CEO의 삶을 바꾼 '내 인생 최고의 조언' ] [CEO의 삶을 바꾼 '내 인생 최고의 조언' ] [아찔한 girl~ 레이싱모델 핫포토 ] [아찔한 girl~ 레이싱모델 핫포토 ] 이상배 기자",금년에는 노동개혁을 반드시 완수하고 현장에 정착시킬 수 있도록 노사의 결단이 있기를 기대한다,0,0.8956791162490845,0.6333901286125183,6,90,1,0,False,False,True
['세계 성장둔화 영향… 내년 실업자 2억명 돌파'],"다만 한국의 실업률은 지난해 3.7%에서 올해 3.5%, 내년 3.4%로 다소 낮아지고 실업자 수도 지난해 100만명 수준에서 내년에는 90만명대로 감소할 것으로 ILO는 내다봤다.",실업자 수가 2억명으로 증가하는 것과 함께 고용불안도 심화할 것,1,0.7934644818305969,0.2863067388534546,7,42,2,0,False,False,True
"['원천기술, 개발연구 투자 늘리겠다']","[아시아경제 김승미 기자]윤증현 기획재정부 장관은 24일 ""한국은 알파라이징을 일으키는 융합산업을 육성하고, 기초과학과 원천기술 등 연구개발 투자를 늘리겠다""고 말했다.",한국은 알파라이징을 일으키는 융합산업을 육성하고 기초과학과 원천기술 등 연구개발 투자를 늘리겠다,0,0.694520115852356,0.750829815864563,4,49,0,0,True,False,False
['6개월내 여건 좋아질것'],로이터통신은 콘퍼런스보드와 비즈니스카운슬이 미국의 대기업 최고경영자(CEO) 82명을 상대로 설문조사를 벌인 결과 응답자의 40%가 6개월 동안 기업여건이 좋아질 것이라고 답변했다고 16일(현지시간) 보도했다.,다소 적절하다 ,1,0.4033003747463226,0.4155314564704895,3,39,4,1,False,False,True
['아직 바닥에 도달 안했다'],// flash 오류를 우회하기 위한 함수 추가 function _flash_removeCallback() {} 중국 베이징의 야채장수(EPA=연합뉴스 DB) 중국 베이징의 야채장수(EPA=연합뉴스 DB) 중국 베이징의 야채장수(EPA=연합뉴스 DB) (서울=연합뉴스) 이 율 기자 = 중국의 2월 경제지표가 악화를 이어가 경기가 아직 바닥을 치지 않았다는 것을 드러냈다고 블룸버그통신이 23일 보도했다.,정책당국의 통화완화 정책 덕에 기업의 자금사정이 나아지기는 했지만 추가 완화조치를 위한 정책 여력은 여전히 있다고 본다,1,0.2230602204799652,0.297200858592987,4,61,3,1,False,False,True
['집값 하락시 소비감소…저소득층 충격 커'],"박 연구위원은 “우리나라는 주택가격의 뚜렷한 하락 조짐은 보이지 않지만, 가계의 소비지출 성향은 완만하게 감소하고 있다”며 “이는 주택가격이 하락할 때 총수요 감소 효과가 더 커질 수 있음을 뜻한다”고 말했다.",게다가 경기악화로 채무불이행이 발생해 은행이 주택을 압류로 처분할 경우 대상 주택 주변의 집값까지 동반 하락시키는 외부효과가 발생해 해당 지역의 소비 감소를 증폭시키는 부작용도 발생했다,0,0.7772023677825928,0.697661817073822,5,77,5,1,False,False,True
['올 경제성장률 3%대 어렵다'],"LG경제연구원(이하 LG경연)은 19일 내놓은 '2016년 국내경제 진단' 보고서에서 올해도 3%대 성장에 대한 기대가 높지만, 우리 경제를 둘러싼 국내외 여건들이 더 나아지지 못할 것이라고 밝혔다.",최근의 생산성 저하 추세가 개선되지 못한다면 우리나라 잠재성장률은 2016 2020년 연평균 2 5 퍼센트 수준에 머물고 2020년대에는 1 퍼센트 대까지 낮아질 것으로 추정된다,1,0.647290050983429,0.7343214750289917,4,83,3,1,False,False,True
['미국은 대폭적인 위안화 절상 원치 않는다'],(서울=연합인포맥스) 이규창기자= 중국에 위안화 절상을 꾸준히 요구하고 있는 미국이 대폭적인 위안화 절상을 원하지 않는다는 분석이 나왔다.,"달러화 자산에서 자금 이탈과 물가 상승 등의 문제

가 발생할 것으로 우려되는 상황에서 미국이 대폭적인 위안화 절상을 꾀한다고 보기

어렵다",0,0.6922623515129089,0.8145815134048462,6,44,3,1,False,False,True
['뉴뱅크 원년…핀테크 혁신 이끌겠다'],// flash 오류를 우회하기 위한 함수 추가 function _flash_removeCallback() {} 시무식서 영업기반 고도화·디지털화 강화 강조 시무식서 영업기반 고도화·디지털화 강화 강조 송종욱 광주은행장이 2일 오전 본점 3층 대강당에서 열린 2019년 시무식에서 신년사를 하고 있다.(광주은행 제공)2019.1.2/뉴스1 © News1 송종욱 광주은행장이 2일 오전 본점 3층 대강당에서 열린 2019년 시무식에서 신년사를 하고 있다.(광주은행 제공)2019.1.2/뉴스1 © News1 송종욱 광주은행장이 2일 오전 본점 3층 대강당에서 열린 2019년 시무식에서 신년사를 하고 있다.(광주은행 제공)2019.1.2/뉴스1 © News1 (광주=뉴스1) 박영래 기자 = 광주은행은 2일 오전 본점 3층 대강당에서 송종욱 은행장과 임직원 등 500여명이 참석한 가운데 2019년 시무식을 개최했다.,최저임금 인상 실업률 증가 등으로 경기침체가 가중되고 급속하게 진행되는 디지털화와 인터넷전문은행의 등장으로 치열한 경쟁 환경에 처해있지만 과감한 혁신과 새로운 도전정신으로 더 높은 비상을 이루자,0,0.6094142198562622,0.4081479907035827,4,119,2,0,False,False,True
['이란 석유 감산땐 유가 100弗간다'],"AP통신은 22일 이란이 생산량 감축에 나설 경우 국제유가가 배럴당 75달러에서 최고 100달러대를 넘어설 수 있다는 전문가들의 말을 인용, 보도했다.",이란이 자국 수출량의 일부 즉 50만배럴만 줄여도 유가는 100달러 선 위로 바로 치솟을 것,0,0.788712739944458,0.6371700763702393,5,61,4,1,False,False,True
['中 더블딥 가능성… 출구전략 신중해야'],베이징= 이병관 특파원,중국경제는 아직 확실한 경기회복 사인이 나타나지 않고있어 출구전략은 신중하게 결정해야 할 문제,0,0.490937739610672,0.6298589706420898,5,35,5,1,False,False,True
['美 금리 인상 핵심변수 물가…당분간 낮은 수준'],"임 연구원은 ""핵심소비자물가지수 상승으로 물가에 대한 시각이 엊갈리고 있지만, 미국 수요측면의 물가 상승압력이 강하지 않다""며 ""국제유가 하락과 달러화 강세 등도 고려할 때 올해 안에 물가가 2%를 넘어서기는 어렵다""고 판단했다.",핵심소비자물가지수 상승으로 물가에 대한 시각이 엊갈리고 있지만 미국 수요측면의 물가 상승압력이 강하지 않다,1,0.7053645849227905,0.5725152492523193,7,38,5,1,False,False,True
['경기침체로 제조업 생산 전년 동월比 1.8%↓…中企 성장 둔화'],"// flash 오류를 우회하기 위한 함수 추가 function _flash_removeCallback() {} 중기연구원 2월 중소기업 동향 발표 ""獨 최저임금제 도입 5년째…고용 부정적 영향 없는 편"" 중기연구원 2월 중소기업 동향 발표 ""獨 최저임금제 도입 5년째…고용 부정적 영향 없는 편"" © News1 © News1 © News1 (서울=뉴스1) 곽선미 기자 = 장기적인 경기침체로 지난해 12월 중소기업 제조업 생산이 감소 추세를 이어가는 등 전반적으로 중소기업 성장이 둔화되고 있는 것으로 나타났다.", 독일 최저임금제 도입 5년째 고용 부정적 영향 없는 편,1,0.3526784479618072,0.3693960309028625,8,76,3,1,False,False,True
['경기회복 조짐에 문제없다'],"3월 수출 240억달러 내외..13%대 증가 예상 이달 백화점.할인점매출.카드사용액 증가세 지속 (서울=연합뉴스) 이상원기자= 정부는 29일 산업활동동향 지표의 악화에도 불구하고 수출의 두자릿수 증가와 백화점.할인점 매출, 신용카드 사용 등 내수 관련 지표들의 호조로 경기회복 조짐이 최근 추세에서 벗어나지 않을 것이라고 전망했다.",앞으로 경기추이는 3월 산업활동 통계와 1 4분기 국내총생산 통계 등을 지켜봐야겠지만 여러 속보지표들이 호조세를 보이고 있어 최근의 경기회복 조짐은 그동안의 추세에서 벗어나지 않을 것,0,0.5513995289802551,0.4363172054290771,3,64,6,1,False,True,False
['취약계층 긴급보호체계구축'],[머니투데이 채원배기자]한덕수 부총리겸 재정경제부장관은 21일 취약계층에 대한 긴급보호체계를 구축하고 차상위층에 대한 의료지원과 생활보호지원을 강화하겠다고 밝혔다.,취약계층에 대한 긴급보호체계를 구축하고 차상위층에 대한 의료지원과 생활보호지원을 강화하는 등 복지 사각지대를 해소해 나갈 것,0,0.8396322131156921,0.5517385601997375,2,50,1,0,False,False,True
['5월이 올해 최악…900 지지선'],◆ 5월이 올해 최악＝삼성 대신 교보 등 증권사들은 5월 주가 전망치로 900~98 0선을 제시했다., 국내 증시도 올해 5월이 최악이 될 가능성이 높다,1,0.6990206241607666,0.4629412591457367,4,42,4,1,False,False,True
"[""'中=환율조작국' 지정하면 무역전쟁 발생""]",[아시아경제 증권방송] - 3개월 연속 100% 수익 초과 달성!,만약 환율조작국으로 지정한다면 반드시 무역 전쟁이 발생할 것,0,0.9299092292785645,0.7026917338371277,4,29,2,0,False,False,True
['거시ㆍ미시 확장정책 강화..금리도 뒷받침'],"-3월 산업생산, 경기 회복 기조 유지 (서울=연합인포맥스) 이진우기자= 한덕수 부총리는 29일 ""거시정책 뿐만아니라 미시정책도 경기 회복을 뒷받침할 수 있도록 강화하겠다""고 밝혔다.","거시정책 뿐만아니라 

미시정책도 경기 회복을 뒷받침할 수 있도록 강화하겠다",0,0.6999556422233582,0.4796066284179687,4,53,4,1,False,False,True
['아시아는 기회이자 위협'],"● '넥스트 아시아' 한국어판 출간…미국인의 편견 비판 스티븐 로치 회장은 아시아를 '오늘은 기회,내일은 위협적인 존재'라고 표현한다.",진정한 아시아의 잠재력과 문제점 그 이면을 보여주고 싶었다,1,0.8273512125015259,0.785163938999176,3,40,6,1,True,False,False
['경기에도 봄이 오길'],한은 관계자는 이에 대해 “삼성 갤럭시 S10 등 스마트폰 신제품 출시와 미·중 무역 갈등 완화 및 중국의 경기부양책에 대한 기대감이 맞물린 영향이 크다”고 설명했다.,삼성 갤럭시 10 등 스마트폰 신제품 출시와 미 중 무역 갈등 완화 및 중국의 경기부양책에 대한 기대감이 맞물린 영향이 크다,1,0.2182890027761459,0.384624570608139,3,48,4,1,False,False,True
"['그래도 주가는 1,200까지 간다']","4분기 예상..1분기 경기저점.美연착륙 바탕 (서울=연합뉴스) 김종수기자 = 미국 경기의 '소프트패치'(경기 확장국면의 일시적 후퇴)와 핵심 기업들의 실적에 대한 우려로 국내외 증시가 약세를 면치 못하고 있지만 종합주가지수가 올 4.4분기에는 연초 예상치인 1,200선까지 상승할 수 있을 것이라는 전망이 나왔다.",종합주가지수는 5 6월 900 1 000선에서 조정을 거칠 것,1,0.5432429909706116,0.4931593537330627,4,65,6,1,True,False,False
['대통령도 부하섬기는 서번트 리더십 필요'],"손 회장은 이와 함께 ""현대 정주영, 삼성 이병철 전 회장 등은 탁월한 리더십을 발휘한 인물로 굳이 리더십 유형을 분류하자면 `지시형` 리더로 이야기할 수 있으며 현 삼성의 이건희 회장은 `위임형`에 가깝다고 볼 수 있다""고 평가했다.",기업 와 마찬가지로 대통령도 미국의 아이젠하워 대통령이 앞에서 국민들을 잘 이끌어 존경받았듯이 서번트 리더가 돼야 한다,0,0.7889121770858765,0.7032642960548401,5,68,1,0,False,False,True
"[""유럽경제 여전히 '불안'""]",[아시아경제 이윤재 기자] 유럽연합(EU) 국가의 수장들이 유럽지역 경제가 여전히 불안한 상태로 남아있다고 입을 모았다.,거시경제의 안정성회복과 공공채무의 회복이 안정적인 성장의 선결조건,1,0.4576600193977356,0.7927805185317993,3,31,2,0,False,False,True
['글로벌 성장세 양극화 전망'],"- 미국 `좋은` 성장..이머징 `매우 강한` 회복- ""유럽 재정위기 문제 단기간에 끝나지 않을 것""[뉴욕=이데일리 피용익 특파원] 데이비드 헨슬리 JP모간 전무는 글로벌 경제 성장세가 양극화 양상을 보일 것이라고 28일(현지시간) 전망했다.월가의 유명 이코노미스트인 헨슬리는 이날 코참 주최로 열린 하반기 경제전망 세미나에서 ""미국은 좋은(good) 성장세를 보이겠지만, 활황(boomy)은 어려울 것""이라며 이같이 밝혔다.반면 한국을 비롯한 이머징마켓(신흥시장)은 매우 강한 회복세를 보일 것으로 내다봤다.그는 ""개인적으로 이머징마켓의 성장세는 JP모간의 공식 추정치보다 높을 것으로 보고 있다""며 ""모두가 놀랄만한 성장률을 보일 것""이라고 기대했다.JP모간의 올해 성장률 추정치는 전세계 3.5%, 미국 3.5%, 이머징마켓 5.7%, 한국 5.3% 등이다.",미국은 좋은 성장세를 보이겠지만 활황 은 어려울 것,1,0.6018383502960205,0.561801552772522,4,131,3,1,False,False,True
['미국 올해 3%대 성장률 달성 충분히 가능하다'],// flash 오류를 우회하기 위한 함수 추가 function _flash_removeCallback() {} 【서울=뉴시스】권성근 기자 = 래리 커들로 미 백악관 국가경제위원회(NEC) 위원장은 1일(현지시간) 미국이 올해 연 3%대의 경제 성장률을 달성할 수 있다고 보고 있다고 밝혔다.,연 3 퍼센트 대 성장률 달성 목표에 변화가 없다,1,0.7496253252029419,0.8447310924530029,7,55,1,0,False,False,True
"['한은, 이르면 3분기 추가 금리 인하 예상']",// flash 오류를 우회하기 위한 함수 추가 function _flash_removeCallback() {} 프레드릭 뉴먼 홍콩상하이은행(HSBC) 아태지역 리서치센터 공동대표가 “한국은 외부적으로 성장 약세 요인이 많기 때문에 경제 성장을 위해서는 내수를 확대할 수 밖에 없다”며 “한국은행이 3~4분기 추가 금리 인하를 발표할 것으로 예상한다”고 전망했다.,한국은행이 3 4분기 추가 금리 인하를 발표할 것으로 예상한다,0,0.8044174909591675,0.5584110021591187,7,92,1,0,False,False,True
['中 외 4개 아시아국가 통화 절상해야'],[관련기사] ☞ 中 다국적 기업에 '환율 로비' 압박 [아시아경제 증권방송] - 3개월 연속 100% 수익 초과 달성!,오는 4월15일 발간 예정인 미 재무부 반기보고서에서 이들 아시아 5개국을 통화조작국으로 지정해야 한다,0,0.7501081824302673,0.8350731134414673,6,37,5,1,False,False,True
['그리스，구제금융도 소용없다'],유로존(유로화 사용 16개국)과 국제통화기금(IMF) 등이 구제금융을 통해 그리스 구하기에 나선 가운데 누리엘 루비니 미국 뉴욕대학교 교수가 구제금융을 통해서는 그리스를 구할 수 없다고 지적했다.,그리스를 구하기 위해서는 구제금융 중심의 플랜 보다는 선제적 채무조정을 핵심으로 한 플랜 가 필요하다,0,0.749160647392273,0.5006126165390015,2,54,6,1,False,True,False
['獨은 中企의 힘으로 위기 탈출'],무단 전재-재배포 금지[☞ First-Class경제신문 파이낸셜뉴스 구독신청하기],중소기업들이 독일의 기적 을 이뤄냈다,0,0.5426747798919678,0.6845225691795349,5,37,3,1,False,False,True
['올해 체감경기 좋아질 것'],"[edaily 양효석기자] 한덕수 부총리겸 재정경제부장관은 20일 ""(올해 경제성장은)내수중심으로 가기 때문에 과거와 같은 4%대라고 하더라도 체감경기 측면에서는 더 좋아질 것""이라고 말했다.", 올해 경제성장은 내수중심으로 가기 때문에 과거와 같은 4 퍼센트 대라고 하더라도 체감경기 측면에서는 더 좋아질 것,0,0.7774937152862549,0.5185967683792114,4,36,3,1,False,False,True
['고용시장 개선되기 시작'],"또 최근 그리스를 비롯한 유럽 국가들의 재정위기에 대한 언급도 없었다.▶ 이데일리ON, 문자로 시세,추천,진단,상담정보 - #2200▶ 이데일리 모바일ㆍ실시간 해외지수/SMS ▶ 가장 빠른 글로벌 경제뉴스ㆍ금융정보 터미널, 이데일리 MARKETPOINT＜ⓒ종합 경제정보 미디어 이데일리 - 무단전재&재배포 금지＞＜안방에서 만나는 가장 빠른 경제뉴스ㆍ돈이 되는 재테크정보 - 이데일리TV＞ 피용익 (yoniki@)",노동 시장은 개선되기 시작했다,0,0.9206020832061768,0.2932659685611725,3,82,2,0,False,False,True
['디플레이션 우려'],"최 부총리는 4일 은행회관에서 열린 국가경영전략연구원 수요정책포럼에서 '2015년 한국 경제의 진로'라는 주제의 강연을 통해 ""한국 경제가 옆으로 가는 답답한 움직임을 보이고 있다”며 ""저물가에 따른 디플레이션 우려가 크다”고 밝혔다.",저물가에 따른 디플레이션 우려가 크다,0,0.9271477460861206,0.4551334083080292,2,55,2,0,False,False,True
"['고용시장, 안정화→개선']","[관련기사] ☞ [미FOMC 성명서 전문] ☞ 미FOMC 금리 동결..""초저금리 지속""(1보) [아시아경제 증권방송] - 무료로 종목 상담 받아보세요 정선영 기자 sigumi@",안정화되고 있다,0,0.499470591545105,0.4969221949577331,2,31,5,1,False,False,True
['맑다'],"BSI가 기준치인 1백을 넘으면 경기호전을,1백미만은 경기부진을 의미한다.",산업단지 경기전망,1,0.205445259809494,0.1756111830472946,1,23,5,1,False,False,True
['한국투자자 투자전망 부정적'],// flash 오류를 우회하기 위한 함수 추가 function _flash_removeCallback() {} JP모간자산운용이 국내 투자자들을 대상으로 '한국 투자자 신뢰도 지수'를 조사한 결과 96.4가 나왔다고 3일 밝혔다., 모간자산운용은 해외의 유망하고 혁신적인 연금 상품을 국내에 지속적으로 소개하며 글로벌 분산투자와 장기투자의 중요성을 투자자들에게 알리기 위해 다각도로 노력해나갈 것,1,0.4846004843711853,0.2236887961626052,3,65,4,1,False,False,True
"['수출경기, 2/4분기에도 호조세']","""원자재 가격상승-환율 변동성 확대 우려…수출여건 악화 대비해야"" [CBS산업부 김정훈 기자] 우리나라 무역업계가 2/4분기에도 수출경기 호조세를 이어갈 것이라는 전망이 나왔다.",2 4분기 우리 수출 회복세는 지속될 것으로 보이지만 최근 환율 변동성 확대는 물론 원자재 가격 상승에 대한 우려가 커지고 있는 실정,1,0.8206952810287476,0.438700258731842,3,40,5,1,False,False,True
['일자리 1인당 1.63개'],QUICK가 사전 조사한 시장 예상 평균 중간치는 1.63배로 실제와 같았다.,일손 부족으로 최대 고용 호황 이어져,1,0.6207237839698792,0.4740399718284607,3,29,4,1,False,False,True
['지금 긴축정책 못해'],"[관련기사]☞ 버냉키, '저금리 유지' 재확인☞ 버냉키 ""연준, 대형은행만 감독할 수는 없어""☞ 호니그 캔자스 연은총재 ""볼커룰 지지""☞ ""美 실업률 연말까지 9%대 지속될 것""-옐렌 연은 총재☞ 세인트루이스 연은 총재 ""FRB 자산매각 하반기 시작"" ▶ (머니마켓) 성공투자의 지름길 '오늘의 추천주' ▶ (머니마켓) 오늘의 증권정보 '재야고수 종목 엿보기' 김성휘기자 sunnykim@",지금 당장 긴축정책을 시행할 수 있다고 생각하지 않는다,0,0.915985107421875,0.7538735866546631,3,61,4,1,False,False,True
['소매유통업 경기 2분기 연속 상승…온라인쇼핑·백화점 상승 견인'],"대한상공회의소는 최근 서울과 6대 광역시 944개 소매유통업체 대상 '2분기 소매유통업 경기전망지수(RBSI )' 조사 결과, 전망치가 전분기 대비 1포인트 상승한 100로 집계됐다고 2일 밝혔다.",온라인쇼핑과 백화점이 상승 기조의 견인차 역할을 하고 있다,1,0.0400997996330261,0.1759857982397079,7,53,1,0,False,False,True
['고용창출 규모 급격히 감소 실업률해소 기미 안 보인다'],윤 부회장은 한국경제의 현안 중 하나인 고용감소 원인에 대해 “80∼90년대에는 경제성장률 1% 상승시 8만명대의 고용유발 효과가 있었지만 최근에는 1%당 3만5000명으로 줄었다”면서 “특히 연간 경제성장률이 5% 미만으로 떨어져 고용창출 가능규모는 급격히 감소할 수밖에 없는 상황”이라고 설명했다.,실업률 해소의 기미가 보이지 않고 있다,0,0.7987689971923828,0.7232629060745239,8,71,6,1,False,True,False
['체감경기 회복되고 있다'],"hj_jin@ [© 뉴스1코리아( news1.kr ), 무단 전재 및 재배포 금지] [© 뉴스1코리아( news1.kr news1.kr), 무단 전재 및 재배포 금지]",발주물량이 본격화되는 시점을 고려하면 회복세는 계속 유지될 것,1,0.6639159917831421,0.4958913028240204,3,45,6,1,True,False,False
['美 상당기간 저금리기조 유지'],이날 연준의 통화정책결정기구인 연방공개시장위원회(FOMC)는 성명서를 통해 지난해 3월부터 표명하기 시작한 ‘상당기간에 걸쳐’ 저금리 기조를 유지하겠다는 표현을 그대로 씀으로써 가까운 시일 내에 연준이 본격적인 출구전략에 나서지 않을 것임을 분명히했다.,고용시장이 안정을 찾아가고 소비지출은 완만하게 확대되고 있다,1,0.4647551774978637,0.1437445282936096,4,62,2,0,False,False,True
['제로금리 장기간 유지'],28일(현지시간) 블룸버그통신에 따르면 FRB는 이날 연방공개시장위원회(FOMC) 성명서를 통해 “0∼0.25%의 제로금리 수준을 장기간 유지할 방침”이라고 밝혔다.,0 0 25 퍼센트 의 제로금리 수준을 장기간 유지할 방침,0,0.9174484610557556,0.2361155748367309,3,44,1,0,False,False,True
['日 경기회복은 벚꽃 70% 핀 정도'],// flash 오류를 우회하기 위한 함수 추가 function _flash_removeCallback() {} 아베 신조 일본 총리가 최근 일본 경기 회복에 대해 “벚꽃이 70% 핀 정도”라고 평가했다.,벚꽃이 퍼센트 핀 정도,0,0.6756348609924316,0.3650238513946533,6,44,3,1,False,False,True
['저금리 지속하겠지만..때되면 MBS 매각'],"그는 ""MBS 매각은 유동성을 흡수하는 한 방법이 될 것""이라면서 ""자산을 매각함으로써 FRB는 국채만 보유하게 되는 목표를 달성할 수 있다""고 말했다.",적절한 시기에 모기지담보증권 을 점진적으로 매각하는 작업을 진행할 것으로 예상하고 있다,0,0.6532418727874756,0.7039508819580078,4,70,4,1,False,False,True
['韓 경제 투자 조정·수출 둔화…잠재성장률 수준 성장은 지속'],"한은은 미·중 무역협상 타결 기대, 재정지출 확대에 따른 내수여건 개선 등은 상방리스크로, 글로벌 무역분쟁 심화, 반도체수요 회복 지연 등은 하방리스크로 꼽았다.",국내경제는 잠재성장률 수준에서 크게 벗어나지 않는 성장세를 이어간 것으로 판단한다,0,0.6968805193901062,0.5781065225601196,8,63,1,0,False,False,True
['제2금융권 대출자 등 배려방안 찾을 것'],"// flash 오류를 우회하기 위한 함수 추가 function _flash_removeCallback() {} 【서울=뉴시스】박정규 기자 = 청와대는 1일 안심전환대출 대상에서 제외된 고정금리 대출자와 제2금융권 대출자에 대해 ""나중에 종합대책을 마련할 때 기존에 있던 지원책을 확대하든지 해서 배려할 수 있는 방안을 찾을 것""이라고 밝혔다.",우리가 가계부채가 1100조원이 넘지만 총량보다 중요한 게 가계부채구조,0,0.499498963356018,0.3358352780342102,6,72,2,0,False,False,True
['일자리창출 해법 민간에서 찾아야'],"2019.02.26.myjs@newsis.com 【서울=뉴시스】김경원 김제이 기자 = 이재갑 고용노동부 장관이 26일 일자리창출과 관련, ""일자리 창출의 해법은 민간에서 찾아야 한다""고 밝혔다.",일자리 창출의 해법은 민간에서 찾아야 한다,0,0.936579704284668,0.8851603865623474,4,64,0,0,True,False,False
['작년과 비슷한 수준'],28일 LH에 따르면 경기도 성남 LH 경기지역본부 1층 강당에서 2019년 공동주택용지 공급계획 설명회를 개최한다.,필지 공급을 하면 분양이 재개돼 건설사들이 수주에 나서기는 좋겠지만 요즘 시장 분위기가 워낙 좋지 않아 보수적인 움직임을 보일 것으로 예상된다,1,0.3724697828292846,0.2138249278068542,3,35,4,1,False,False,True
"['기업연금, 주식투자 제한돼야..노동시장 감안']","(서울=연합인포맥스) 황병극 기자= ""기업연금은 노동시장 상황을 감안해서 설계 돼야 하며 실시되더라도 주식투자의 비중은 제한돼야 한다""..""기금운용에 있어서 노 동계를 포함한 노사정의 위원회 차원의 기구가 만들어져야 한다"" 29일 이혜선 전국민주노동조합총연맹 부위원장은 연합인포맥스와 KB자산운용이 서울 여의도 63빌딩 국제회의장에서 공동으로 주최한 '올바른 기업연금제도와 자산 운용산업의 역할' 주제의 국제심포지엄에서 노동계의 입장을 대변해 이렇게 밝혔다.","기업연금은 노동시장 상황을 감안해서 설계

돼야 하며 실시되더라도 주식투자의 비중은 제한돼야 한다",0,0.8803551197052002,0.8030665516853333,4,74,2,0,False,False,True
['원자재값 상승·환율 급락이 최대 악재'],한국무역협회는 28일 국내 1082개 수출업체를 대상으로 ‘2·4분기 수출산업경기전망(EBSI)’ 설문조사를 실시한 결과 이같이 나타났다고 밝혔다.,2 4분기 세계 경기 호조로 수출이 늘어날 것으로 예상되지만 원자재 가격 상승과 환율 하락이라는 악재가 해결되지 않을 경우 기업들의 수출 채산성은 오히려 악화될 우려가 있다,1,0.5321651697158813,0.3005346059799194,5,40,3,1,False,False,True
['2분기에도 수출경기 호조세 지속'],"우리 무역업계는 2·4분기에도 수출경기 호조세가 지속될 것으로 기대하고 있는 것으로 조사됐다.한국무역협회(무협) 국제무역연구원이 국내 1082개 수출업체들을 대상으로 실시한 ‘2010년 2·4분기 수출산업경기전망 조사’에 따르면, 2·4분기 수출경기 전망지수(EBSI)는 전분기 대비 16P 상승한 128.4로 나타났다.EBSI 지수가 100 이상이면 경기 부진세보다 호조세를 전망하는 업체 수가 많다는 의미이다.",환율 하락과 원자재 가격 상승 등 수출 여건 악화에 대비할 필요가 있으며 유럽 재정위기 미국 중 통상마찰 등 대외 경제동향에 대한 모니터링을 강화해야 할 것,1,0.5066414475440979,0.1453107893466949,4,77,2,0,False,False,True
['앞으로도 상당기간 저금리 유지'],한편 연준이 저금리 기조를 ‘상당기간’ 유지하겠다는 입장을 재확인함에 따라 시장참가자들 사이에서는 앞으로 최소 6개월 정도까지는 정책금리 인상이 없을 것이라는 전망이 팽배한 상태다.,고용시장이 안정을 찾아가고 소비지출은 완만하게 확대되고있다,1,0.4381601810455322,0.607979953289032,4,46,4,1,False,False,True
"[""한국판 '로제타플랜' 청년고용할당제, 민간기업도 적용 추진""]",[내 삶을 바꾸는 정치뉴스 'the 300' 바로가기] [내 삶을 바꾸는 정치뉴스 'the 300' 바로가기] ['스페셜 걸' 포토] ['스페셜 걸' 포토] [손안의 경제뉴스 머니투데이 모바일웹] [손안의 경제뉴스 머니투데이 모바일웹] [Ten Lines News 티타임즈 ] [Ten Lines News 티타임즈 ] ['취업의 모든 것' 잡드림 ] ['취업의 모든 것' 잡드림 ] 박광범 기자,개정안이 시행되기만 하면 20만 명의 청년들에게 양질의 일자리를 제공할 수 있다 공공기관에서 8만4000여 명 300인 이상 대기업에서 12만 명의 고용창출 효과가 발생한다,1,0.4356622099876404,0.5502238869667053,6,77,3,1,False,False,True
['미 경제 부진 일시적‥곧 반등'],더들리 총재는 일단 최근 경제 회복세 둔화 원인을 '일시적 요인'에서 찾았다.,향후 경제의 흐름을 완전히 예상할 수는 없는 것이기 때문에 가 언제 금리 인상을 결정하게 될 지는 불명확하다,1,0.517562985420227,0.6852572560310364,5,48,3,1,False,False,True
"['美 경기, 아직 저금리 정책 필요']","[관련기사] ☞ 버냉키 ""美 국채 수요 기반 탄탄"" ☞ 버냉키 ""골드만삭스 등 월街은행 조사할 것"" ☞ 버냉키 ""美경제 초기회복 위해 저금리 지속"" ☞ 버냉키 ""美 제로금리 상당기간 유지될듯"" [아시아경제 증권방송] - 3개월 연속 100% 수익 초과 달성!",미국은 아직 경기 부양적인 통화 정책을 필요로 한다,0,0.7831243276596069,0.7109657526016235,6,46,2,0,False,False,True
['인권위 사려 깊게 현실 접근해야'],노사정 대회채널 복귀 등 노사 화합 분위기에 찬물을 끼얹는 행위라는 것이다.,비정규직 처우개선도 좋지만 이들을 위한다는 명분으로 오히려 나쁜 처지로 내모는 우매한 짓은 하지 말아야 한다,1,0.5176227688789368,0.563404381275177,5,47,6,1,True,False,False
['그리스 채무조정으로 위기 해결을'],그는 전날 CNBC와의 인터뷰에서도 “그리스는 재정건전화 노력에도 불구하고 결국 지급불능 상태에 이를 것”이라며 “이는 유로존 일부 국가들에 도미노 효과를 일으킬 것”이라고 경고했다.,그리스가 선제적인 채무조정을 단행하고 유로존 재정위기 국가들은 재정 구조개혁을 추진해야 할 것,1,0.8701612949371338,0.5987576246261597,4,37,6,1,True,False,False
"['청년대책 10년간 20차례,성과 없었다']","[최승진 기자] ▶ 네이버 뉴스스탠드에서 매일경제를 MY뉴스로 구독하세요 [ 매일경제 모바일 서비스 | 페이스북 ] [ 매일경제 구독신청 ] [ 오늘의 매일경제 ] ▶ 네이버 뉴스스탠드에서 매일경제를 MY뉴스로 구독하세요 ▶ 네이버 뉴스스탠드에서 매일경제를 MY뉴스로 구독하세요 [ 매일경제 모바일 서비스 매일경제 모바일 서비스 | 페이스북 페이스북] [ 매일경제 구독신청 매일경제 구독신청] [ 오늘의 매일경제 오늘의 매일경제] [ⓒ 매일경제 & mk.co.kr, 무단전재 및 재배포 금지]",지난 10년간 스무 번도 넘는 청년고용대책을 발표했다 하지만 성과는 불명확했다 ,0,0.7679190635681152,0.3298404812812805,4,93,5,1,False,False,True
"[""올해 수익형 부동산 중 최고는 '꼬마빌딩'""]",올해 꼬마빌딩 매매가격와 임대가격이 지난해에 비해 더 좋아질 것이란 전망이 확실히 우위에 있다는 얘기다.,일반적으로 경기침체 공실율 증가 등이 발생하면 부동산 가격이 하락하게 되는데 꼬마빌딩에 대한 투자 기대감이 여전한 것으로 나타났다,1,0.636378288269043,0.6285108923912048,6,32,1,0,False,False,True
['주택경기 회복세 영향'],// flash 오류를 우회하기 위한 함수 추가 function _flash_removeCallback() {} 【서울=뉴시스】배민욱 기자 = 지난달 건설경기 체감 지수가 소폭 상승했다.,상대적으로 주택매출 비중이 높은 중견업체가 2월 상승을 주도한 것을 볼 때 최근 분양시장을 중심으로 한 주택경기 회복이 건설기업 체감경기에 긍정적 영향을 미치고 있다,1,0.8000718951225281,0.2173871397972107,3,32,3,1,False,False,True
['산업생산 부진에도 경기회복 추세 유효'],"이승우 국장은 이날 재경부 기자실에 내려와 ""2월 산업활동 동향은 설연휴 효과 및 윤달 등에 따른 조업일수 감소로 감소세가 예상보다 크게 나타났다""며 이 같이 주장했다.","2

월 산업생산 부진에도 경기 회복 조짐은 그동안의 추세에서 크게 벗어나지 않을 것",0,0.8341960906982422,0.3313488364219665,5,73,0,0,True,False,False
['급진적 조치로 위안화 절상 못 이끌어 내'],▶ (머니마켓) 성공투자의 지름길 '오늘의 추천주' ▶ (머니마켓) 돈이되는 증권정보 '재야고수 따라잡기' 안정준기자 7up@,위안화 절상은 미국의 실업률 하락을 이끌어 낼 가장 효과적 방법,1,0.3791029453277588,0.7581442594528198,7,34,6,1,True,False,False
['당장 먹고 살길 막막 일자리 어디 없나요'],"홍씨는 “IMF 때도 위기였지만 그래도 일자리는 있었다”며 “건설, 조선 경기는 살아날 기미가 안 보이고 노후 준비는 안 돼 있는데 일감까지 없으니 속이 탄다”고 하소연했다.",물가는 오르고 일자리 없어,1,0.6841075420379639,0.5912768840789795,7,51,6,1,True,False,False
['경제 안정화…전망 밝다'],"[관련기사]☞ GE 1Q 실적 예상 상회(상보)☞ GE 이멜트 회장 ""사업환경 개선돼""(상보)☞ GE, 스마트가전 부문 신설…생산라인 유지☞ GE, ""내년 실적 크게 증가하지 않을 것"" ▶ (머니마켓) 성공투자의 지름길 '오늘의 추천주' ▶ (머니마켓) 오늘의 증권정보 '재야고수 종목 엿보기' ▶ (머니마켓) 테마주 성공투자 '프로페셔널 포트폴리오' 권다희기자 dahee@",경제 전반과 의 사업영역 대출 사업 모두가 개선되고 있다,0,0.5752632021903992,0.574432373046875,3,58,6,1,False,True,False
"['한덕수 부총리, 시장 신뢰 얻고 있다']",이헌재 전 부총리에 이어 한국 경제의 구원투수로 등판한 한덕수 부총리.,소비자 기대심리와 실물경제간의 괴리감이 크다,1,0.3702013492584228,0.7447617053985596,6,40,5,1,False,False,True
['곳곳이 복병'],/박영례기자 young@inews24.com,특히 배출권이 기업의 신청량 대비 퍼센트 이상 낮게 할당 산업계 부담이 높아 기존 할당량을 시급히 상향 재조정해야 할 것,1,0.2184889465570449,0.4970863163471222,2,12,6,1,True,False,False
['부동산 버블 우려'],"필립 로우 RBA 부총재는 25일 시드니에서 열린 호주산업그룹(AIG) 창립 10주년 기념식에 참석, '최근 호주 및 세계경제 동향' 주제 연설을 통해 ""호주 주택가격이 급등하면서 투기적 버블이 우려된다""며 ""이는 경제에 도움이 되지 않는 것""이라고 밝혔다.",호주 주택가격이 급등하면서 투기적 버블이 우려된다,0,0.8250062465667725,0.4093859791755676,3,67,1,0,False,False,True
['선행지수 하락이 곧 경기 하락은 아니다'],"이 관계자는 ""실제로 현재 경기상황이 나쁘다면 긴장해야 하겠지만, 지금은 그렇지 않다""라며 ""소비자기대지수가 나쁘지 않은 데다 기업의 체감경기는 오히려 급속하게 개선되는 추세""라고 말했다.",경기선행지수가 기저효과로 낮아졌으나 다른 숫자를 고려할 때 그렇게 나쁜 것은 없으며 이런 회복 모멘텀이 앞으로도 이어질 것,1,0.7389729022979736,0.7294573783874512,6,63,1,0,False,False,True
['생존 위태롭다'],/ 사진제공=중소기업중앙회 서울 여의도 중소기업중앙회관., 최저임금 결정체계에서 기업 지불능력이 배제되면 장기적으로 경영악화를 초래해 기업의 성장은 물론 존립 자체가 위협받을 수 있다,0,0.3589583337306976,0.6731520891189575,2,33,6,1,False,True,False
['美경제 비관적 시각 확산은 과도'],최근 미국경제에 대한 비관적인 시각 확산은 지나치다는 분석이 나왔다.,각종 지표 부진에 따른 미국 경제의 우려 확산으로 국내 증시에 미치는 영향도 커지고 있으나 미 경제의 성장 탄력이 이미 지난해부터 약화되고 있는 점을 감안하면 최근 불안감은 과도하다,0,0.7914401292800903,0.8629586696624756,5,39,2,0,False,False,True
"['금리인하, 경기에 효과있다']",주 차관은 4일 대구 창조경제혁신센터를 방문한 자리에서 기자들과 만나 “금리를 내리면 실물경제에도 도움주고 금리 낮아지면 실질금리도 낮아진다”며 “그럼 소비에도 영향을 준다”고 말했다.,금리인하 효과가 있다,0,0.9438079595565796,0.7115095853805542,3,83,1,0,False,False,True
"['아베노믹스, 긍정적 효과 나타나']","사진=한경닷컴 변성현 기자 ""아베노믹스를 성공이라고 단정하기는 이르지만 실패라고 하기도 어렵다."" 이종윤 한일경제협회 부회장(사진)은 3일 서울 여의도 금융투자협회에서 열린 제5회 일본경제포럼에 강연자로 나서 이 같이 말했다.",그렇기 때문에 우리는 아베노믹스의 효과를 유심히 지켜봐야 한다,0,0.615829348564148,0.6023879647254944,4,58,6,1,False,True,False
['불황의 끝이 안 보인다'],"부산상의 한 관계자는 ""기업 입장에서는 최근의 저유가와 저금리 기조에도 불구하고 불황의 그늘을 벗어날 뚜렷한 호재를 찾지 못하고 있다""며 ""내수부진과 엔저 장기화, 중국·신흥국 경제 불안, 미국 금리인상 우려 등 대외 악재에 대한 우려가 더 크다""고 말했다.",기업 입장에서는 최근의 저유가와 저금리 기조에도 불구하고 불황의 그늘을 벗어날 뚜렷한 호재를 찾지 못하고 있다,1,0.5148738026618958,0.4492446780204773,4,49,6,1,True,False,False
['가던 길 계속 가자'],주중반 급락분을 만회한 만큼 `가던 길 계속 가자`는 인식이 형성되고 있다.,마켓플러스,1,0.2347043007612228,0.7402334809303284,4,28,5,1,False,False,True
['미국인 자발적 퇴직 증가…경기에 청신호'],// flash 오류를 우회하기 위한 함수 추가 function _flash_removeCallback() {} (서울=연합뉴스) 선재규 기자 = 미국인의 자발적 퇴직이 늘어남으로써 고용시장 전망을 더 밝게 했다고 CNN 머니가 보도했다.,이직에 대한 자신감은 그만큼 고용시장이 탄탄해졌다는 의미,1,0.5187015533447266,0.413220077753067,5,40,1,0,False,False,True
['좋은 대학 나와도 직장얻기 힘들 것'],삼성전자 윤종용 부회장은 “앞으로 좋은 대학을 나와도 3분의 1 정도만 제대로 된 직장을 얻을 수 있을 것”이라며 고학력 실업난을 경고했다.,앞으로 좋은 대학을 나와도 3분의 1 정도만 제대로 된 직장을 얻을 수 있을 것,0,0.75860196352005,0.7096468210220337,6,41,5,1,False,False,True
"['청년 체감실업자 107만명, 청년 체감실업률 21.8%']","(연합뉴스 자료사진) 정세균, 통계청 자료 분석…""남성이 여성보다 심각"" (서울=연합뉴스) 강건택 기자 = 새정치민주연합 정세균 의원은 2일 보도자료를 내 ""청년층 체감실업자는 107만1천명, 체감실업률은 21.8%로 나타났다""고 밝혔다.",청년층 체감실업자는 107만1천명 체감실업률은 21 8 퍼센트 로 나타났다,1,0.9667643308639526,0.7995784282684326,6,50,0,0,False,True,False
['2분기도 수출경기 낙관..4분기 연속 호조세'],"하지만 환율과 원자재가격 변동폭이 커지면서 수출상품 제조원가 상승 및 수출채산성의 악화를 내다봤다.▶ 이데일리ON, 문자로 시세,추천,진단,상담정보 - #2200▶ 이데일리 모바일ㆍ실시간 해외지수/SMS ▶ 가장 빠른 글로벌 경제뉴스ㆍ금융정보 터미널, 이데일리 MARKETPOINT＜ⓒ종합 경제정보 미디어 이데일리 - 무단전재&재배포 금지＞＜안방에서 만나는 가장 빠른 경제뉴스ㆍ돈이 되는 재테크정보 - 이데일리TV＞ 김국헌 (papercut@)",다만 최근 환율 변동성이 확대되고 원자재 가격 상승에 대한 우려가 커지고 있어 경제동향 모니터링을 강화해야 할 것,1,0.1456993818283081,0.5493258237838745,5,88,4,1,False,False,True
['물가 때문에 웃어야 할지 울어야할지'],"물가에 대해서는 “웃어야 할지, 울어야 할지 모르겠다""며 ""서민 입장에서 물가가 떨어지면 참 좋지만 지난 2월 물가는 담뱃값 인상분을 빼면 마이너스""라고 말했다.",웃어야 할지 울어야 할지 모르겠다,0,0.6796828508377075,0.5811269283294678,5,98,1,0,False,False,True
['좋다'],"[관련기사] ☞ 3월 BSI 전망 116.2..기업 체감 경기에도 '봄기운' ☞ 인천 기업인들 ""향후 경기회복은 U자형'"" ☞ 기업 경기 꺾이나?...전망BSI 석달째 '내리막' ☞ BSI 4분기 연속 상승, '내년 1Q 낙관적' ☞ 기업체감경기도 9개월만에 꺾였다 [아시아경제 증권방송] - 3개월 연속 100% 수익 초과 달성!",금리 동결에 이어 중국 전인대 결과 등으로 조기에 출구전략이 시행되지 않을 것이라는 기업들의 기대감이 커졌고 원화 가치 절상 속도가 완만하고 환율 변동 폭이 줄어들면서 수출에 긍정적인 영향을 미치고 있다,1,0.1340375393629074,0.6441502571105957,1,63,6,1,True,False,False
['2분기 이후 내수회복'],김지예 기자가 보도합니다.,"2분기부터 내수회복 

 경기확장적 거시정책 

사진 지속 추진",0,0.6763801574707031,0.7585222721099854,3,27,4,1,False,False,True
['올해 양극화된 글로벌 성장'],"그러나 한국을 비롯한 이머징 마켓은 매우 강한 회복세를 보이면서 모두가 놀랄 만한 성장률이 예상된다"" JP 모건 전무인 데이비드 헨슬리 박사는 28일 미국 한국상공회의소(KOCHAM)가 맨해튼 한국무역협회에서 개최한 `금년 하반기 미국.세계 경제 전망과 환율 비교 전망' 세미나에서 ""양극화된 글로벌 성장이 예상된다""면서 이같이 밝혔다.",양극화된 글로벌 성장이 예상된다,0,0.9299901723861694,0.6633825302124023,4,71,2,0,False,False,True
['2분기 수출 경기 상승 기대감↑'],[머니투데이 이승호기자]국내 수출기업들을 중심으로 2분기 수출경기 상승에 대한 기대감이 높아지고 있는 것으로 나타났다.,환율급락 유가 및 원자재 가격 상승 등 대외여건 악화에도 불구하고 기업들의 수출경기상승에 대한 기대감이 매우 높다,1,0.7926633358001709,0.2701041102409363,5,36,1,0,False,False,True
"['청년들이여, 정신 차려라']","[머니투데이 김희정기자]윤종용 삼성전자 부회장이 ""실업률 해소의 기미가 좀처럼 보이지 않는다""며 ""아무리 좋은 대학을 나오더라도 정신을 바짝 차려야 한다""고 청년 구직자들에게 정신 무장을 주문했다.",아무리 좋은 대학을 나오더라도 정신을 바짝 차려야 한다,0,0.3996409177780151,0.3966570496559143,3,47,5,1,False,False,True
"['펀드투자자, 1년간 기대수익률 16%']","keon@ [© 뉴스1코리아( news1.kr ), 무단 전재 및 재배포 금지] [© 뉴스1코리아( news1.kr news1.kr), 무단 전재 및 재배포 금지]",지난해 국내 주식시장 대비 상대적으로 해외 주식 특히 선진국 주식시장이 선전한 데 따른 영향,1,0.5152473449707031,0.5723584890365601,4,44,5,1,False,False,True
['유럽리스크 상존'],[아시아경제 정선영 기자]달러가 유로대비 소폭 약세를 나타냈다.,달러화는 4월 유로존 경기신뢰지수 상승 독일 실업률 하락 그리스 총리의 노동조합에 대한 예산절감조치 수락 설득 등으로 유로화대비 소폭 약세를 나타냈다,1,0.3815179169178009,0.5747486352920532,2,19,5,1,False,False,True
['펀드 투자심리 6년 만에 최악'],"JP모간자산운용코리아는 3일 한국갤럽조사연구소와 함께 전국 6대 도시 및 수도권에 거주하는 25~59세 국내 펀드투자자 1,000명을 대상으로 6개월 후 투자환경에 대한 신뢰도 수준을 조사한 결과 투자자 신뢰도 지수가 지난해 대비 9.7포인트 하락한 96.4로 6년 만에 최저치를 기록했다고 밝혔다.",6개월 후 코스피 예상 상승률이 평균 1 4 퍼센트 인 점과 저금리 저성장이라는 경제상황을 감안하면 투자자들이 갖는 펀드 기대수익률은 여전히 높은 편,1,0.3955442607402801,0.208367258310318,5,78,3,1,False,False,True
['투기는 막고 경기는 활성화'],"각 부처 장관들에게는 ""실물지표가 개선되더라도 양극화 때문에 체감경기가 회복되는 데는 시간이 걸린다""며 ""각 부처에서 추진하고 있는 중장기 정책들을 차질없이 수행해달라""고 당부했다.",부동산에 대한 투기는 막고 주택경기는 활성화시킨다는 방침을 변함없이 추진해갈 것,0,0.3518653213977813,0.2240024805068969,4,46,1,0,False,False,True
['부동산가격안정화정책 강력히 추진'],"[edaily 정태선기자] 한덕수 경제부총리는 15일 ""강남, 분당지역의 주택가격상승에 따라 가격안정화가 우려되고 있다""면서 ""재건축등으로 판교지역에서 국지적으로 나타나는 현상이지만 전체 부동산 가격 안정을 위해 이러한 현상을 예의주시하고 있다""고 말했다.",기존에 정부가 발표한 부동산정책을 강력히 추진해나갈 것,0,0.8401476144790649,0.4495553374290466,3,42,1,0,False,False,True
"['연준, 곧 금리 인상 여건 확신']",이 때문에 연준이 머지않아 금리 인상 필요성을 충분히 자신하게 될 것이라고 관측했다.,물가상승률 추세도 하향보다는 상향 쪽,1,0.5906644463539124,0.605849027633667,6,51,4,1,False,False,True
['건설경기 개선된다'],[내 삶을 바꾸는 정치뉴스 'the 300' 바로가기] [내 삶을 바꾸는 정치뉴스 'the 300' 바로가기] ['스페셜 걸' 포토] ['스페셜 걸' 포토] [손안의 경제뉴스 머니투데이 모바일웹] [손안의 경제뉴스 머니투데이 모바일웹] [Ten Lines News 티타임즈 ] [Ten Lines News 티타임즈 ] ['취업의 모든 것' 잡드림 ] ['취업의 모든 것' 잡드림 ] 임상연 기자,건설업체들이 3월에는 건설경기 침체수준이 2월보다 좀 더 개선될 것으로 전망하고 있다,1,0.75355064868927,0.4920687079429626,2,80,2,0,False,False,True
['IT경기 본격 회복국면'],"KAIT ""3, 4월 호전""…IT 中企도 실적개선 예고 (서울=연합뉴스) 김권용기자 = 국내 IT(정보통신)산업 경기가 뚜렷한 회복세를 보이고 있는 것으로 나타났다, 특히 3월과 4월에는 기업경기실사지수(BSI)가 호황을 나타내는 106, 108로 연속 상승, 경기침체의 긴 터널을 벗어나 본격적인 회복 국면으로 접어들 것으로 전망됐다.",3 4월 호전,1,0.3902729153633117,0.2822338342666626,3,65,2,0,False,False,True
['구조조정 안하면 디플레이션 우려'],"(기획재정부 제공) 거시정책 미세조정 시사 거시정책 미세조정 시사 (대구=뉴스1) 민지형 기자 = 주형환 기획재정부 1차관은 4일 ""현재 저물가 상황 등이 장기화되면 일본이 디플레이션 국면에 빠졌듯이 우리도 디플레이션(물가하락과 경기침체가 동시에 오는 것) 우려가 있다""고 밝혔다.",저물가 상황이 오래 가서 디플레이션 우려 때문에 참 큰 걱정을 하고 있다,0,0.7649356126785278,0.7595081329345703,4,76,6,1,False,True,False
['출구전략 서둘러야'],"스티븐 로치 모건스탠리 아시아 회장은 29일 ""미국은 당장 기준금리를 연 2%대로 올려야 한다""며 ""주요 국가들이 금리인상과 같은 출구전략을 서두르지 않으면 또 다른 위기를 맞게 될 것""이라고 경고했다.",지금은 긴급상황을 벗어났으므로 최소한 2 퍼센트 대로 금리를 인상해야 한다,0,0.486091136932373,0.3870733082294464,2,51,5,1,False,False,True
"['노사정 대타협, 대화의 창을 열고 협의 지속할 것']",최 부총리는 이날 오전 정부세종청사에서 간부회의를 주재한 자리에서 “지난 3개월간 논의해온 노사정 대타협이 소기의 성과를 거두지 못해 안타깝다”며 “대화의 창은 계속 열고 협의를 지속해 나갈 것”이라고 밝혔다.,대화의 창은 계속 열고 협의를 지속해 나갈 것,0,0.8604236841201782,0.7712469696998596,8,94,0,0,True,False,False
['부동산시장 회복 아직 어렵다'],"그는 ""주택 미분양 적체 문제가 상존하고 있는 상황에서 정부의 각종 규제 철폐가 지연되고 있어 지방의 주택, 부동산 경기회복은 아직도 어려울 것""이라 말했다.",주택 미분양 적체 문제가 상존하고 있는 상황에서 정부의 각종 규제 철폐가 지연되고 있어 지방의 주택 부동산 경기회복은 아직도 어려울 것,0,0.8592880368232727,0.7008152008056641,4,47,2,0,False,False,True
['中은 지금 잠자고 있는 거인'],"""중국은 잠자고 있는 거인이다.",잠자고 있는 거인 중국이 깨어나면 세계가 변할 것,0,0.2576045393943786,0.5009316802024841,5,31,4,1,False,False,True
['양극화는 구조적 문제 … 경기와 무관'],"이언오 삼성경제연구소 전무는 ""중산층 이하까지 소비심리가 살아나려면 시간 이 좀 걸릴 것 같다""며 ""그러나 재래시장,지방 자영업 등은 갈수록 사양화되는 구조적인 문제로 인해 경기가 회복되더라도 업황이 크게 좋아지기는 어려울 것 ""으로 분석했다.","그러나 재래시장 지방 자영업 등은 갈수록 사양화되는

 구조적인 문제로 인해 경기가 회복되더라도 업황이 크게 좋아지기는 어려울 것

",0,0.6154139041900635,0.5264338254928589,6,85,4,1,False,False,True
"['美, 스태그플레이션 이미 시작']",[edaily 강종구기자] 세계적인 경제석학 폴 크루그먼이 미국 경제가 스태그플레이션의 시작 국면에 있다고 경고했다.,완전고용에 이르지 못한 상황에서 물가는 오르고 있는 점진적 인 형태의 스태그플레이션은 이미 시작됐다,0,0.6695958375930786,0.1566081047058105,4,47,5,1,False,False,True
['불황 터널 끝 안 보이네'],노정현 기자 jhnoh@,정부의 경기부양책에도 내수가 좀처럼 회복되지 못하고 있는데다 엔저 장기화 중국 신흥국 경제 불안 미국 금리 인상 우려 등 대외 악재들이 지역 제조업에 지속적으로 악영향을 미치고 있다,1,0.2255782485008239,0.4351103901863098,5,10,3,1,False,False,True
['올 성장률 5.5% 문제없다'],[서울신문]현오석 한국개발연구원(KDI) 원장이 올해 우리나라가 5.5%의 국내총생산(GDP) 성장률을 충분히 달성할 것으로 전망했다.,그만큼 현재의 한국 경제 상황이 좋다는 의미로 우리 또한 애초 전망치인 5 5 퍼센트 달성이 충분하다고 본다 ,0,0.6298922896385193,0.6403791308403015,4,40,0,0,True,False,False
['高수익 추구현상 극성…금리인상 최적기'],"// flash 오류를 우회하기 위한 함수 추가 function _flash_removeCallback() {} - `대표적 매파` 조지 총재, 장기간 저금리 병폐 꼬집어 - `대표적 매파` 조지 총재, 장기간 저금리 병폐 꼬집어 - `대표적 매파` 조지 총재, 장기간 저금리 병폐 꼬집어 - ""인플레 장애물 안돼..실업률도 사실상 완전고용 수준"" - ""인플레 장애물 안돼..실업률도 사실상 완전고용 수준"" - ""인플레 장애물 안돼..실업률도 사실상 완전고용 수준"" [이데일리 이정훈 기자] 미국 연방준비제도(Fed·연준)내 대표적 매파(통화긴축 선호)로 꼽히는 에스더 조지 캔자스시티 연방준비은행 총재가 장기간의 저금리로 인해 높은 수익을 좇는 소위 수익률 추구현상(reach for yield)이 극성을 부리고 있다고 경고하며 기준금리 인상 필요성을 역설했다.",저금리 기조를 너무 오랫동안 유지해온 탓에 투자자들이 높은 수익률을 좇도록 부추기는 일이 벌어지고 있다,0,0.7281106114387512,0.4872953593730926,4,131,2,0,False,False,True
"['미, WTO 통한 위안화절상 압박이 적절']","- ""WTO-IMF 등 국제기구 이용이 바람직""[이데일리 김윤경 기자] 중국이 인위적으로 환율을 낮게 가져가 이득을 보고 있는 건 사실이지만, 미국이 일방적인 무역 제재를 가하는 것은 적절치 않다는 지적이 미국 내에서 나왔다.", 등 국제기구 이용이 바람직,1,0.5220931768417358,0.5714536905288696,6,52,3,1,False,False,True
['양도세 장기적 실거래 과세'],[머니투데이 채원배 기자]한덕수 부총리겸 재정경제부 장관은 29일 장기적으로 양도세도 실거래가로 과세할 방침이라고 밝혔다.,올해 장기 세제개편 연구과제에 양도세 시가 과세를 포함시킬 것,0,0.7516341209411621,0.5022092461585999,4,27,3,1,False,False,True
['내년 디플레 탈출'],"이어 일본 경제가 회복되고 있지만 회복속도는 여전히 더디고 유럽의 국가부채 위기와 같은 불안요인도 상존한다고 덧붙였다.미야자키 히로시 신킨 애셋 매니지먼트 선임 이코노미스트는 ""경제 회복이 안정적으로 지속되고 있지만 디플레이션 압력은 아직 큰 상태""라고 진단했다.▶ 이데일리ON, 문자로 시세,추천,진단,상담정보 - #2200▶ 이데일리 모바일ㆍ실시간 해외지수/SMS ▶ 가장 빠른 글로벌 경제뉴스ㆍ금융정보 터미널, 이데일리 MARKETPOINT＜ⓒ종합 경제정보 미디어 이데일리 - 무단전재&재배포 금지＞＜안방에서 만나는 가장 빠른 경제뉴스ㆍ돈이 되는 재테크정보 - 이데일리TV＞ 김혜미 (pinnster@)",경제 회복이 안정적으로 지속되고 있지만 디플레이션 압력은 아직 큰 상태,1,0.2364985644817352,0.2266098707914352,3,71,4,1,False,False,True
['한국경제 살리려면 여성인력 활용하라'],월리엄 페섹 칼럼서 지적 한국 경제가 재도약하기 위해서는 여성을 적극 활용해야 한다는 주장이 제기됐다.,한국은 여성인력 활용을 확대해야만 예비노동력을 적절히 활용하면서 성장 잠재력을 증대시킬 수 있을 것,1,0.8555284738540649,0.6586379408836365,4,21,1,0,False,False,True
['경기전망 긍정적..생활형편은 어려워'],"[관련기사] ☞ [뉴욕유가] 하락..소비자심리 예상외 부진 ☞ 美 2월 소비자물가지수 상승률 '0%'(상보) ☞ 日 소비자신뢰 2개월 연속 상승 ☞ ""경기회복 둔화로 1·4분기 소비심리 하락"" [아시아경제 증권방송] - 3개월 연속 100% 수익 초과 달성!",경기가 좋아지리라는 기대가 조금씩 확산되고 있지만 생활형편이나 가계수입 등 개인의 생활과 관련된 것에서는 부정적인 가계가 많았다,0,0.8542262315750122,0.5970619916915894,3,48,5,1,False,False,True
['일자리 5만4천개 창출'],"한편 이날 회의에서는 청년실업률 현황과 대책(부산시), 최근 고용동향과 대책(강원도), 희망의 집수리 사업(포항시), 일자리센터를 중심으로 한 구인구직 만남의 장(아산시) 등 4개 지자체의 사례발표가 있었다./",대통령 주재로 열린 제3차 국가고용전략회의 3월 4일 후속조치 실행 계획을 마련하고 실행계획이 자치단체 차원에서 이행될 수 있도록 지자체 지역일자리 창출 평가계획을 수립했다,1,0.4332363605499267,0.4014226496219635,3,37,3,1,False,False,True
['美 3월 신규고용자 24.5만명 예상…지표 우려 덜 것'],"[© 뉴스1코리아( news1.kr ), 무단 전재 및 재배포 금지] [© 뉴스1코리아( news1.kr news1.kr), 무단 전재 및 재배포 금지]",취업자 수가 전망치 수준을 보인다면 경기가 계절적 요인이 아니라 펀더멘털 기초체력 하게 둔화됐다는 논쟁은 자취를 감출 것이다,1,0.5386232137680054,0.6837097406387329,8,26,2,0,False,False,True
['일본식 장기불황 가능성'],이수진기자 lulu@,경제상황 아직 위기,1,0.4976130127906799,0.5870240926742554,3,17,4,1,False,False,True
['빈 사무실 요즘 많이 줄었네'],한편 지난해 꾸준한 상승세를 보였던 서울지역 사무실 공실률은 하락세로 돌아섰다.,내수경기의 회복 기대감으로 기업들의 체감경기가 좋아졌지만 실물경기가 회복될지는 시간을 두고 지켜봐야 할 것,1,0.269553542137146,0.5303869843482971,5,44,5,1,False,False,True
['EITC 검토 중'],한 부총리는 이날 개최된 열린우리당 민생경제특별위원회 출범식 축사를 통해 “소득양극화현상이 심화됨에 따라 근로빈곤층에 대한 사회적 보호가 필요하다는 점을 정부도 인식하고 있다”며 “소득보전과 일을 통한 빈곤탈출 지원을 위해 EITC의 도입 타당성을 검토중”이라고 말했다.,소득보전과 일을 통한 빈곤탈출 지원을 위해 의 도입 타당성을 검토중,0,0.3109836876392364,0.5755566358566284,3,62,0,0,True,False,False
['대세상승 변함없다'],지금은 조정기에 들어간 상태에서 급락에 따른 반등 정도로 해석하고 있다는 것이다.,주식시장의 단기반등이 지금 당장 랠리로 이어질 것으론 보지 않습니다 그러나 장기적으론 대세상승이란 시각엔 변함이 없습니다 지금은 건강한 조정국면으로 보고 있습니다 ,0,0.5525168180465698,0.5291380882263184,2,46,4,1,False,False,True
['일본 뚫어라'],"// flash 오류를 우회하기 위한 함수 추가 function _flash_removeCallback() {} 한국무역협회, '도쿄국제포럼'서 한국상품 전시·상담회 진행 한국무역협회, '도쿄국제포럼'서 한국상품 전시·상담회 진행 한국무역협회가 14일 국내 중소기업의 일본 시장 진출 확대를 위해 도쿄 치요다구 도쿄국제포럼에서 '2015 도쿄 한국상품 전시·상담회'를 시작했다고 밝혔다.",최근 원고 엔저 현상으로 수출 채산성이 나빠진 가운데 올해는 2월까지 대일 수출이 21 4 퍼센트 나 감소하는 등 여건이 좋지 않으나 아베노믹스로 인해 실업률이 감소하고 일본 기업의 이익률이 개선되고 있어 점차 대일 수출 여건이 나아질 전망,1,0.4310546219348907,0.3696404099464416,2,55,6,1,True,False,False
['당장 경기침체 가능성은 낮다'],당장 경기가 침체한다고 보기도 어렵다는 판단이다.,장단기 금리차 역전이 경기침체를 예고하는 유의미한 지표인 것은 사실이지만 수급변수가 작용할 때는 예측력이 떨어질 수 있다,0,0.7009629011154175,0.7324363589286804,4,70,3,1,False,False,True
['정부기조 확 바뀌어야 내수 회복 가능'],"메릴린치는 ""따라서 정부의 대중영합적 기조가 확 바뀌지 않는 한 내수 회복의 턴어라운드가 현실화될 지 의심스럽다""고 꼬집었다.","따라서 정부의 대중영합적 기조가 확 바뀌지 않는 한 내수 회복의

 턴어라운드가 현실화될 지 의심스럽다",0,0.8180674314498901,0.5694131851196289,6,70,2,0,False,False,True
['美 경제 주식거품에서 부동산버블로...'],27일 모건스탠리 스티븐 로치 분석가는 미국 경제에 대해 5년전 주식버블이 부 동산 거품으로 넘어온 것이라고 평가하고 경상적자 조정과 함께 심각한 위협 요 인이 되고 있다고 지적했다.,"버블을 기반으로 한 미국 경제는 저축률을 떨어뜨리고 경상적자를 날로

 부풀리게 하고 있다",1,0.6552744507789612,0.6238052248954773,4,53,4,1,False,False,True
['체감경기 계속 악화'],// flash 오류를 우회하기 위한 함수 추가 function _flash_removeCallback() {} (전주=연합뉴스) 홍인철 기자 = 전북지역 제조업체의 체감경기가 갈수록 나빠지고 있다.,상반기를 거치면서 내수 경기가 점차 살아남에 따라 기업들의 체감경기도 나아질 것으로 예상된다,1,0.3880329132080078,0.2465862333774566,3,23,4,1,False,False,True
['기업 체감경기 3분기도 호조'],[김대영 기자][매일경제 핫뉴스] • 부풀려진 `코리아 디스카운트`• 새내기 자문사 폭락장서 더욱 `빛난다`…60% 수익• 중국인들 한국 3D기술에 빠져• 삼성 스마트폰 `갤럭시` 통신3사 모두 판다• 빈볼 자초한 이대형?,남유럽 재정위기와 원자재 가격 상승 등이 불안 요인으로 작용하고 있는 만큼 기업들의 원가 부담을 줄여주고 금융시장을 안정시키는 정부의 노력이 필요하다,1,0.4556337893009186,0.9174433946609496,4,62,4,1,False,False,True
['부채증가로 세계경제 위기올수도'],"BIS는 ""지난해 미국의 경상적자는 국내총생산(GDP)의 5.7%에 달했다""면서 ""이 같은 막대한 경상적자는 달러 약세와 금융시장 위기로 이어져 결국 불황을 초래할 것""이라고 경고했다.",국내외 부채가 세계 경제와 금융시장 위기를 고조시키고 있다,0,0.867414116859436,0.6342566013336182,3,37,5,1,False,False,True
['경기회복 상당시간 걸릴것'],"[서울신문]한국은행 금융통화위원회 위원들은 실물경제가 회복되기까지는 상당한 시간이 걸리고, 특히 고용상황 악화가 경기회복에 걸림돌이 되고 있다고 진단한 것으로 나타났다.",실물경제 측면에서 나아지리라는 기대와 달리 실적은 좋지 않은 것으로 나타나 실물경제가 회복되기까지는 상당한 인내를 갖고 기다려야 할 것으로 생각된다 ,0,0.6593913435935974,0.4010787010192871,3,34,1,0,False,False,True
['청년 일자리사업 전면 재정비'],"최경환 부총리 겸 기획재정부 장관은 28일 강원대에서 '청년고용·교육개혁'을 주제로 간담회를 열고 ""청년 고용절벽 문제에 대응하기 위해 범정부 차원의 종합대책을 오는 7월 중 발표하겠다""고 밝혔다.",단기간에 청년 일자리를 늘릴 수 있는 분야에 대해서는 애로사항을 찾아 해소해줄 것,0,0.8337920904159546,0.3320246040821075,4,55,3,1,False,False,True
"['美 소 값, 8월까지 5.2% 떨어질 전망']",[아시아경제 증권방송] - 무료로 종목 상담 받아보세요 강미현 기자 grobe@,4분기에는 공급이 줄어들면서 현물 소 가격이 파운드당 1달러로 반등할 것,1,0.5534766912460327,0.8346015810966492,7,22,4,1,False,False,True
['한국 성장률 하향조정'],OECD는 24일 발표한 2005년 상반기 경제전망보고서를 통해 “올해 한국경제의 민간 소비는 점차 개선되겠지만 수출 증가율이 둔화될 것”이라면서 “한국의 올해 성장률 전망치를 4.5%에서 4.3%로 낮췄다”고 말했다.,한국의 올해 성장률 전망치를 4 5 퍼센트 에서 4 3 퍼센트 로 낮췄다,0,0.8792850971221924,0.2520526051521301,3,61,2,0,False,False,True
['현재 후보군중 차기 대통령 나올 것'],조세일보 / 이동석 기자,전혀 엉뚱한 사람이 아닌 지금 거론되는 후보들 중에서 대통령이 나올 것으로 본다,0,0.8792691230773926,0.8963028192520142,6,21,4,1,False,False,True
['유가인상보다 환율절상이 문제'],"(서울=연합뉴스) 이 율 기자 = 한덕수 부총리 겸 재정경제부 장관은 17일 ""우리 경제가 배럴당 51달러 수준으로 올라간 유가인상의 충격을 생각보다 잘 견디고 있다""면서 ""오히려 환율절상이 기업의 수출에 있어 매출증가율이나 경상이익률에 영향을 주는 게 더 크다""고 말했다.",오히려 환율절상이 기업의 수출에 있어 매출증가율이나 경상이익률에 영향을 주는 게 더 크다,0,0.5914338827133179,0.5988590717315674,3,52,1,0,False,False,True
['종투계획 차질 규제 완화로 해결한다'],"특히 수도권 3대 신도시(판교, 파주, 김포)에 농지 규제 등 장애물을 제거해야 한다고 강조했다.",의료와 교육 관광 등에 있어 진입장벽과 같은 규제를 해소해 나갈 것,1,0.6314544677734375,0.5425811409950256,5,53,6,1,True,False,False
['하반기 국고3년 3.7-4.8% 전망..금리인상 논쟁'],"27일 이재형 삼성선물 연구원은 '하반기 금리전망' 자료를 통해 ""저성장 국면속 에서 하반기에도 경기전망이 낙관적이지 않겠지만 내수회복 여건이 개선될 것이고, 부동산변수가 버블 위험을 논하기는 이르지만 금리인하보다 금리인상에 대한 논쟁이 활발해 질 것""으로 추정했다.","하반기 국고채 3년물 지표금리는 4 퍼센트 대 등락이 있을 것이며 금리 상단과 하단은

각각 4 8 퍼센트 와 3 7 퍼센트 수준이 될 것",0,0.7637982368469238,0.5637556314468384,5,98,3,1,False,False,True
"[""3분기 BSI '124'···호조세 이어져""]","27일 대한상공회의소가 최근 전국 1564개 제조업체를 대상으로 실시한 '2010년 3/4분기 기업경기전망 조사' 결과에 따르면, 3분기 기업경기실사지수(BSI) 전망치가 '124'로 집계됐다고 밝혔다.",최근 남유럽 재정위기와 원자재 가격상승 등이 불안요인으로 작용하고 있는 만큼 정부의 적극적인 노력이 필요하다,1,0.2962099611759186,0.385123461484909,4,36,2,0,False,False,True
['세계경기 둔화로 수요 부진 지속...경쟁력 강화 필요'],"무협은 ""2분기 전망지수가 1분기와 비슷한 수준을 유지했다""며 ""세계경기 둔화에 따른 수요 부진이 당분간 지속될 전망이므로 제품 경쟁력과 수출 마케팅 강화 등 어려운 수출여건 극복을 위한 기업들의 노력이 필요하다""고 밝혔다.",세계경기 둔화에 따른 수요 부진이 당분간 지속될 전망이므로 제품 경쟁력과 수출 마케팅 강화 등 어려운 수출여건 극복을 위한 기업들의 노력이 필요하다,0,0.8042316436767578,0.552518904209137,7,39,0,0,True,False,False
['7월 중 청년 고용절벽 대책 발표'],이날 최 부총리는 간담회에 앞서 강원도 춘천에 있는 네이버 데이터센터 '각'을 방문했다.,청년고용에 대한 구조적 접근과 함께 미시적 접근을 강화하겠다,1,0.7510308027267456,0.4157233238220215,6,52,4,1,False,False,True
['성장 유지하며 재정 적자 감축'],"성명은 ""신뢰성있고 투명한 중기 재정 강화책을 개발하는 것이 중요하다""면서 ""우리는 성장을 해치지 않는 방식으로 이들 방안을 이행할것""이라고 강조했다.",우리는 성장을 해치지 않는 방식으로 이들 방안을 이행할것,0,0.6244739294052124,0.5699750185012817,5,59,3,1,False,False,True
['美 5월 고용지표 호조로 연내 금리인상 가능성 강화'],노정동 한경닷컴 기자 dong2@hankyung.com,미국 5월 고용지표가 질적 양적으로 호조를 보이면서 연내 기준금리 인상에 대한 기대감이 한층 강화됐다,0,0.8648614883422852,0.6078997850418091,8,38,3,1,False,False,True
"['원·달러 환율, 美 고용 호조에 1120원대 출발 전망']",채선희 한경닷컴 기자 csun00@hankyung.com,13원 가량 오른 역외 환율을 반영해 원 달러 환율은 1120원 초반대에서 출발할 것,0,0.7312576770782471,0.6256865859031677,8,10,2,0,False,False,True
"['美연준, 금융위기 이후 물가보다 고용 중시']",김진일 고려대 경제학과 교수는 1일 명동 은행회관에서 '거시경제와 금융의 새로운 패러다임'을 주제로 한국금융연구원·한미경제학회·한미재무학회가 공동주최한 심포지엄에 첫 주제발표자로 참석해 이처럼 말했다.,인플레이션과 실업률에 더해 연준이 경기순환 주기에도 반응한다는 증거를 찾아냈다,1,0.5715405344963074,0.5248650312423706,6,59,2,0,False,False,True
['불황 지속·심화'],2014.4.11 울산상공회의소 전경 (울산=연합뉴스) 울산 상공회의소 전경 DB.,세계 각국의 수출장려 정책과 공급 과잉으로 경쟁이 심화한 가운데 소비심리 위축으로 내수부진까지 겹쳐 경제 효율성과 역동성이 저하하고 있다,1,0.4054972231388092,0.7920878529548645,2,33,4,1,False,False,True
['대학학과 정원조정 지원'],세종=조슬기나 기자 seul@asiae.co.kr 춘천(강원)=오종탁 기자,전공별 중장기 인력수급 전망을 통해 대학 학과와 정원 조정을 지원하겠다,0,0.5238478183746338,0.7147600054740906,3,30,4,1,False,False,True
"['청년 고용절벽, 범정부 차원 종합대책 7월 중 발표']",최경환 경제부총리 겸 기획재정부 장관은 28일 강원 춘천시 강원대에서 열린 ‘청년고용 교육개혁’ 간담회에서 “청년 고용절벽 문제에 대응하기 위한 범정부 차원의 종합대책을 7월 중 발표하겠다”고 밝혔다.,청년 고용절벽 문제에 대응하기 위한 범정부 차원의 종합대책을 7월 중 발표하겠다,0,0.8894901275634766,0.3990322053432464,8,78,0,0,True,False,False
"['美장단기 금리차 역전, 경기침체로 보기 어려워']","안기태 연구원은 ""지난 22일 미국 뉴욕 채권시장에서 10년물 금리가 3개월물 금리를 밑돌았다""며 ""이런 장단기 금리차 역전이 경기침체를 예고하는 유의미한 지표인 것은 사실이나 수급 변수가 작용할 때는 예측력이 떨어질 수 있다""고 지적했다.",이런 수급 요인을 고려하면 장단기 금리차 역전을 두고 미국 경기가 당장 침체로 돌입한다고 보기는 어렵다,0,0.8318595886230469,0.5579363107681274,6,78,2,0,False,False,True
['유로존 위기에서 독일은 빛났다'],"(서울=연합뉴스) 홍정규 기자 = LG경제연구원 이서원 책임연구원은 30일 `독일 경제가 위기에 강한 이유' 보고서에서 ""유로화 위기를 계기로 독일의 경제 운영 성과가 돋보이고 있다""고 평가했다.",유로화 위기를 계기로 독일의 경제 운영 성과가 돋보이고 있다,0,0.7820556163787842,0.7201826572418213,4,47,1,0,False,False,True
['하반기 잠재성장률 수준 성장'],김진우 기자 bongo79@,하반기는 전년도의 기저효과 등으로 성장률이 다소 낮아지겠지만 잠재성장률 수준의 회복세를 이어갈 것,0,0.7573914527893066,0.6876091957092285,4,38,4,1,False,False,True
['경제성과가 견인'],[내 삶을 바꾸는 정치뉴스 'the 300'] [내 삶을 바꾸는 정치뉴스 'the 300'] ['스페셜 걸' 포토] ['스페셜 걸' 포토] [Ten Lines News 티타임즈] [Ten Lines News 티타임즈] [입법국정전문지 더리더(the Leader)] [입법국정전문지 더리더(the Leader)] ['취업의 모든 것' 잡드림 ] ['취업의 모든 것' 잡드림 ] 세종=김민우 기자 minuk@,대부분의 20 국가는 경제성과 부문에서 순위가 하락한 것과 달리 한국의 경우 경제혁신과 거시정책 추진으로 다른 주요국에 비해 우월한 경제성과로 순위가 상승했다,1,0.4847748279571533,0.5452038645744324,2,56,3,1,False,False,True
"['한국, 기존 성장전략 재편 불가피']","// flash 오류를 우회하기 위한 함수 추가 function _flash_removeCallback() {} 상의 초청 세미나 ""교육만으론 부족…일을 통한 학습기회 제공해야"" (서울=연합뉴스) 이승관 기자 = 노벨 경제학상 수상자인 폴 로머 미국 뉴욕대 교수는 27일 ""한국은 지난 수십 년간 고성장, 높지 않은 실업률, 활발한 소득계층 이동성을 바탕으로 고성장을 이뤄냈지만 최근 성장 속도가 둔화돼 기존 성장전략을 재편하는 게 불가피해졌다""고 말했다.",한국은 지난 수십 년간 고성장 높지 않은 실업률 활발한 소득계층 이동성을 바탕으로 고성장을 이뤄냈지만 최근 성장 속도가 둔화돼 기존 성장전략을 재편하는 게 불가피해졌다,0,0.8154094815254211,0.3581567406654358,5,72,0,0,True,False,False
['美 9월 금리 인상 가능성 50%'],블룸버그 통신이 지난 5일부터 9일까지 이코노미스트들을 대상으로 설문조사를 실시한 결과 9월 미국의 금리 인상 가능성이 50%로 나타났다고 9일(현지시간) 보도했다.,실업률이 5 퍼센트 에 가까이 갈 필요가 있다,1,0.5275108814239502,0.2476650178432464,6,73,3,1,False,False,True
['공익 위해 사유재산 침해가능'],대법원은 재개발 프로젝트가 일자리 확대 또는 상업 활성화 등을 가져올 경우 이는 빌딩을 짓거나 도로를 내는 것과 같이 공공적인 이용에 해당한다고 판결했다.,경제개발이라는 명목 아래 모든 사유재산권이 정부에 의해 취득돼 다른 민간 소유자에게 넘어가는 데 취약한 상황,1,0.6863422989845276,0.2610288262367248,4,62,6,1,True,False,False
['스페인 경제 올해 3.1% 성장…실업률은 너무 높아'],"IMF는 이날 발표한 스페인 경제 보고서에서 올해 스페인 경제가 3.1%, 내년에는 2.5% 각각 성장할 것으로 전망했다.",국민당이 정권을 잃게 되면 스페인의 경제 회복이 어려워질 것,1,0.6180781126022339,0.6754593849182129,7,41,5,1,False,False,True
['경제 나빠졌다'],현 경제상황을 묻는 질문에 일반국민의 61.1%는 “계속 어려운 국면”이라고 답한 반면 전문가의 64.3%가 “회복국면”이라고 얘기했다.,회복국면,1,0.44727823138237,0.4634981155395508,2,39,6,1,True,False,False
['지속성장은 질적 변화에 달려'],"그는 ""경제의 지속성장은 노동, 자본 같은 양적 투입보다 인적자본, 기술력 같은 질적 변화에 달려있다""고 강조했다.",경제의 지속성장은 노동 자본 같은 양적 투입보다 인적자본 기술력 같은 질적 변화에 달려있다,0,0.7109955549240112,0.6392213702201843,4,88,1,0,False,False,True
['中企 제조업·수출 부진…고용은 큰 폭 개선'],"연구원은 이와 함께 CDS(신용부도스와프) 프리미엄이 금융위기 이후 최저수준을 기록한 것은 한국경제에 대한 신뢰도가 높아지고 있다는 의미이며 이는 경상흑자 지속, 외채상환능력 향상, 대외포지션 강화 등에 따른 대외 건전성 개선에 따른 것이라고 분석했다.",다만 잠재성장률 저하 가계부채 증가 등이 한국경제의 불안 요인으로 부각되는 상황에서 최근 북한 비핵화 향방의 불확실성이 확대되고 대외 리스크도 여전히 남아 있어 변동성 위험에 유의할 필요가 있다,1,0.285141110420227,0.3007729649543762,6,64,3,1,False,False,True
['경기 개선세…하반기 성장률 3.4%'],"연합뉴스TV 제보:02-398-4409,",경기 개선세 하반기 성장률 3 4 퍼센트 ,1,0.9384946823120116,0.4493790864944458,4,4,2,0,False,False,True
"['트럼프 감세정책, 길어야 2년 간다']","24일 중국 베이징에서 열린 중국개발포럼에 참석한 에드먼드 펠프스 미국 컬럼비아대 교수는 미 경제방송 CNBC에 출연, ""트럼프 행정부의 감세정책으로 미 경제가 부양된 것은 맞지만 효과가 계속 지속될 수는 없다""며 이같이 밝혔다.",감세 정책으로 인한 견고한 미 경제는 앞으로 최대 2년까지밖에 유지되지 않을 것,0,0.698706328868866,0.4374450445175171,5,91,2,0,False,False,True
['저금리로 인한 부채증가 경고'],"윌리엄 화이트 BIS 통화 및 경제 부문 대표는 ""한 가지 분명한 답은 금리를 올리는 것""이라며 ""이를 통해 빚을 내서 소비하는 것을 막고 자산가격 거품을 줄여야 한다""고 지적했다.",이를 통해 빚을 내서 소비하는 것을 막고 자산가격 거품을 줄여야 한다,1,0.6186325550079346,0.6129547953605652,4,62,3,1,False,False,True
['남북관계 경색에도 6월 기업경기전망 좋아'],특징주!' ▶ (머니마켓) '한발 빠른 모바일 종목' 체험 접수 중 김훈남기자 hoo13@,월드컵 효과 환율상승 등에 힘입어 108 9,1,0.3377003371715545,0.9105006456375122,5,23,3,1,False,False,True
['유럽발 악재 불구 3Q 경기호전 기대감 지속'],특징주!' ▶ (머니마켓) '한발 빠른 모바일 종목' 체험 접수 중 성연광기자 saint@,기업들의 수출증가와 실적개선으로 체감경기가 지속적으로 호전되고 있는 상황,1,0.2307839095592498,0.9246666431427002,7,23,2,0,False,False,True
['한국 주식시장 향후 3년간 상승세 계속'],"임태섭 골드만삭스증권(GS) 전무는 17일 전경련회관에서 열린 국제경영원 월례조찬회에서 ""한국 주식 시장은 천천히 제자리를 찾아가는 과정""이라며 ""과거와 같은 급등과 급락은 없을 것""이라 전망했다.",한국 주식 시장은 천천히 제자리를 찾아가는 과정,1,0.7993696928024292,0.2577284574508667,6,56,5,1,False,False,True
['세계경제 회복세 취약… 금융안정성 조치 강화'],○ “안주할 여유 없다” 로이터통신 등에 따르면 그린피스가 입수해 이날 공개한 성명서 초안은 “세계 많은 나라에서 경제회복 조짐을 보이고 있지만 현재의 회복세는 불균등하고 취약하며 실업률은 받아들이기 힘들 정도로 높다”고 명시했다., 그리스 같은 일부 국가의 재정위기가 세계 경제 회복에 심각한 위협을 주고 있다,0,0.7183697819709778,0.4649606347084045,6,69,4,1,False,False,True
['취업과 학사 취득 둘 다 잡는다'],"아우스빌둥 프로그램에 참여한 학생은 학교와 회사를 번갈아 다니며, 이 과정을 마치면 전문대 학사 학위를 받고 해당 직장에 계속 근무할 수 있다.",청년실업률이 날로 높아가고 있는 요즘 아우스빌둥 같은 제도가 잘 운용되면 청년들에게 안정적인 일자리를 제공할 수 있는 획기적인 계기가 될 수 있다,1,0.5720580816268921,0.5399215221405029,6,59,2,0,False,False,True
"['금융시장 혼란 불구, 韓 경제에 타격 없다']",[이데일리 최한나 기자] 메릴린치증권은 27일 최근 금융시장 변동성이 심해지고 있지만 경제 성장을 해칠 만한 수준은 아니라고 진단했다.,남북간 정치적 긴장이 고조되면서 투자심리가 흔들리고 원화가 강한 약세 압력을 받고 있다,0,0.5655742883682251,0.6750502586364746,7,39,4,1,False,False,True
['완화적 통화정책 기조 유지…미중 무역협상·중국경기 관건'],"// flash 오류를 우회하기 위한 함수 추가 function _flash_removeCallback() {} [머니투데이 안재용 기자] [이주열 한은 총재, 국회 기획재정위원회 출석] 이주열 한국은행 총재/사진=이동훈 기자 이주열 한국은행 총재/사진=이동훈 기자 이주열 한국은행 총재/사진=이동훈 기자이주열 한국은행 총재가 25일 ""향후 통화정책은 우리 경제의 안정적 성장을 뒷받침할 수 있도록 완화기조를 유지하며 새로 입수되는 지표를 바탕으로 성장과 물가흐름, 금융안정 상황을 점검해 운영하겠다""고 말했다.",앞으로 세계경제 둔화 추이가 이어질 전망이나 그 정도는 미중 무역협상과 중국 경기 브렉시트에 크게 영향받을 것,0,0.7425400614738464,0.4790969491004944,6,86,2,0,False,False,True
['물가안정+성장체감'],"- 거시정책 정상화, 물가안정 통한 서민지원 일환- 청년 등 취약계측 고용지원 강화..""윗목까지 회복""[이데일리 김재은 기자] 정부가 24일 발표한 `2010년 하반기 경제운용방향`의 화두는 '친서민 정책기조 강화'로 요약된다.",대내외 불확실성과 체감경기 개선이 충분하지 않다는 점과 물가압력에 선제적으로 대응할 필요성 등 양쪽을 균형있게 고려하겠다,1,0.6789065599441528,0.6472294330596924,1,47,6,1,True,False,False
['청년 1명 더 채용운동 추진…13만명 신규 일자리 창출'],박성택 중소기업중앙회장 은 지난 9일 취임 100일을 맞아 서울 여의도 63빌딩에서 기자간담회를 열어 이런 계획을 밝혔다.,청년 1명 더 채용하기 등으로 일자리 창출에 적극 나서겠다,1,0.8170874118804932,0.4151654243469238,8,47,3,1,False,False,True
['외환보유액 민간활용 중장기 검토'],"월례금융협의회서 은행장들 한은에 건의 (서울=연합뉴스) 유창엽기자= 박승 한국은행 총재는 20일 외환보유액의 민간활용방안을 중장기 과제로 검토하겠다""고 밝혔다."," 

 박 총재는 이날 오전 한은에서 열린 월례금융협의회에서 참석한 시중은행장들로부터 최근 사태 등으로 국내은행의 해외자금 조달여건이 다소 악화됐다며 외국에서 외화자금을 조달하는 대신 한국은행의 보유외환을 활용하는 방안을 건의받고 이같이 말했다 

 은행장들은 또 ",1,0.5479084849357605,0.542941689491272,4,44,1,0,False,False,True
['동영상 판매에 역량집중'],"김대표는 경기전망과 관련, ""올 하반기 풀릴 것으로 봤는데 북핵 변수로 인해 더뎌질 것으로 보인다""며 ""북핵문제가 잘 풀리면 경기도 좋아질 것""이라고 내다봤다.", 와 인터넷의 컨버전스 시대가 오면서 앞으로 동영상으로 소비자를 설득 판매하는 비즈니스 모델에 역량을 더욱 집중해 나갈 것,0,0.7305355668067932,0.3330715894699096,3,65,3,1,False,False,True
['느린 경기회복이 더 낫다'],[edaily 강종구기자] 국내 은행장들은 경기가 빠른 속도로 회복되기 보다는 서서히 회복되는 것이 오히려 낫다고 밝혔다.,서서히 회복되는 것이 오히려 구조조정과 견실한 경기회복에 도움이 될 것,0,0.7557653188705444,0.4988948106765747,4,30,0,0,True,False,False
"['한국 올 성장률, 4.5%에서 4.3%로 하향조정']","OECD는 24일 발표한 '2005년 상반기 경제전망보고서'를 통해 ""올해 한국경제의 민간 소비는 점차 개선되겠지만 수출 증가율이 둔화될 것""이라며 하향조정의 근본 원인을 수출에서 찾았다.",올해 한국경제의 민간 소비는 점차 개선되겠지만 수출 증가율이 둔화될 것,1,0.6785619258880615,0.3114753365516662,6,53,3,1,False,False,True
['한국정부 경기진작 노력 소홀'],"앤디 시에 모건스탠리 애널리스트는 “원화강세와 고유가, 세계경제 성장둔화 등 한국 경제가 직면한 불안요인을 극복하기 위해 보다 공격적인 경기확장정책이 필요하지만 한국은 경기낙관에 젖어 적절한 조치를 취하지 않고 있다”고 말했다.",원화강세와 고유가 세계경제 성장둔화 등 한국 경제가 직면한 불안요인을 극복하기 위해 보다 공격적인 경기확장정책이 필요하지만 한국은 경기낙관에 젖어 적절한 조치를 취하지 않고 있다,0,0.7058217525482178,0.3190079927444458,4,84,6,1,False,True,False
"['유통업체, 3분기 경기 기대반 우려반']",[머니투데이 이정배 기자]유통업체들의 경기호전에 대한 기대가 전분기보다 다소 낮아진 것으로 나타났다.,유통업체들은 아직까지 경기회복 기대감을 버리지 않고 있으나 대부분의 업태에 있어 전망지수가 하락하는 등 불안한 상태,0,0.7180370092391968,0.4805961847305298,5,41,1,0,False,False,True
['우리경제의 위험과 희망'],"(서울=연합인포맥스) 이성규기자= ""우리 경제는 위험요소 3가지를 안고 가고 있 지만 희망적인 요소도 3가지가 있다"" 박승 한국은행 총재는 24일 경복고등학교 일일교사로 출강한 자리에서 ""우리 경 제의 희망과 위험이 공존하는 과도기적 과정에 놓여 있다""며 이같이 밝혔다.","우리 경제는 위험요소 3가지를 안고 가고 있

지만 희망적인 요소도 3가지가 있다",0,0.7879828810691833,0.7362090349197388,3,49,3,1,False,False,True
['한국 물가상승세 지속'],"OECD는 “한국은 세계에서 9번째규모의 수출국가로 세계교역이 부진하거나 원화가치 변동이 있을 경우 순수출이 영향을 받을 위험이 존재한다”면서 “중소기업 구조조정 속도와 시기, 부채비율이 높은 가계가 소득증가분을 빚을 갚는 데 사용하면 소비 등 회복이 둔화될 수 있다”고 지적했다.",한국은 세계에서 9번째규모의 수출국가로 세계교역이 부진하거나 원화가치 변동이 있을 경우 순수출이 영향을 받을 위험이 존재한다,1,0.5386875867843628,0.2836226224899292,3,42,5,1,False,False,True
['고용주·구직자 미스매치 해소땐 60만명에 일자리 찾아줄수 있다'],"한은 관계자는 ""이번에 계산한 지수를 실업자 통계에 적용할 경우 구인자와 구직자 간 미스매치를 해소하면 약 60만명의 실업자에게 일자리를 찾아줄 수 있는 것으로 계산됐다""고 말했다.",이번에 계산한 지수를 실업자 통계에 적용할 경우 구인자와 구직자 간 미스매치를 해소하면 약 60만명의 실업자에게 일자리를 찾아줄 수 있는 것으로 계산됐다,0,0.8611111044883728,0.7405893802642822,7,49,0,0,True,False,False
['유가보다 환율이 문제'],"한덕수 부총리 겸 재정경제부장관은 ""유가 상승보다는 환율 절상이 더 큰 문제""라고 밝혔습니다.",유가 상승보다는 환율 절상이 더 큰 문제,0,0.9033814072608948,0.7295841574668884,3,41,0,0,True,False,False
['수출부진 영향 본격화'],"전경련 홍성일 재정금융팀장은 “기업경기실사지수가 떨어진 것은 수출 부진 영향이 본격화된 것으로 보인다”며 “세계경기회복 지연, 주요국 통화 약세 등 일시적 요인과 중간재 무역 한계, 노후화된 수출 품목, 중국과 경쟁 등 구조적 요인이 복합적으로 작용하고 있어 수출 활성화 대책이 필요한 시점”이라고 말했다.",기업경기실사지수가 떨어진 것은 수출 부진 영향이 본격화된 것으로 보인다,0,0.853650689125061,0.1614998281002044,3,53,1,0,False,False,True
['청년 일자리사업 고용 효과 높이게 전면 재검토'],최 부총리는 28일 강원대에서 ‘청년고용·교육개혁’을 주제로 간담회를 열고 “청년 고용절벽 문제에 대응하기 위한 범정부 차원의 종합 대책을 7월에 발표하겠다”며 이렇게 밝혔다.,청년고용에 대한 구조적 접근과 함께 미시적 접근을 강화하겠다,0,0.7898126840591431,0.4024350047111511,7,83,2,0,False,False,True
['청년 1명 더 채용운동 13만개 일자리 제공'],박성택 중소기업중앙회장 사진 사진>은 9일 취임 100일을 맞아 서울 여의도 63빌딩에서 기자간담회를 열어 이런 계획을 밝혔다.,청년 1명 더 채용하기 등으로 일자리 창출에 적극 나서겠다,1,0.7105684876441956,0.5126867294311523,7,47,3,1,False,False,True
['기업 체감경기 3분기도 호조 전망'],(서울=연합뉴스) 이동경 기자 = 기업체감경기가 3.4분기에도 호조세를 이어갈 것으로 전망됐다.,남유럽 재정위기와 원자재 가격 상승 등이 불안 요인으로 작용하고 있는 만큼 기업들의 원가 부담을 줄여주고 금융시장을 안정시키는 정부의 노력이 필요하다,1,0.4379964172840118,0.7379661798477173,5,25,3,1,False,False,True
"['한국, 기존 성장전략 재편 불가피']","로머 교수는 27일 서울 남대문 상의회관에서 열린 ‘혁신성장, 한국경제가 가야 할 길’을 주제로 한 세미나에서 “한국은 지난 수십 년간 고성장, 높지 않은 실업률, 활발한 소득계층 이동성을 바탕으로 매우 빠른 경제발전을 이뤄냈지만 최근 성장 속도가 과거에 비해 현저히 둔화되어 기존 성장전략을 재편하는 것이 불가피해졌다”고 지적했다.",한국은 지난 수십 년간 고성장 높지 않은 실업률 활발한 소득계층 이동성을 바탕으로 매우 빠른 경제발전을 이뤄냈지만 최근 성장 속도가 과거에 비해 현저히 둔화되어 기존 성장전략을 재편하는 것이 불가피해졌다,0,0.8083751201629639,0.3372641503810882,5,90,0,0,True,False,False
['경기회복 온기 서민경제로 확산중'],"[관련기사] ☞ 윤증현 ""年성장률 5.8% 이상 될수도 있어"" ☞ 윤증현 장관 ""하반기 잠재성장률 수준 성장"" ☞ 윤증현 ""공공요금 인상요인 최대한 흡수"" ☞ 윤증현 ""전기·가스료 공공요금 순차적 인상"" ☞ 윤증현 ""어윤대씨, 은행 근무 이력 꼭 필요한 것은 아니다"" [아시아경제 증권방송] - 무료로 종목 상담 받아보세요 - 1등 당첨자들의 성공전략은?",현재 경기회복의 온기가 사방으로 퍼져나가고 있다고 확신한다,0,0.6626306772232056,0.8649652004241943,4,67,5,1,False,False,True
['美기준금리 인상은 내년 하반기에나'],"【서울=뉴시스】박대로 기자 = ""미국 연방기금 금리 인상은 내년 하반기에나 이뤄질 가능성이 크다."" 김성노 KB투자증권 이사는 24일 서울 여의도에서 열린 기자간담회에서 미국이 쉽사리 연방기금 금리를 올리지 못할 것이라고 전망했다.",미국 연방기금 금리 인상은 내년 하반기에나 이뤄질 가능성이 크다 ,0,0.9021503925323486,0.7628031969070435,4,50,1,0,False,False,True
['잠재성장률 수준 회복세 전망'],"(서울=연합뉴스) 김준억 기자 = 윤증현 기획재정부 장관은 24일 ""하반기에는 전년도의 기저효과 등으로 성장률이 다소 낮아지겠지만 잠재성장률 수준의 회복세를 이어갈 것으로 예상된다""고 밝혔다.",하반기에는 전년도의 기저효과 등으로 성장률이 다소 낮아지겠지만 잠재성장률 수준의 회복세를 이어갈 것으로 예상된다,0,0.8013999462127686,0.6736204624176025,4,43,2,0,False,False,True
['남북 갈등 일시적..韓 경제 타격 없다'],"이 증권사는 ""남북간 군사적 갈등이 고조되고 있으나 심각한 물리적 충돌이 있을 가능성은 낮다""며 ""단기적으로 군사적 갈등이 심해지면서 시장을 압박할 수는 있겠지만, 결국 남북간 대화 재개로 이어지면서 3분기를 넘기지 않을 것""이라고 내다봤다.",남북간 군사적 갈등이 고조되고 있으나 심각한 물리적 충돌이 있을 가능성은 낮다,0,0.5969384908676147,0.6916028261184692,6,76,5,1,False,False,True
['유가 상승보다 환율하락이 더 문제'],한덕수 부총리 겸 재정경제부 장관은 17일 국제 유가 상승보다 환율하락과 원화절상이 더 큰 문제라고 밝혔다.,현재는 환율 하락이 기업의 순익에 더 큰 영향을 미치고 있다,0,0.7194737792015076,0.755656898021698,5,49,2,0,False,False,True
"['韓성장전략 재편 불가피, 인적자본·기술력 변화에 달려']","Korea that is Rapid, Stable, and Inclusive)’를 주제로 발표에 나섰다.",한국은 지난 수십년간 고성장 높지 않은 실업률 활발한 소득계층 이동성을 바탕으로 매우 빠른 경제발전을 이뤄냈지만 최근 성장 속도가 과거에 비해 현저히 둔화돼 기존 성장전략을 재편하는 것이 불가피해졌다 ,0,0.8217076659202576,0.564376950263977,6,44,1,0,False,False,True
['올해 취업자 수 30만명 증가'],"【서울=뉴시스】서유정 기자 = 정부는 2010년 취업자수가 30만명, 내년에는 25만명 가량 증가할 것으로 전망했다.",2010년 고용부분은 연간 30만명 2011년은 25만명 가량 증가할 것,1,0.8532899618148804,0.7857601046562195,5,28,4,1,False,False,True
"['국가경쟁력, 노동·교육·금융 분야가 발목 잡는다']","// flash 오류를 우회하기 위한 함수 추가 function _flash_removeCallback() {} 기재부 'IMD 국가경쟁력 평가' 분석 【세종=뉴시스】안호균 기자 = 노동, 교육, 금융 분야가 한국의 국가경쟁력을 제약하는 요인으로 지목됐다.",경제혁신 3개년 계획 등 제도개선 노력이 기업 효율성 및 인프라 분야 등에서도 가시적인 성과를 구현했지만 노동 교육 금융 분야가 전반적인 순위 상승을 제약하는 측면이 있다,0,0.6642671823501587,0.6734012365341187,5,47,2,0,False,False,True
['정부 지출 줄이고 물가 안정 노력'],이에 따라 정부는 나랏돈의 쓰임새를 줄여가며 거시정책 기조를 정상화하기로 했습니다.,물가여건도 조금씩 어려워질 것으로 생각하고 있고요 거기에 맞추어서 예를 들면 여러 가지 저희가 물가공공요금이라든가 이런 물가관리를 선제적으로 대응을 하려고 생각하고 있고요 ,1,0.5515512228012085,0.7770868539810181,6,54,3,1,False,False,True
['더블딥 가능성 경고'],[아시아경제 증권방송] - 무료로 종목 상담 받아보세요 박형수 기자 parkhs@,경기부양조치를 중단하는 것은 이르다,1,0.4033811688423157,0.5456759929656982,3,27,6,1,True,False,False
['경기회복 내년 상반기 이후'],"심지어 일부 기업은 정부 정책의 불확실성, 부동산 버블에 따른 사회비용 증대 등이 적절하게 통제되지 못한다면 내년 말까지도 경기회복을 기대하기 힘든 ‘한국판 장기불황 가능성’을 우려하는 것으로 조사됐다.",내년 상반기 이후,0,0.764162003993988,0.1823055148124694,4,74,3,1,False,False,True
['거시정책 정상화… 서민에 정책 중점'],24일 하반기 경제정책방향 브리핑.,"하반기 경제 정책은 첫째 경기와 고용 물가 금융시장 상황등을 종합적으로 균형있게 고려해 거시정책기조를 점진적으로 정상해 나가도록 하겠다 

둘째 서민의 체감경기가 개선될 수 있도록 하는 데에 정책의 최우선 정책 노력을 다하겠다 먼저 서민들의 어려움을 들을 수 있도록 생활 현장을 꼼꼼히 챙겨보는 한편으로 물가과 서민생계비를 안정시켜 나가겠다 

여성 청년 노년층 등 고용취약계층이 보다 쉽게 일자리를 구할 수 있도록 민간부문의 고용창출능력을 높여나고 재정을 통한 일자리 사업을 내실화 해 나갈 것이다 경제성과가 취약부문으로 확산될 수 있도록 기업간 거래제도의 관행을 개선하고 중소기업의 경쟁력을 제고하고자 한다 사회안전망을 보완해 복지 사각지대를 축소하고 일과 교육을 통한 자활을 촉진해 나가겠다 

셋째 우리 경제가 대외충격에 견딜 수 있는 능력을 키우고 미디어 성장잠재력을 확충해 나가도록 하겠다 가계와 기업 재정의 건전성을 강화하고 부문별 구조조정 지속적으로 추진하고자 한다 또 녹색성장등 신성장동력산업의 기반을 확충하고 과보호 영역의 진입규제를 개선해 우리 경제의 생산성을 높여 나갈 계획이다 ",0,0.6741509437561035,0.7543501853942871,5,24,4,1,False,False,True
['연휴효과 소멸'],"ggm11@ [© 뉴스1코리아( news1.kr ), 무단 전재 및 재배포 금지] [© 뉴스1코리아( news1.kr news1.kr), 무단 전재 및 재배포 금지]",5월 연휴효과 소멸에 따른 내수 감소 환율변동에 따른 기업들의 채산성 악화로 인해 지수가 하락했다,0,0.3692334592342376,0.5553358793258667,2,28,5,1,False,False,True
['주택시장은 회복됐는데'],// flash 오류를 우회하기 위한 함수 추가 function _flash_removeCallback() {} [이데일리 정수영 기자] 주택경기가 회복되고 있지만 상장 건설사들의 수익성은 좀처럼 나아지지 않고 있다.,최근 주택경기 회복세에 따라 건설수주액이 증가하고 있지만 경영실적은 악화되고 있어 건설사들이 느끼는 체감경기는 여전히 침체된 상황,1,0.7029154300689697,0.6493138074874878,2,44,6,1,True,False,False
['감산 없다'],"[김덕식 기자] [ⓒ 매일경제 & mk.co.kr, 무단전재 및 재배포 금지]",생산량 한도를 동일하게 유지하기로 했다,0,0.0955841243267059,0.5892430543899536,2,22,1,0,False,False,True
['경제 회복세 뚜렷'],"// flash 오류를 우회하기 위한 함수 추가 function _flash_removeCallback() {} - ""소득·소비 모두 완연한 회복세"" - ""소득·소비 모두 완연한 회복세"" - ""소득·소비 모두 완연한 회복세"" [이데일리 송이라 기자] 기쿠오 이와타 일본중앙은행(BOJ) 부총재가 일본 경제의 회복세를 자신하며 추가 양적완화가 필요치 않다는 입장을 내비첬다.",소득 소비 모두 완연한 회복세,0,0.7748744487762451,0.3587396740913391,3,64,2,0,False,False,True
['미국 금리 오르면 6개월~1년 신흥국 시장에 악영향 줄 것'],로베더 CIO는 “미국이 금리를 인상하면 한국 등 신흥국 국채에서 미국 채권으로 자금이 대거 이탈할 것”이라고 내다봤다.,미국 금리 인상이 6개월에서 1년 정도 신흥국시장에 부정적인 영향을 미치겠지만 장기 관점에서는 신흥국시장이 매력적,0,0.8841202259063721,0.5232841968536377,9,57,6,1,False,True,False
['3~5년 상한가 미리 정한다'],"3~5년간 전기나 수도, 가스 등 공공요금의 상한가를 정해두는 중기 요금협의제가 도입된다.",인상 요인을 최소화하겠다,1,0.4617093801498413,0.5480881333351135,4,25,5,1,False,False,True
['청년고용 범정부대책 발표…해외취업 촉진'],최경환 경제부총리 겸 기획재정부 장관은 28일 강원대에서 '청년고용·교육개혁'을 주제로 열린 간담회에서 이 같이 밝혔다.,청년들의 해외취업을 촉진할 방안을 마련하고 정부 부처 13곳이 추진하는 1조5천억원 규모의 청년일자리 사업 53개를 고용 효과를 높이는 쪽으로 재정비할 예정,0,0.7857386469841003,0.5431559085845947,4,36,1,0,False,False,True
['임금피크제 전면도입 땐 청년일자리 18만개 생겨'],10일 한국경영자총협회에 따르면 오는 2016년부터 모든 기업이 임금피크제를 도입할 경우 이를 통해 발생하는 재원으로 2019년까지 18만2339개의 청년층 일자리 창출이 가능한 것으로 분석됐다.,임금피크제 도입 등 임금체계 개편 없이 내년부터 60세 정년 의무화가 시행된다면 사상 초유의 청년층 고용대란이 발생할 것,1,0.618305504322052,0.4675793051719665,6,92,2,0,False,False,True
['성장 유지하며 재정 적자 감축'],"성명은 ""신뢰성있고 투명한 중기 재정 강화책을 개발하는 것이 중요하다""면서 ""우리는 성장을 해치지 않는 방식으로 이들 방안을 이행할 것""이라고 강조했다.",우리는 성장을 해치지 않는 방식으로 이들 방안을 이행할 것,0,0.6306054592132568,0.569999635219574,5,68,3,1,False,False,True
"[""초단시간 근로 '사회보험·퇴직금' 추진, 고용에 악영향""]",[내 삶을 바꾸는 정치뉴스 'the 300'] [내 삶을 바꾸는 정치뉴스 'the 300'] ['스페셜 걸' 포토] ['스페셜 걸' 포토] [Ten Lines News 티타임즈] [Ten Lines News 티타임즈] [입법국정전문지 더리더(the Leader)] [입법국정전문지 더리더(the Leader)] ['취업의 모든 것' 잡드림 ] ['취업의 모든 것' 잡드림 ] 박상빈 기자,고용에 부정적 효과를 미칠 것,0,0.6807024478912354,0.4556562006473541,6,78,4,1,False,False,True
"['임금체계 개편, 시대적 과제이자 기성세대의 책무']",고 차관은 이날 오전 서울지방고용노동청에서 '60세+ 정년서포터즈' 회의를 주재하며 이 같이 말했다.,60세 정년에 따른 임금체계 개편은 시대적 과제이자 기성세대의 책무,0,0.9476431608200072,0.5012356042861938,6,62,0,0,True,False,False
['한국은 정책불안형 불황'],현대경제硏 김중웅회장 최근 우리나라의 경기침체는 정부정책 추진의 실효성 약화로 인한 `정책 불안형 불황`이어서 정책 향방에 따라 장기침체가 우려된다는 지적이 제기됐다.,일본이나 남미의 불황 원인과 비교해 볼 때 국내 경기의 장기침체는 경제 펀더멘털이 아직은 양호하다는 측면에서 정부 정책 추진의 실효성 약화로 인한 정책 불안형 불황 이라는 특징을 가진다,0,0.4190892875194549,0.3246163129806518,3,43,1,0,False,False,True
['공공요금 인상폭 최소화해야'],"【서울=뉴시스】박정규 기자 = 이명박 대통령은 24일 물가상승 문제와 관련해 ""공공요금 인상폭을 최소화해야 한다""고 강조했다.",공공요금 인상폭을 최소화해야 한다,0,0.9959924817085266,0.8728088140487671,3,38,0,0,True,False,False
['수출부진 영향 본격화'],종합경기 BSI 추이,기업경기실사지수가 떨어진 것은 수출 부진의 영향이 본격화된 것으로 보인다,0,0.8414647579193115,0.7726985216140747,3,44,1,0,False,False,True
['집 안산다'],"// flash 오류를 우회하기 위한 함수 추가 function _flash_removeCallback() {} [아시아경제 최동현 기자] 올해 1분기 서울 주택구입태도지수가 69.5를 기록, 1년 만에 60대로 재진입했다.",주택거래가 정체되고 집값의 추가 하락을 기대하는 시민들이 주택구입을 미루면서 매수심리가 꺾인 것으로 보인다,1,0.3745307922363281,0.1659146547317505,2,43,6,1,True,False,False
['체감경기 회복 아직…'],"김성훈 경제정의시민실천연합 대표는 23일 열린 한덕수 경제부총리와 가진 시민단체 오찬간담회에서 ""경제정책 면에서 수량적 목표를 지나치게 강조하다 보면 부동산 투기유인 등 자승자박의 결과를 가져와 무리한 결과나 나올 수 있다""면서 ""질적인 성장, 지속가능한 성장, 소외된 계층에 대한 따뜻한 배려 등이 필요하다""고 지적했다.",회비 납부를 중단하겠다는 회원이 많아지는 등 체감경기가 아직 회복되고 있다는 느낌을 받지 못하고 있다,0,0.6016733646392822,0.3329976797103882,3,84,2,0,False,False,True
['경기전망 낙관적'],이번 조사는 대통령의 대북제재안 발표가 있었던 24일까지 이뤄졌습니다.,유럽 국가들의 재정위기가 오히려 환율을 끌어올려 수출기업의 채산성이 개선됐다,1,0.3301055133342743,0.2228557467460632,2,51,4,1,False,False,True
['내년 상반기 금리인상도 너무 이르다'],"그는 “이런 점에서 보면 올해는 물론이고 내년 상반기, 심지어는 내년 하반기까지도 기준금리를 인상하는 게 적절하지 않을 수도 있다”고 말했다.",이런 점에서 보면 올해는 물론이고 내년 상반기 심지어는 내년 하반기까지도 기준금리를 인상하는 게 적절하지 않을 수도 있다,0,0.7979452610015869,0.7557522058486938,5,52,6,1,False,True,False
['지속가능 경제정책 펴야'],김무종기자@디지털타임스 김무종 mjkim@,이제는 지속가능한 개발을 경제정책의 목표로 세워야 할 때이며 소비자 정책도 단순히 피해자를 보호하는 수준이 아니라 소비자를 정책의 주요한 상대로 삼아야 한다,0,0.7631828784942627,0.6634138226509094,3,16,3,1,False,False,True
['유가보다 환율이 더 큰 문제'],[머니투데이 서명훈 기자]한덕수 부총리 겸 재정경제부장관은 17일 유가 상승보다는 환율 절상이 더 큰 문제가 되고 있다고 밝혔다.,현재는 환율 절상이 순익에 더 큰 영향을 미치고 있다,0,0.7980705499649048,0.777660608291626,5,47,1,0,False,False,True
['성장률 5.8%는 전망치…변수 없는한 이뤄질 것'],▼5.8% 성장은 목표인가.,미래를 낙관적으로도 비관적으로도 보지 않고 국내외에서 나온 모든 자료를 종합해 본 결과 5 8 퍼센트 성장은 가능하다는 의미,0,0.754380464553833,0.8608016967773438,6,27,2,0,False,False,True
"['금리인상, 정부서 판단할 몫 아니다']","(서울=연합인포맥스) 이성규 기자 = 임종룡 기획재정부 장관은 25일 ""기준금리 인상 여부와 시기는 정부서 판단할 몫이 아니다""고 밝혔다.",기준금리 인상 여부와 시기는 정부서 판단할 몫이 아니다,0,0.8959219455718994,0.8484827280044556,5,35,0,0,True,False,False
['선진국 내년 고용전망 불투명'],선진국의 고용 사정이 내년까지 크게 나아지지 않을 것으로 전망됐다.,"글로벌화로 불가피하게 실업이 늘어나는 만큼 새로운 분야에서 고용을

 창출하려는 노력이 필요하다",1,0.6972596645355225,0.0580390840768814,4,33,2,0,False,False,True
['영국·독일처럼 노동유연성 높여야'],"권태신 한국경제연구원장은 28일 전경련회관에서 열린 '영국과 독일의 노동개혁과 한국 노동개혁 시사점' 세미나에서 개회사를 통해 ""영국병을 앓던 노조 천국 영국과 통일 이후 성장·고용 둔화로 유럽의 병자라 불리던 독일이 성공적인 노동개혁으로 부활하고 있다""면서 ""한국도 이들 나라처럼 노동시장 유연성을 높여 경제성장의 발판을 마련해야 한다""고 말했다.",우리도 독일과 같이 다양한 고용형태를 활성화하는 등 노동시장의 유연성과 역동성을 높여야 한다,0,0.6937122941017151,0.5992238521575928,3,104,0,0,True,False,False
['중소기업 제조업·수출 부진 지속…고용은 개선'],// flash 오류를 우회하기 위한 함수 추가 function _flash_removeCallback() {} 【서울=뉴시스】박정규 기자 = 중소기업의 제조업·수출 경기는 부진이 지속되는 가운데 고용이 개선된 것으로 나타났다., 프리미엄이 국가 신용위험을 반영한다는 차원에서 우리나라의 프리미엄 하락은 한국경제에 대한 대외 신뢰도가 높아지고 있음을 의미한다,1,0.3688603043556213,0.5111655592918396,5,39,3,1,False,False,True
"['韓, 2050년 65세이상 38.2%']",27일 OECD가 내놓은 2010년 통계연보(Factbook)에 따르면 우리나라의 고령인구 비율은 지난 2005년 기준 9.1%로 낮은 편이지만 2050년에는 38.2%까지 높아져 고령화가 빠르게 진행될 전망이다.,경제나 재정 교육 과학기술 지표는 양호한 편이나 삶의 질 및 환경 관련 지표는 다른 국가들보다 다소 미흡했다,1,0.2644872963428497,0.6082849502563477,4,44,3,1,False,False,True
['하반기 집값·전세금 소폭 하락'],다만 서울지역은 가격조정에 따른 수요증가로 연말께 상승세로 전환될 가능성도 있는 것으로 예상됐다.,전국적으로 하반기에 입주물량이 집중돼 전세금 안정에 도움이 되지만 소형과 서울지역 입주물량은 예년에 비해 감소해 국지적으로 수급 불균형에 따른 전세난은 있을 것,1,0.6314995288848877,0.268221914768219,4,46,6,1,True,False,False
['한국 올해 경제성장률 5.8%'],OECD는 26일 ‘OECD 경제전망’에서 한국의 올해 경제성장률이 5.8%에 이를 것이라고 예측했다.,한국은 올해 재정지출 감소에도 불구하고 수출 증가와 투자에 힘입어 비교적 높은 성장을 이룰 것,1,0.8024107813835144,0.4265822172164917,4,34,4,1,False,False,True
['예감 좋다'],"◇서머랠리,기대감 고조=기관매수세이어 정보기술(IT)주에 대한 긍정적 보고서가 봇물을 이루면서 서머랠리 기대감이 한껏 고조되고 있다.",서머랠리 기대감을 한층 고조시키는 배경이 되고 있다,1,0.6051293611526489,0.3354265093803406,2,40,4,1,False,False,True
['수량적 경제목표가 부동산투기 유인'],"""부동산정책 잦은 발표로 혼란 우려"" ""가진자 당당하게 투자.소비할 수 있어야"" (서울=연합뉴스) 윤근영 기자= 시민단체 대표들은 23일 한덕수 부총리겸 재정경제부장관에게 경제정책의 수량적 목표를 지나치게 강조하면 부동산 투기를 유인하는 등 부정적인 결과를 초래한다고 지적했다.",경제정책 면에서 수량적 목표를 지나치게 강조하면 부동산 투기를 유인하는 등 자승자박의 결과를 가져온다,0,0.8028138875961304,0.6288068294525146,4,55,5,1,False,False,True
"['시민단체, 대안없는 비판 자제']","[edaily 최한나기자] 한덕수 부총리 겸 재정경제부 장관은 23일 국내 주요 시민단체 대표들을 만나 ""정부가 추진중인 사업에 `대안없는 비판`을 자제해달라""고 요청했다.",정부가 추진중인 사업에 대안없는 비판 을 자제해달라,0,0.6915338039398193,0.6737064719200134,4,36,0,0,True,False,False
['재료공백기..중소형주로 접근하자'],"[edaily 김춘동기자] 안정진 우리투자증권 연구원은 20일 ""증시 재료공백기에는 대형주보다는 중소형주로 접근하는 것이 바람직하다""고 밝혔다.",증시 재료공백기에는 대형주보다는 중소형주로 접근하는 것이 바람직하다,0,0.7062418460845947,0.5398330688476562,2,48,1,0,False,False,True
['독일 제조업 장기투자 `안목` 배워야'],영미권 국가뿐만 아니라 일본조차도 투자가 정체 또는 감소하는 것과 커다란 대조를 나타내고 있다는 게 연구원의 설명이다.그 결과 독일은 지난해 국내총생산(GDP)이 마이너스 5%를 기록하는 상황에서도 경상수지 흑자와 실업률 유지라는 눈에 띄는 성과를 거뒀다.,독일 경제의 안정적 성장은 제조업 분야에서 장기적인 안목을 가진 자본투자와 전문화된 인력 공급이 중요하다는 점을 일깨워주고 있다,0,0.7564881443977356,0.1652304530143737,5,168,1,0,False,False,True
['택시요금 올라도 서비스는 그대로일 것'],26일 서울연구원이 발표한 '1/4분기 서울시 소비자 체감경기와 서울시 택시요금 인상' 조사 결과에 따르면 서울시민의 86.5%는 택시요금 인상 후 서비스품질에 대해 '별 차이 없을 것'이라고 답했다.,승차거부 개선돼야,1,0.4323749244213104,0.6368051767349243,5,43,3,1,False,False,True
['외환보유액 민간활용 중장기 검토'],"이날 금융협의회에는 강정원 국민은행장과 황영기 우리은행장,김종열 하나은행장 등 총 10명이 참석했다.",외환보유액의 민간활용방안을 중장기 과제로 검토하겠다,0,0.929405152797699,0.4670560956001282,4,26,2,0,False,False,True
['필요시 통화 부양 나설 것'],'모바일익스프레스' 머니투데이 조철희기자 samsara@,필요한 모든 것 하겠다,0,0.7111003994941711,0.6380960941314697,5,12,3,1,False,False,True
['中실업률 통계 못 믿겠다'],// flash 오류를 우회하기 위한 함수 추가 function _flash_removeCallback() {} [서울신문] 국제통화기금(IMF)이 중국의 실업률 통계를 신뢰하기 어렵다고 지적했다.,투자와 생산이 위축돼 성장률이 계속 떨어지는데도 중국의 실업률이 10여년째 안정적으로 4 퍼센트 초반대를 유지하는 것은 인위적 요소가 작동하고 있기 때문,1,0.40777587890625,0.5224534273147583,4,38,2,0,False,False,True
['꾸준한 신규채용 확대로 유통업계 모범'],"정용진(사진) 신세계그룹 부회장은 이와 관련, 1일 “외환위기 이후 최고치에 달한 청년실업률을 해소하기 위해 모두 함께 노력해야 할 때”라며 “15일에 열리는 채용박람회도 진정성과 내실을 겸한 실질 채용으로 이어지는 게 무엇보다 중요하다”고 강조했다.",신규 채용 기조를 꾸준히 지속해서 이어가야 한다는 게 수뇌부의 의지,1,0.5077468156814575,0.2267898470163345,5,85,4,1,False,False,True
['여전히 낮은 수준'],이는 전년 동기보다 5.4포인트 하락한 수치다.,최저임금 인상 등으로 업황 전망 크게 개선 어려워,0,0.5196375250816345,0.4349493086338043,3,94,4,1,False,False,True
['대기업 횡포에 문닫을 지경'],"[한겨레] “대금 지연이자 지급뒤 다시 내놔라” 황당요구 제품사양 바꿀때마다 기술개발비 부담 강요도 정부, 불공정거래 현장조사 #1.",2차 이하 협력업체들의 경우는 이런 상황이 더욱 심해 회사 운영이 불가능할 지경에 이르렀다고 어려움을 호소하는 곳이 많았다,0,0.628118634223938,0.5941296815872192,4,27,3,1,False,False,True
['주차료 오르면 경기 좋아진다'],무어 국장은 “사무실 시장이 호전되면 전국적으로 점유율이 올라가고 주자창 요금도 비슷하게 인상돼 왔다”고 설명했다.,사무실 시장이 호전되면 전국적으로 점유율이 올라가고 주자창 요금도 비슷하게 인상돼 왔다,1,0.6770424246788025,0.4816696345806122,4,52,6,1,True,False,False
['지역 발전 위해 지방기업 지원 지속할 것'],"정부, 2010년 시·도 경제협의회 개최 [아시아경제 황상욱 기자] 임종룡 기획재정부 제1차관이 ""지역 발전을 위해 5+2 광역경제권 시책을 차질 없이 추진하고 지방기업에 대한 재정·세제지원 등 정책적 노력을 지속할 것""이라고 말했다.",지역 발전을 위해 5 2 광역경제권 시책을 차질 없이 추진하고 지방기업에 대한 재정 세제지원 등 정책적 노력을 지속할 것,0,0.8340663909912109,0.747161865234375,7,47,1,0,False,False,True
['이달 증시 1000대 중반~1100대 중반 전망'],"> ⓒ 한겨레(http://www.hani.co.kr), 무단전재 및 재배포 금지","9월 증시에 다양한 이슈가 부각되겠지만

 금융시장이 예금에서 투자로 이동하면서 중순 이후 본격적으로 재상승할 가능성이

 있다",1,0.4083571434020996,0.4304679036140442,6,25,4,1,False,False,True
['어차피 마찬가지'],"고등학교를 막 졸업한 테오도로스 메시스(18)도 ""찬성이든 반대든 어차피 우리는 배가 고플 것""이라며 ""그런 상황이라면 고개를 꼿꼿이 세우고 (긴축에) 저항하는 자세를 취하는 게 낫다""고 강조했다.",찬성이든 반대든 어차피 우리는 배가 고플 것,0,0.5039737224578857,0.5128617882728577,2,58,6,1,False,True,False
['7월말 예산 집행률 99.8%'],재정부는 선진국의 경기침체 가능성 등 대내외 경제 위험요인에 대처하기 위해 당초 계획대로 예산의 분기별 균등집행 기조를 유지하는 한편 사업관리의 효율화를 통해 예산의 연말 이월 및 불용을 최소화하기로 했다.,부진한 서민 체감경기를 고려해 일자리 창출과 중소기업지원 등 민생관련 사업에 대한 현장점검을 강화할 방침,1,0.2646836042404175,0.5047287344932556,4,54,5,1,False,False,True
['경제체질 노화 막아야'],[이데일리 강종구기자] 박승 한국은행 총재는 우리 경제의 당면과제는 무엇보다도 경제체질의 노화를 막는 것이라고 강조했다.,구조개혁이야 말로 우리 경제의 노화위험을 사전에 제기하는 처방이자 선진경제로 도약하는 발판을 마련하는 것,1,0.7411386370658875,0.7665910720825195,3,30,4,1,False,False,True
['고졸 구직자 설 자리가 없다'],(서울=연합뉴스) 김희선 기자 = 대졸 구직자에 밀려 고졸자의 취업 입지가 갈수록 좁아지고 있으며 고졸자 고용의 질적 수준도 낮아지고 있어 고졸자를 위한 실업대책이 시급하다는 지적이 제기됐다.,고졸자를 위한 실업대책 마련이 시급하다,0,0.4945670664310455,0.3798924088478088,5,44,4,1,False,False,True
['수출·대기업 중심 회복..전반으로 확산해야'],[이데일리 김상욱 기자] 최경환 지식경제부 장관이 빠른 회복세를 보이고 있는 한국경제에 대해 “수출과 대기업중심의 회복”이라며 “이를 경제전반으로 확산해나가는 것이 당면과제”라고 밝혔다.최경환 지식경제부 장관은 31일 제주 해비치호텔에서 열린 전경련 하계포럼 강연을 통해 이같이 밝혔다.,수출과 대기업중심의 회복,0,0.9023959636688232,0.6565005779266357,4,67,2,0,False,False,True
['외국인근로자 쿼터 조속히 늘리라'],"【서울=뉴시스】이현정 기자 = 이명박 대통령은 29일 ""외국인 근로자 쿼터를 예년 수준으로 조속히 늘리라""고 지시했다.",외국인 근로자 쿼터를 예년 수준으로 조속히 늘리라,0,0.962471842765808,0.837551474571228,4,30,3,1,False,False,True
['전국에서 경제활동 확장돼'],"연준의 이런 진단은 지난달 초 발표한 베이지북을 통해 대부분 지역에서 ""제조업 활동이 견실하게 유지됐거나 증가했다""고 평가한 것과 비교해 미국 경제를 보는 시각이 더 낙관적으로 기울었음을 시사한다.",제조업 활동이 견실하게 유지됐거나 증가했다,0,0.5338085889816284,0.5491682887077332,3,69,2,0,False,False,True
['위안화 절상 따른 亞증시 비중조절 없다'],이데일리ⓒ 1등 경제정보 멀티미디어.,지난주 중국이 실시한 위안화 절상의 영향은 제한적일 것으로 생각한다 당장 그 때문에 포트폴리오를 조정하지는 않을 것,0,0.4948400557041168,0.5872424840927124,6,16,2,0,False,False,True
['중고령자 해고하면 벌금 물려야'],(서울=연합뉴스) 박용주 기자 = 한국경제의 고용률을 올리기 위해선 중고령자(55~64세)를 해고하면 사용자에게 금전적 부담을 지워야 한다는 주장이 제기됐다.,저출산과 고령화가 진전되고 있는 상황에서 이들의 진출 경로를 막고 있는 장애 요인들을 한시 바삐 제거해야 한다,1,0.2632007896900177,0.5467419624328613,4,42,4,1,False,False,True
['미국 금리인상 땐 뱅크론 펀드 유망'],// flash 오류를 우회하기 위한 함수 추가 function _flash_removeCallback() {} 알렉스 유 프랭클린템플턴 부사장 알렉스 유 프랭클린템플턴 부사장 알렉스 유 프랭클린템플턴 부사장 [ 김우섭 기자 ] 알렉스 유 프랭클린템플턴투자신탁운용 부사장(사진)은 26일 서울 여의도에서 기자 간담회를 열고 미국 중앙은행(Fed)의 금리 인상이 임박한 시점에선 3개월 리보(LIBOR·런던은행 간 금리) 금리에 연동돼 이자 수익을 제공하는 뱅크론(금리연동대출채권) 펀드가 유망한 투자처로 떠오를 것이라고 전망했다.,현재와 같이 부도율이 낮고 금리 인상이 기대되는 시기에 뱅크론 투자는 좋은 기회가 될 것,0,0.7503693103790283,0.3622834682464599,6,85,0,0,True,False,False
['주택건설투자 올해 3.5% 감소 전망…일자리 4만6천개 줄듯'],"그는 올해 주택건설 분야에서 투자 감소로 생산유발 6조7천억원, 부가가치 2조6천억원이 줄어들면서 경제성장률도 지난해보다 낮아질 것으로 예상했다.",주택건설 산업은 서민 일자리에 영향을 미치는 주요한 산업,1,0.6397557258605957,0.6236023902893066,7,62,2,0,False,False,True
['내년경제 도무지 感이…'],이 때문에 이달 중순경 발표할 계획인 내년도 경제전망 보고서를 제때 만들 수 있을지 모르겠다는 얘기도 나온다.,나라를 뒤흔들고 있는 파일 의 후유증이 얼마나 계속될지 가늠할 수 없는 데다 이달 말 발표될 예정인 종합부동산 대책도 적지 않은 파장을 불러올 것으로 보여 내년 경제전망을 하기가 아주 어려운 지경,0,0.7160329818725586,0.5953032970428467,3,60,6,1,False,True,False
['완전고용 더 가까워져 美 연내 금리인상 적절'],"[워싱턴 = 이진명 특파원] [ⓒ 매일경제 & mk.co.kr, 무단전재 및 재배포 금지]",따라서 한동안 0 0 25 퍼센트 를 유지해 온 연방기금 금리 목표치 인상은 적절해 보이며 이는 미국 경제가 과거 금융위기의 상처에서 벗어나 건강을 회복하고 있다는 신호로 작용할 것,0,0.7510710954666138,0.8529597520828247,7,28,5,1,False,False,True
['경영상황 개선'],잇따라 사상 최대 이익을 올렸다고 발표하는 대기업들과 대조되는 부분이다.,현재의 대기업과 중소기업 관계에서 납품단가 조정을 신청하는 것은 곧 하청 중단을 의미한다,1,0.5299241542816162,0.25676029920578,2,41,6,1,True,False,False
"['교역조건 악화,소비침체 부추긴다']",(서울=연합뉴스) 박용주 기자 = 교역조건의 악화가 소비침체를 초래하고 있어 대책 마련이 시급하다는 주장이 제기됐다.,교역조건의 악화가 내수 경기를 위축시키는 등 심각한 부작용을 낳고 있다,0,0.7776086330413818,0.4840650856494903,3,41,1,0,False,False,True
['경제회복 수출·대기업 중심이었다'],"이번 경기회복의 큰 특징은 수출, 대기업 중심의 경기회복이다""고 꼬집었다.",분야별 체감경기 회복속도와 많은 격차를 보이고 있다 이번 경기회복의 큰 특징은 수출 대기업 중심의 경기회복이다,0,0.8404968976974487,0.7952682971954346,3,36,2,0,False,False,True
['투표 결과 존중'],"한편, 유럽연합(EU) 집행위원회는 이날 실시된 그리스 국민투표에서 채권단 제안이 부결된 것으로 전해진 후 그리스 국민의 의사가 표출된 국민투표 결과를 존중한다는 내용의 성명을 발표했다.",반대 결정은 민주주의는 협박받을 수 없음을 보여준 것,1,0.4574288129806518,0.6140444278717041,3,55,3,1,False,False,True
['한국 노동시장 침체가 내수회복 제한'],수출 둔화로 노동시장 악화 이어질 듯 (서울=연합뉴스) 신호경 기자 = 모건스탠리는 15일 노동시장 악화로 한국의 소비 회복이 제한될 것으로 내다봤다.,고용시장 상황이 전체 경제성장을 지연시키고 있다,0,0.5695434808731079,0.4128834009170532,5,60,3,1,False,False,True
['경제 노화위험 구조개혁 힘써야'],"박총재는 이날 제주 신라호텔에서 열린 한국능률협회, 한국무역협회, 한국중견기업연합회가 공동 주최한 ‘2005년 하계 최고경영자 세미나’에서 “우리 경제는 독일이나 일본처럼 노화단계에 들어가 있지는 않지만 노화의 위험에 노출될 우려가 있다”면서 “구조개혁이야말로 경제의 노화 위험을 막는 처방인 동시에 선진경제로 도약하기 위한 발판을 마련하는 것”이라고 말했다.",구조개혁이야말로 경제의 노화 위험을 막는 처방인 동시에 선진경제로 도약하기 위한 발판을 마련하는 것,0,0.9151014089584352,0.7816829681396484,4,76,0,0,True,False,False
['기업 체감경기 두달연속 개선'],// flash 오류를 우회하기 위한 함수 추가 function _flash_removeCallback() {} 매출액 가중치 두면 ‘경기악화’ “韓銀 일부조사 현실 반영못해” 매출액 가중치 두면 ‘경기악화’ “韓銀 일부조사 현실 반영못해” 최근 한국의 1분기 경제성장률(GDP)이 수출 감소 등에 영향받아 ‘마이너스’ 성장했다고 밝혔던 한국은행이 이번엔 기업 체감경기가 두 달 연속 좋아졌다는 조사결과를 발표했다., 한국 은행 일부조사 현실 반영못해,1,0.2389475405216217,0.2740002572536468,4,76,6,1,True,False,False
"['FRB, 다음 행보는 QE 재개']",그 가운데 기준금리 인상 연기를 넘어 연방준비제도이사회(FRB)가 다시 양적완화(QE)를 재개해야 한다는 주장까지 나오고 있다고 파이낸셜타임스(FT)가 25일(현지시간) 보도했다.,차기 행보는 긴축보다는 를 통한 완화가 될 것,0,0.4332239031791687,0.7437087297439575,5,62,6,1,False,True,False
['미래 위한 투자에 올인'],fair@fnnews.com 한영준 기자,지난해 부동산 경기 하락 역대 최저 혼인율 실업률 상승 등에 의해 앞으로 극심한 불황이 다가올 수도 있다는 것을 체감한 시몬스가 인적 인프라와 제품 개발에 공격적으로 선 투자하고 대리점과 납품업체 등에 지원을 병행하는 등 불황에도 지속 가능한 성장을 위해 강도 높은 체질 개선을 감행한 결과,0,0.4894275069236755,0.2803457379341125,4,42,2,0,False,False,True
"['미국 금리인상 시기, 뱅크론펀드 투자 제격']",실시간 재테크 경제뉴스 실시간 재테크 경제뉴스│ 창업정보의 모든 것 창업정보의 모든 것 장효원 기자 장효원 기자,뱅크론은 리보 금리와 밀접한 연관이 있어 미국 기준금리가 인상될 것으로 예상되는 지금이 투자할 시기다 ,0,0.7432531118392944,0.8803902864456177,6,35,1,0,False,False,True
['한국 수출 부진은 수입국 수요 부진 탓'],"송경화 기자, 곽정수 선임기자",수출의 지속적 성장을 위해서는 상시 구조조정을 통한 경쟁력 강화 원가 절감 경영 합리화 수출상품의 고부가가치화 등에 적극 나서야 한다,1,0.5610600113868713,0.7255762815475464,7,14,3,1,False,False,True
['경제 나아졌다지만 여전히 어렵다'],그러나 ‘수익 등 경영상황이 개선됐다’고 응답한 기업은 전체의 50.3%에 그쳤다.,최근 대기업 수출실적이 좋았던 반도체와 디스플레이 분야의 경우 대기업 자체 부품조달 구조를 갖추고 있어 협력 중소기업이 적은 점도 체감경기 격차의 한 원인,1,0.3865194320678711,0.4767742156982422,4,43,4,1,False,False,True
"[""5월 계절적 특수에도 기업 전망 여전히 '흐림'""]",한경연은 글로벌 경제와 한국 경제성장 전망치가 잇따라 하향되는 등 경기 둔화가 현실화됐기 때문에 기업의 심리 개선이 이루어지지 않고 있다고 강조했다.,올해 1분기 경제성장률이 전 분기 대비 0 3 퍼센트 성장하고 주력 기업의 실적도 악화되는 등 정부의 올해 경제 성장 전망치인 2 6 퍼센트 달성이 힘들어 보인다,1,0.5177520513534546,0.4457440376281738,7,45,2,0,False,False,True
"['경제문제, 중앙-지방간 벽 없어야']","임 차관은 이날 정부과천청사에서 열린 시도경제협의회에서 ""지난 7월 민선 5기 지자체가 출범하면서 지자체들도 목표나 정책에 변화가 있겠지만, 경제회복을 최우선 목표로 삼고 지역경제를 살리는 데 있어서는 중앙과 지방 간에 이견이 있을 수 없다""며 ""경제문제에 있어서는 중앙과 지방에 벽이 있어선 안된다""고 말했다.",경제문제에 있어서는 중앙과 지방에 벽이 있어선 안된다,0,0.8888559341430664,0.7146300673484802,4,89,0,0,True,False,False
['소상공인 자생력 높이기 위한 모든 일 다 할 것'],"이어 ""정부의 소상공인 지원방식은 소상공인이 자립해 자생력을 키울 수 있는 방향으로 가야 한다""면서 ""힘들겠지만 현장에서도 최선을 다해 달라""고 참석자들에게 거듭 당부했다.",소상공인 지원 위해 모든 일 다할 것,0,0.7956430912017822,0.6387243270874023,9,72,0,0,True,False,False
['美 주택 시장 이미 더블딥'],"위스 이코노미스트는 26일 국제금융센터 주관으로 열린 '글로벌 경제와 한국 신용등급 전망' 세미나에 참석해 이같이 말하고 ""미국 경기가 지난 2009년 3.4분기 이후 침체기를 벗어나 회복기로 접어들었지만 경기 회복 속도는 여전히 느리다""고 설명했다.",미국 주택 시장은 이미 더블딥 이중침체 양상을 보이고 있다,0,0.8172051310539246,0.1850769817829132,5,74,0,0,True,False,False
['일자리창출과 소비회복..독일에서 한수 배워야'],연구원은 독일 소비 회복 배경으로 고용 개혁을 통해 임금근로자가 확대되면서 주력 소비 계층이 늘어난 데 주목했다.,최근 독일의 소비 호조는 기업 실적 개선에 따른 근로소득 상승을 기반으로 취약계층 고용 확대 저물가 저금리 자산 효과 등으로 가계 구매력이 확충되고 있기 때문,1,0.7839891314506531,0.6945351362228394,4,57,2,0,False,False,True
"['정부정책, 기업의 새로운 도전 만들어야']","성 교수는 ""개별 기업이 성과를 거두는 데는 기업 자체의 정부 정책보다는 기업의 새로운 도전을 만드는 정책을 해야한다""며 ""이게 정부가 말하는 혁신성장""이라고 강조했다.",개별 기업이 성과를 거두는 데는 기업 자체의 정부 정책보다는 기업의 새로운 도전을 만드는 정책을 해야한다,0,0.8589438199996948,0.8462330102920532,5,50,2,0,False,False,True
['연내 미국 금리 인상 가능 경기 회복세 빨라져'],"15일(현지시간) AP통신 등에 따르면 미국 하원 금융위원회의 하반기 통화정책 청문회 출석에 맞춰 제출한 성명에서 ""미국 경제가 회복세를 유지한다면 연내 기준금리를 인상하는 데 적절한 여건이 마련될 것""이라고 밝혔다.",미국 경제가 회복세를 유지한다면 연내 기준금리를 인상하는 데 적절한 여건이 마련될 것,0,0.8897279500961304,0.8352726101875305,8,75,4,1,False,False,True
['9월 BSI ‘111’···추석특수 덕'],【서울=뉴시스】김정남 기자 = 추석특수 덕에 다음 달 기업들의 체감경기가 상승세를 이어갈 것이란 전망이 나왔다.,대내외 불안요인이 많은 점을 감안할 때 9월 기업경기 호전이 반짝 회복에 그칠 가능성도 적지 않다,0,0.3523744344711303,0.6361609697341919,4,27,2,0,False,False,True
['유로존 7월 인플레이션 급등 예상'],"6월 실업률 유로존 10%, EU 전체 9.6% (제네바=연합뉴스) 맹찬형 특파원 = 유럽연합(EU)은 30일 유로존(유로화 사용 16개 국)의 7월 인플레이션율이 1.7%로 급등할 것으로 예상된다고 밝혔다.",최근의 상승에도 불구 경제회복이 점진적이고 상당한 흡수 여력이 있다는 점에서 유로존 인플레이션 중기 전망은 억제된 상태를 유지할 것,1,0.6848559379577637,0.1956822127103805,5,40,4,1,False,False,True
['기업 이익 많다고 가슴 아파하면..'],"손 이사장은 이 자리에서 ""기업이 이익 많이 난다고 가슴 아프다고 하면 어떻게 하나, 기업이 어떻게 해야 하느냐""며 ""기업이 잘한다고 해도 시원치 않을 판에 '가슴이 아프다'고 하는 장관은 어느 나라 장관인지 모르겠다""고 꼬집었다.",기업이 이익 많이 난다고 가슴 아프다고 하면 어떻게 하나 기업이 어떻게 해야 하느냐,0,0.8911727070808411,0.7025847434997559,5,104,5,1,False,False,True
['중고령자 해고땐 사용자 불이익 줘야'],"삼성硏 ""취약계층 고용률 높이기 위해 필요"" 주장 한국경제의 고용률을 올리기 위해선 중고령자(55~64세)를 해고하면 사용자에게 금전적 부담을 지우는 등 대안을 고려해봐야 한다는 주장이 제기됐다.",저출산과 고령화가 진전되고 있는 상황에서 이들의 진출 경로를 막고 있는 장애 요인들을 한시 바삐 제거해야 한다,1,0.411700040102005,0.5616978406906128,5,46,3,1,False,False,True
['거시건전성 정책체계 구축해야'],[아시아경제 이지은 기자]김중수 한국은행 총재가 개별 금융기관에 대한 감독을 넘어 시스템 전체를 감독하는 거시건전성 정책체계의 구축이 필요하다고 역설했다.,거시건전성 정책체계를 구축할 때 최종대부자로서의 역할을 수행하는 중앙은행의 책임과 권한이 더욱 커질 가능성이 제기되고 있다,1,0.6198512315750122,0.6644190549850464,3,39,1,0,False,False,True
['소비경제 살리려면 독일에서 배워라'],연구원은 독일 사례가 우리 경제에 주는 시사점으로 세 가지를 제시했다.,아울러 과도한 가계부채는 소비를 제약할 수 있는 만큼 소득계층별로 특화된 관리 방안을 마련해야 한다,1,0.4031630158424377,0.6615585684776306,4,52,4,1,False,False,True
['노력해도 계층 상승 어렵다'],// flash 오류를 우회하기 위한 함수 추가 function _flash_removeCallback() {} [동아일보] “노력해도 계층 상승이 어렵다”고 생각하는 한국인이 10명 중 8명에 달하는 것으로 나타났다.,노력해도 계층 상승이 어렵다,0,0.9977642297744752,0.5849925875663757,4,33,1,0,False,False,True
"['금리인상, 신중하고 점진적으로']","청문회에서 질의응답이 진행되기 전 옐런 의장은 ""경제 상황이 현재의 기대 대로 전개된다면 연내 어느 시점에 연방기금금리를 인상하는데 적절할 여건이 마련될 것""이라거나 ""연방기금금리 인상을 위한 초기 조치가 지나치게 강조돼서는 안 된다""고 발언했다.",신중하고 점진적인 방법으로 금리 인상을 진행하는 것이 좋다고 생각한다,0,0.8421007394790649,0.6799765229225159,3,71,0,0,True,False,False
['4분기 체감경기 더 악화'],특히 3분기 실적치도 98로 2분기 실적치인 108보다 하락한 것으로 나타났다.,경기에 대한 체감지수가 지속적으로 하락 추세에 있다,1,0.535388708114624,0.0344443321228027,4,56,1,0,False,False,True
['5월 가정의 달 특수에도'],[사진 출처 : 게티이미지] 정연우 기자 (,5월 효과에 따른 기대감보다 조업일수 감소와 대내외 경기 악화에 따른 부정적 우려가 크기 때문으로 분석된다,1,0.3088002204895019,0.8029016256332397,4,24,6,1,True,False,False
"['바보야, 문제는 실업이야']",크루그먼은 행정부 관리들도 이제는 금융위기 극복을 위해 쏟아부은 경기 부양 정책이 침체를 막는 데는 충분했을지 몰라도 실업 극복에는 충분하지 못했다는 걸 인정하고 있다고 말했다.,더 이상 경기가 회복되고 있다고 말하지 마라 ,1,0.4182133972644806,0.5944815874099731,3,71,3,1,False,False,True
['소비심리 7개월만에 낙관 전환'],// flash 오류를 우회하기 위한 함수 추가 function _flash_removeCallback() {} 4월지수 5개월째 상승 발표에 “실물경제와 논리적으로 안맞아” 韓銀 “단기적으로 엇갈릴수도” 4월지수 5개월째 상승 발표에 “실물경제와 논리적으로 안맞아” 韓銀 “단기적으로 엇갈릴수도” 한국은행이 26일 ‘소비자심리지수가 7개월 만에 낙관론 우세로 돌아섰다’는 조사 결과를 내놨다.,소비자들이 체감하는 경기인 만큼 단기적으로 성장률과 방향이 엇갈릴 수 있다,1,0.4891621768474579,0.3972845077514648,4,56,6,1,True,False,False
['떨어지나 했더니'],'알랴ZOOM'을 봐~] [별게 다 궁금해?,우리 동네도 ,1,0.4006739854812622,0.5795737504959106,2,54,6,1,True,False,False
['추석특수 9월 기업체감경기 상승'],26일 전국경제인연합회(전경련)는 추석특수 덕에 다음 달 기업들의 체감경기가 상승세를 이어갈 것이라고 전망했다.,대내외 불안요인이 많은 점을 감안할 때 9월 기업경기 호전이 반짝 회복에 그칠 가능성도 적지 않다,1,0.5676114559173584,0.131702184677124,4,24,3,1,False,False,True
['세계 금융시장 변동성 대비'],"전경련 홍성일 재정금융팀장은 ""기업경기전망은 메르스 이전 수준으로 회복했으나 여전히 기준치 100에는 미치지 못하고 있다""며 ""중국 리스크로 인해 높아진 글로벌 금융시장 변동성에 대한 철저한 대비가 필요하다""고 말했다.",중국 리스크로 인해 높아진 글로벌 금융시장 변동성에 대한 철저한 대비가 필요하다,0,0.8477116227149963,0.5957558155059814,4,37,3,1,False,False,True
['大·中企 강제 아닌 자발적 상생이 중요'],"이명박 대통령은 29일 대기업ㆍ중소기업의 상생과 관련, ""정부의 강제규정보다는 대기업이 스스로 상생문화ㆍ기업윤리를 갖추고 시정해나가는 것이 바람직하다""면서 ""자발적 상생이 중요하며 강제상생은 의미가 없다""고 밝혔다.",정부의 강제규정보다는 대기업이 스스로 상생문화 기업윤리를 갖추고 시정해나가는 것이 바람직하다,0,0.7562284469604492,0.5289127230644226,6,46,1,0,False,False,True
['기업 많은 이익에 가슴 아프다면 어느 나라 장관인가'],"손 이사장은 이 자리에서 ""기업이 이익 많이 난다고 가슴 아프다고 하면 어떻게 하나, 기업이 어떻게 해야 하느냐""며 ""가슴이 아프다고 하면 그게 어느 나라 장관이냐""고 꼬집었다.",기업이 이익을 많이 낸다고 가슴 아프다고 말하면 그게 어느 나라 장관인가,0,0.9298655986785888,0.8062595129013062,8,80,0,0,True,False,False
['중고령자 해고시 불이익 등 대안 고려해야'],(서울=연합뉴스) 박용주 기자 = 한국경제의 고용률을 올리기 위해선 중고령자(55~64세)를 해고하면 사용자에게 금전적 부담을 지우는 등 대안을 고려해봐야 한다는 주장이 제기됐다.,고용률 지표가 경제협력개발기구 가입국 중 중위권에도 미치지 못해 비경제활동 인구를 효과적으로 노동시장으로 이끌어내기 위한 논의가 필요하다,1,0.4582486748695373,0.7545447945594788,6,45,3,1,False,False,True
['중국발 쇼크로 브라질 경제 연내 회복 힘들 수도'],// flash 오류를 우회하기 위한 함수 추가 function _flash_removeCallback() {} 지우마 호세프 브라질 대통령 © 로이터=News1 지우마 호세프 브라질 대통령 © 로이터=News1 지우마 호세프 브라질 대통령 © 로이터=News1 (브라질리아 로이터=뉴스1) 신기림 기자 = 세계 증시 급락을 불러온 중국 경제성장의 둔화 우려로 인해 브라질의 연내 경제회복이 힘들 수 있다고 다이고 올리베이라 브라질 기획부 차관이 25일(현지시간) 말했다.,세계 경제전망에 큰 변화를 야기할 수 있다,1,0.5505426526069641,0.4425686597824096,8,76,4,1,False,False,True
['미래 없다'],“미래가 보이지 않는다”면서 고국을 등지는 그리스인들은 앞으로 더 늘어날 수밖에 없다는 비관 섞인 전망도 나온다.,미래가 보이지 않는다,0,0.8984476327896118,0.6318837404251099,2,55,4,1,False,False,True
['금리인상 시기 뱅크론펀드 고려해야'],투자등급 미만인 만큼 투자위험을 지니는 대신 상대적으로 높은 이자를 받을 수 있고 일반적으로 3개월 리보(LIBOR) 금리에 연동돼 이자수익이 제공되는 만큼 금리인상 시 수혜를 받는 상품으로 꼽힙니다.,이는 미국의 금리 인상 가능성에 힘을 실어주는 지표인만큼 전략적인 자산배분의 수단으로 뱅크론 펀드를 적극 활용할 필요가 있다,0,0.7930660247802734,0.2748910784721374,4,56,1,0,False,False,True
['5월 가정의 달 특수 없어'],"한경연은 ""5월 효과에 따른 기대감보다 조업일수 감소와 대내외 경기 악화에 따른 부정적 우려가 크기 때문으로 분석된다""고 설명했습니다.",5월 효과에 따른 기대감보다 조업일수 감소와 대내외 경기 악화에 따른 부정적 우려가 크기 때문으로 분석된다,1,0.3314312100410461,0.3289385437965393,5,52,6,1,True,False,False
['경기 부진 불안감↑'],"김윤경 한국경제연구원 기업연구실장은 “기업들은 내수부진 지속과 업체 간 경쟁심화, 인건비 및 임대료 상승에 따른 채산성 악화 등으로 경기전망을 부정적으로 보고 있다”면서 “특히 올해 1분기 경제성장률이 전 분기 대비 -0.3% 성장하고 주력 기업들의 실적도 악화하고 있어 정부의 올해 경제 성장 전망치(2.6%) 달성이 힘들어 보인다”고 말했다.",기업들은 내수부진 지속과 업체 간 경쟁심화 인건비 및 임대료 상승에 따른 채산성 악화 등으로 경기전망을 부정적으로 보고 있다,1,0.5305864214897156,0.211536705493927,3,53,2,0,False,False,True
['정부정책·추석효과'],"[© 뉴스1코리아( news1.kr ), 무단 전재 및 재배포 금지] [© 뉴스1코리아( news1.kr news1.kr), 무단 전재 및 재배포 금지]",추경 등 정부의 재정지출 확대와 추석 연휴에 대한 기대감이 반영된 결과,0,0.6042495965957642,0.7159379720687866,1,25,5,1,False,False,True
['성장률 2분기부터 개선될 것'],문 대통령은 이날 청와대에서 수석·보좌관 회의를 주재한 자리에서 이 같이 말했다.,국가경제의 거시지표들은 안정적으로 관리가 되고 있고 경제성장률도 1분기의 부진을 극복하고 2분기부터는 점차 회복되어 개선될 것이라는 전망,0,0.7967376112937927,0.4951639473438263,4,81,1,0,False,False,True
"['미국, 금리인상 준비됐다']","이 같은 초저금리 정책은 미국 경기 회복과 함께 지난해부터 재검토됐으며, 올해 들어서는 지표가 더 개선되고 있어 금융정책을 정상화해야 한다는 목소리가 힘을 얻고 있다.",미국 경제는 금리를 올릴 준비가 돼 있다,0,0.7854880094528198,0.6235678195953369,3,50,2,0,False,False,True
['美경제 하반기 회복 힘들다'],뉴욕 도이체방크 증권의 미국 선임 이코노미스트인 조지프 라보르냐는 “경제에 관한 각종 통계를 분석한 결과 예상했던 것보다 부진한 것이 사실”이라며 단기적인 성장 위축이 우려된다고 밝혔다.,미 경제가 매우 침체상태여서 실업률이 다시 오를 것,1,0.7489361763000488,0.1939809620380401,4,57,3,1,False,False,True
['원자재·신흥증시·달러'],"그리샴 전략가는 ""전술적 측면에서 가장 선호하는 자산은 원자재와 신흥증시이 며 최근 극적인 외환시장 동향을 감안해 유로에서 달러화로 옮길 것""을 추천했 다.","전술적 측면에서 가장 선호하는 자산은 원자재와 신흥증시이

며 최근 극적인 외환시장 동향을 감안해 유로에서 달러화로 옮길 것",0,0.7186629176139832,0.2014316916465759,1,41,6,1,False,True,False
['하반기 1200'],"하반기 1200선을 예상하고 있으며, 사상 최고점인 1138을 돌파하게 될 경우 국내 증시 리레이팅이 본격적으로 시작된 것으로 보고 전망치를 수정할 것이라고 덧붙였다.",지난해 말 전망을 통해 올해 증시가 2분기 조정 후 하반기 본격적으로 상승해 1200선까지 오를 것으로 예상했다,0,0.3548647463321686,0.4229917526245117,2,43,6,1,False,True,False
"['대기업, 중소기업과 성과 나눠야']",【서울=뉴시스】류난영 기자 = 윤증현 기획재정부 장관은 31일 대기업이 중소기업과 성과를 공정하게 나누고 사업파트너로서 배려하려는 노력을 기울여야 한다고 강조했다.,다만 대기업의 선전이 가능했던 배경에는 수많은 중소 하청업체들의 분투어린 노력이 있었다는 점을 간과해서는 안된다,0,0.7249448299407959,0.8166666626930237,4,48,3,1,False,False,True
['지역일자리 8만4000개 만들어진다'],직업능력계좌제로 깨세요 조세일보 / 장은석 기자,특히 청년실업률 해소를 위한 청년창업 등에 더욱 노력을 기울여 달라,1,0.4128797650337219,0.5714333653450012,3,12,4,1,False,False,True
['원자재값 올라도 납품가 인하 요구'],"A하도급업체 관계자는 “원자재 가격 상승에도 불구, 납품단가가 조정되지 않아 연간 4억∼5억원의 손해가 발생하고 있다”면서 “거래가 끊길 것을 각오하고 항의중”이라고 말했다.",원자재 가격 상승에도 불구 납품단가가 조정되지 않아 연간 4억 5억원의 손해가 발생하고 있다,0,0.7126017212867737,0.5761615037918091,5,46,6,1,False,True,False
['적립식펀드 세제혜택 검토안해'],이데일리ⓒ 1등 경제정보 멀티미디어., 적립식펀드 등 자본시장에 세제혜택을 주는 방안을 검토하지 않고 있다,0,0.5953687429428101,0.6278224587440491,3,21,2,0,False,False,True
['호봉제 폐지·해고 쉽게해 청년 고용절벽 해소해야'],"김영배 경총 부회장은 ""연공급제를 타파하고 직무·성과 중심으로 임금체계를 개혁해 청년고용 절벽을 해소해야 한다.",연공급제를 타파하고 직무 성과 중심으로 임금체계를 개혁해 청년고용 절벽을 해소해야 한다 경직된 노동시장의 최대 피해자는 미취업 청년들,0,0.8521307706832886,0.7107363939285278,6,56,5,1,False,False,True
"['美경제, 회복 모멘텀 잃고 있어']","[머니투데이 송선옥 기자][""GDP 수정치 하향될 것""] 모하메드 엘 에리언 핌코 최고경영자(CEO·사진)는 26일(현지시간) 미국 경제가 높은 실업률과 성장 지연으로 회복의 모멘텀을 잃고 있다고 밝혔다.",더 큰 그림으로는 미국 경제가 성장할 모멘텀을 잃고 있다는 것,0,0.8658430576324463,0.662319540977478,5,57,0,0,True,False,False
['美 경제성장 둔화 내년까지 간다'],이러한 전망은 4월 중순 공개된 AP서베이에 비해 상당히 후퇴한 것이다.,실업률이 정상수준인 5 퍼센트 로 복귀하는 시점은 2015년이나 그 이후가 될 것,1,0.5317634344100952,0.1509122550487518,5,43,4,1,False,False,True
"['유럽, 값싼 에너지·수용적 통화정책에 안심해선 안된다']",그는 “통화정책은 성장을 지지할 수는 있으나 지속적인 방향으로 이어질 수는 없다.,통화정책은 성장을 지지할 수는 있으나 지속적인 방향으로 이어질 수는 없다 유로존 거버넌스의 효율성과 적법성이 중앙은행에 대한 과도한 요구로 확대되지 않으며 오히려 반대가 될 것,1,0.5882970690727234,0.5824882388114929,6,55,2,0,False,False,True
['필요시 추가 양적완화 준비돼 있다'],정선영 기자 sigumi@,비록 이례적인 수단이 되더라도 필요하다고 판단된다면 추가적인 경기 부양책을 제공할 준비가 돼 있다,0,0.7211838960647583,0.6073994040489197,5,6,3,1,False,False,True
['올 하반기 수출부진 지속'],'알랴ZOOM'을 봐~] [아찔한 걸~ 레이싱걸 스페셜] [아찔한 걸~ 레이싱걸 스페셜] 장시복 기자,제1위 수출국 중국 부정적 미국은 개선 전망,1,0.6087113618850708,0.6519366502761841,4,17,5,1,False,False,True
['유럽 경제 성장률 반토막 난다'],"OECD는 지금의 추세로 볼 때 유로존 경제 성장률은 현 2%에서 2020~2030년에 0.9% 수준으로 떨어질 전망이며, 이는 2010년까지 성장률을 3%로 끌어 올리겠다는 각국의 ""낙관적인"" 목표에 크게 동떨어지는 것이라고 말했다.", 개혁이 없다면 인구 노령화로 잠재 성장력은 갈수록 둔화되고 미국과의 소득 격차도 상당히 벌어질 것,1,0.4797669053077698,0.612021803855896,5,68,6,1,True,False,False
['4분기 BSI ‘121’···상승세 지속'],기업경기전망지수(BSI)는 기업들의 현장체감경기를 수치화한 것이다.,최근 수출호조세가 지속되면서 향후 경기에 대한 기업들의 기대감이 반영된 결과,1,0.4456984400749206,0.3397749662399292,4,19,0,0,False,True,False
['위안貨 여전히 2~3% 평가절하'],중국의 저명 경제학자인 베이징(北京)대 부설 중국경제연구소중심 린이푸(林毅夫ㆍ사진) 주임이 24일 관영 신화통신 인터뷰에서 “중국은 지난 7월21일 페그제를 폐지하고 관리변동환율제를 채택하면서 2% 정도 평가절상했으나 여전히 2~3% 평가절하돼 있다”고 지적했다.,중국은 지난 7월21일 페그제를 폐지하고 관리변동환율제를 채택하면서 2 퍼센트 정도 평가절상했으나 여전히 2 3 퍼센트 평가절하돼 있다,0,0.4158514738082886,0.593291699886322,4,51,5,1,False,False,True
['美 모기지 이용 10가구당 1가구 압류 위기'],"[워싱턴 = 장광익 특파원][매일경제 핫뉴스] • [女 세상의 중심] 지춘희 미스지컬렉션 대표• 대한산악연맹 ""오은선 칸첸중가 등정 사실아닐 가능성 크다"" • 김태호 총리 후보자 낙마하나• 빈 매물 아파트에 버젖이 이사한 간 큰 50대• 강호동 300억짜리 `육칠팔`, 재벌기업 투자받고 미국 간다[ⓒ 매일경제 & mk.co.kr, 무단전재 및 재배포 금지] MBA도 모바일로 공부한다.",궁극적으로 주택문제는 거래나신축 할부상환금 연체 등에 관계없이 고용과 관련된 것,1,0.4143899977207184,0.8116059899330139,7,172,4,1,False,False,True
['중고령자 해고땐 사용자 불이익 줘야'],"삼성硏 ""취약계층 고용률 높이기 위해 필요"" 주장 한국경제의 고용률을 올리기 위해선 중고령자(55~64세)를 해고하면 사용자에게 금전적 부담을 지우는 등 대안을 고려해봐야 한다는 주장이 제기됐다.",저출산과 고령화가 진전되고 있는 상황에서 이들의 진출 경로를 막고 있는 장애 요인들을 한시 바삐 제거해야 한다,1,0.411700040102005,0.5616978406906128,5,46,2,0,False,False,True
['중앙과 지방 협력해 상생발전 해야'],【서울=뉴시스】류난영 기자 = 임종룡 기획재정부 제1차관은 27일 중앙과 지방간 긴밀한 소통과 협력을 통해 국가 전체가 상생발전 할 수 있도록 최대한 노력해 나가야 한다고 강조했다.,지역발전을 위해서도 5 2 광역경제권 시책을 차질없이 추진해나가는 한편 지방기업에 대한 재정 세제지원 등 정책적 노력을 지속해 나갈 계획,1,0.6868700385093689,0.8277364373207092,5,49,2,0,False,False,True
['지나친 저금리 투자위축 불러'],지나친 저금리정책 때문에 기업들이 투자에 더 소극적일 수 있다는 주장이 제기됐다.,일반적으로 금리 하락은 기업의 투자를 촉진하는 효과가 있지만 금리가 적정 수준보다 크게 낮은 상태가 오래 지속될 경우 기업은 정책금리 인하를 미래 경기에 대한 불확실성 신호로 받아들일 가능성이 있다,0,0.7730146050453186,0.6741476058959961,4,31,5,1,False,False,True
"['美경제, 회복 모멘텀 잃어']",(서울=연합인포맥스) 이효지 기자 = 높은 실업률과 성장 둔화가 미국 경제의 회복에 모멘텀을 잃게 하고 있다고 채권펀드 핌코의 모하메드 엘 에리언 최고경영자(CEO)가 말했다.,전통적인 관점에선 경제지표가 오르락내리락 하겠지만 상당한동력이 필요한 상황에서 지표는 우리가 성장이 지체되고 실업률이 높은 뉴 노멀 상태임을 보여줄 것,1,0.7216931581497192,0.4147765934467315,4,45,4,1,False,False,True
['여전히 어둡다'],'알랴ZOOM'을 봐~] [별게 다 궁금해?,메르스 영향에서 벗어나며 기업경기전망은 메르스 이전 수준을 회복했으나 기준치 100에는 미치지 못하고 있다,1,0.1006192713975906,0.4827309250831604,2,60,5,1,False,False,True
['최저임금 높을수록 실업률 높아'],실제로 전반적으로 최저임금이 높은 국가일수록 실업률이 높았다.,최저임금을 중간소득의 퍼센트 까지 인상하면 기업들이 인력을 채용하기보다 설비시설 자동화에 투자할 가능성이 높아질 수 있다,0,0.6891522407531738,0.7418631315231323,4,53,6,1,False,True,False
['국내 경기회복 강도 강화'],"조성준 메리츠증권 연구원은 ""하반기 국내 생산부문의 개선이 내수 회복을 진행시키고 6월 이후 미국 산업생산의 확대 추세가 중국과 더불어 국내 생산에 긍정적으로 작용할 것이란 기존 전망이 하반기에도 유효할 가능성이 높아졌다""고 밝혔다.",하반기 국내 생산부문의 개선이 내수 회복을 진행시키고 6월 이후 미국 산업생산의 확대 추세가 중국과 더불어 국내 생산에 긍정적으로 작용할 것이란 기존 전망이 하반기에도 유효할 가능성이 높아졌다,0,0.6393449306488037,0.0838395282626152,4,88,3,1,False,False,True
"['상반기 바닥..고유가탓,가시적회복 어렵다']","[머니투데이 배성민 기자] 경기가 상반기에 바닥을 통과했지만 고유가, 금리인상 등이 하반기에 이어지면서 경제회복이 가시화되기는 어려울 것이라는 전망이 나왔다.",경기가 상반기 바닥을 통과해 하반기 완만하게 회복하는 기존 시각을 유지하지만 고유가 장기화로 경상수지 흑자폭이 하향조정돼 올해와 내년 성장 전망치를 낮췄다,0,0.7186694145202637,0.5994102358818054,3,38,4,1,False,False,True
['주택투자 감소로 일자리 17만개 증발…업체 5.7% 부도위기'],"김 위원은 ""만약 올해 주택건설 투자가 줄어들지 않고 지난해 수준을 유지할 수 있다면, 실업률은 0.45%포인트(p) 낮아지고, 고용률은 0.27%p 개선되면서 GDP도 0.1092%p 오를 수 있다""고 설명했다.",만약 올해 주택건설 투자가 줄어들지 않고 지난해 수준을 유지할 수 있다면 실업률은 0 45 퍼센트 포인트 낮아지고 고용률은 0 27 퍼센트 개선되면서 도 0 1092 퍼센트 오를 수 있다,0,0.7062428593635559,0.4355339705944061,7,46,5,1,False,False,True
"['부동산대책, 시장 안정기반 정착될 것']","[머니투데이 서명훈 기자]한덕수 부총리 겸 재정경제부 장관은 23일 ""부동산 대책이 추진될 경우 투기적 수요가 사라지는 등 부동산 시장의 안정기반이 기조적으로 정착될 것""이라고 밝혔다.",부동산 대책이 추진될 경우 투기적 수요가 사라지는 등 부동산 시장의 안정기반이 기조적으로 정착될 것,0,0.9132341146469116,0.1299978792667389,5,44,0,0,True,False,False
"[""'서머랠리' 가능성 높다""]",(서울=연합뉴스) 신호경기자 = 세종증권은 11일 정보기술(IT)이나 운수장비 등 경기민감업종이 주도하는 서머랠리(초여름.휴가철 강세장) 가능성이 높아지고 있다고 분석했다.,급등에도 불구 경기회복 모멘텀을 감안할 때 이들에 대한 점진적 비중확대가 계속 유효하며 은행 보험 증권 등 일부 소재주 등의 여타 경기관련주에 대한 관심도 필요하다,1,0.3609843850135803,0.752968966960907,3,27,2,0,False,False,True
['하반기 기업경기전망↓'],'알랴ZOOM'을 봐~] [아찔한 걸~ 레이싱걸 스페셜] [아찔한 걸~ 레이싱걸 스페셜] 장시복 기자,반도체 스마트폰 관련 기업이 많은 수도권과 충청권이 자동차부품 생산 감소와 철강업 부진 등으로 어려움을 겪고 있는 강원 대경권보다 사정이 나은 편,1,0.4840442240238189,0.5996886491775513,2,17,5,1,False,False,True
['4분기 제조업 경기전망 호조'],4분기 BSI 121..6분기 연속 100 이상 (서울=연합뉴스) 강훈상 기자 = 올해 4분기 제조업 경기가 3분기에 비해 호조를 보일 것이라는 전망이 나왔다.,수출호조세가 지속하면서 경기에 대한 기업의 기대감이 반영된 결과,1,0.6993881464004517,0.6062862873077393,4,35,0,0,False,True,False
['주요 교역국 하반기 경기전망 부정적'],"데일리안 이홍석 기자 ⓒ (주)데일리안 - 무단전재, 변형, 무단배포 금지",정부도 엔저 기조 지속과 미국의 금리인상 등에 따른 과도한 환율변동성 확대에 대비한 환율 안정화 조치 등 우리경제의 재도약을 위한 여건을 조성해줘야 한다,1,0.4763111174106598,0.9396628141403198,5,34,6,1,True,False,False
"['브라질국채 투자, 보수 관점 유지해야']",// flash 오류를 우회하기 위한 함수 추가 function _flash_removeCallback() {} (서울=연합뉴스) 차대운 기자 = 하나대투증권은 27일 브라질의 부진한 경기 흐름이 이어지고 있는데다 정치 환경도 불안정하다면서 브라질 국채 투자에 대해 보수적 시각을 유지해야 한다고 조언했다.,브라질 금융 시장의 불안한 흐름이 지속되고 있다,1,0.680015504360199,0.7714921236038208,5,68,3,1,False,False,True
"['美 53개 도시 집값, 극단적으로 고평가']",이데일리ⓒ 1등 경제정보 멀티미디어.,집값이 비싸다거나 빠른 속도로 오른다고 해서 반드시 많이 고평가됐다고 볼 수는 없다,1,0.581307053565979,0.6781336665153503,6,37,4,1,False,False,True
['지역 경기 바닥 찍었나'],액화천연가스(LNG)선 수주를 필두로 한 조선업 경기회복 신호에 정부 추가경정에 대한 기대감까지 더해지면서 지역 경기가 바닥을 찍은 것 아닌가 하는 기대의 목소리가 나온다.,조선업에서 회복 조짐이 보이면서 나락으로 떨어졌던 지역 경기가 조금씩 살아나는 것처럼 보이지만 실상은 여전히 어두운 터널을 지나는 중,1,0.4249675273895263,0.2967860102653503,4,84,4,1,False,False,True
['노력해도 계층 상승 어렵다'],"이에 따르면 개개인이 노력할 경우의 계층 상승 가능성을 묻는 질문에 81.0%가 ""가능성이 작은 편""이라고 답했다.",가능성이 작은 편,0,0.5043584704399109,0.5279051065444946,4,43,2,0,False,False,True
['우리나라에선 노력해도 계층 상승 어렵다'],"조사 결과에 따르면 개개인이 노력할 경우의 계층 상승 가능성을 묻는 질문에 81.0%가 ""가능성이 작은 편""이라고 답했습니다.",가능성이 작은 편,0,0.4732529819011688,0.5821620225906372,5,47,3,1,False,False,True
['한은 이어 KDI도 성장률 3.8%로 하향 조정'],[머니투데이 서명훈 기자]한국은행에 이어 국책연구기관인 한국개발연구원(KDI)이 올해 경제성장률 전망을 4%에서 3.8%로 하향 조정했다.,여기에 세계경제성장률이 0 1 퍼센트 포인트 하락할 경우 하락 폭은 0 31 퍼센트 로 커지게 된다,1,0.5351096391677856,0.8467955589294434,7,29,3,1,False,False,True
['미 경제 회복 모멘텀 잃고 있다'],"그는 이어 ""고용시장의 그림은 일자리를 만들거나 유지하기 어렵다는 것을 말해준다""며 ""더욱 큰 그림으로는, 미국 경제가 성장 측면에서 모멘텀을 잃고 있다는 것""이라고 말했다.",더욱 큰 그림으로는 미국 경제가 성장 측면에서 모멘텀을 잃고 있다는 것,0,0.8507499694824219,0.7432204484939575,6,70,0,0,True,False,False
['올 하반기 성장률 3% 미만'],"내역별로는 경제성장률의 경우 올 하반기와 내년초 3%선을 밑돌고, 이어 내년 1∼5월까지는 대략 3.5% 선에 이를 것으로 관측됐다.",더블딥 가능성은 없어,1,0.1415998339653015,0.8176965713500977,5,60,5,1,False,False,True
['부동산 투기 억제 생산적 투자 유도'],한부총리는 이날 오후 제주 신라호텔에서 열린 한국능률협회 주최 최고경영자 하계세미나에서 ‘희망의 대한민국을 위한 정부의 경제정책 방향’이라는 제목의 강연을 통해 이같이 밝히고 “고용과 소비를 촉진할 수 있는 생산적인 투자에 자금이 투입될 수 있도록 부동산 투기수요를 억제하겠다”고 강조했다.,고용과 소비를 촉진할 수 있는 생산적인 투자에 자금이 투입될 수 있도록 부동산 투기수요를 억제하겠다,0,0.8876104354858398,0.7006649971008301,6,82,2,0,False,False,True
['4분기도 좋다'],'모바일익스프레스' 머니투데이 강경래기자 butter@,최근 수출 호조세가 지속되면서 향후 경기에 대한 기업들의 기대감이 높아진 데 따른 것,1,0.1062348708510398,0.590891420841217,2,12,3,1,False,False,True
['소득주도 성장..기업 가격경쟁력 약화시켜'],"// flash 오류를 우회하기 위한 함수 추가 function _flash_removeCallback() {} ""새 정부 출범 후 '소득주도 성장'이라는 이름의 정책 논의가 진행됐지만 이는 실제 정부가 예상한 결과와는 다르게 나타났다."" ""초기 정책 시행 당시 가장 걱정한 것 중 하나는 임금 인상을 통해 경제 성장을 한다는 것이 오히려 기업의 국제 가격 경쟁력을 약화시키고 생산시설 저하로 이어질 가능성이었다."" 성태윤 연세대 경제학과 교수는 24일 열린 제20회 서울국제금융포럼에서 '거시경제 진단과 성장의 길'을 주제로 한 강연에서 민간 주도의 성장과 이를 위한 정부 정책의 중요성을 강조했다.",초기 정책 시행 당시 가장 걱정한 것 중 하나는 임금 인상을 통해 경제 성장을 한다는 것이 오히려 기업의 국제 가격 경쟁력을 약화시키고 생산시설 저하로 이어질 가능성이었다 ,0,0.6896985769271851,0.6709708571434021,4,100,5,1,False,False,True
['강도 높은 체질 개선'],"시몬스침대 관계자는 “2018년 부동산 경기 하락, 역대 최저 혼인율, 실업률 상승 등에 의해 앞으로 극심한 불황이 다가올 수도 있다는 것을 체감했다”며 “인적 인프라와 제품 개발에 공격적으로 선투자하고 대리점과 납품업체 등에 지원을 병행하는 등 불황에도 지속 가능한 성장을 위해 강도 높은 체질 개선을 감행한 결과”라고 했다.",인적 인프라와 제품 개발에 공격적으로 선투자하고 대리점과 납품업체 등에 지원을 병행하는 등 불황에도 지속 가능한 성장을 위해 강도 높은 체질 개선을 감행한 결과,0,0.4186501204967499,0.269107311964035,4,78,1,0,False,False,True
['노동시장 개선 덕분'],"[© 뉴스1코리아( news1.kr ), 무단 전재 및 재배포 금지] [© 뉴스1코리아( news1.kr news1.kr), 무단 전재 및 재배포 금지]",소비자들은 노동시장에 대해 긍정적인 평가를 하면서 현재 상황을 상당히 낙관적으로 보고 있는 것으로 드러났다,1,0.5878275632858276,0.6976830959320068,3,25,5,1,False,False,True
['美 경기회복 새정책 내놓나'],하지만 일각에서는 개최 도시 이름(Jackson Hole)에 빗대 이번 심포지엄이 시장의 신뢰 회복을 위한 뾰족한 수를 찾지 못해 ‘공허하게(hole)’ 끝나는 것이 아니냐는 우려도 제기하고 있다.,미 경제가 디플레이션 경향으로 바뀔 위험이 있다,1,0.5881162285804749,0.1859312951564788,4,71,6,1,True,False,False
"['G20, 경제 정책 협의체 설치 필요']","인민은행 자문역을 지낸 바 있는 천은 그렇게 하려면 G20이 전 세계적인 경제 정책 공조 시스템을 구축해야 한다면서, 이를 통해 저성장과 과다한 채무, 그리고 높은 실업률을 해결해야 한다고 강조했다.",각 분야의 투자와 무역 그리고 혁신 정책을 만들고자 공동 행동 체를 구축하는 것이 필요하다,0,0.5889002084732056,0.7767285108566284,6,59,1,0,False,False,True
['경제침체 완전 탈출'],"경제백서는 일본 경제를 장기간 짓눌렀던 고용 설비 채무 등 이른바 '3가지 과 잉'이 거의 해소돼 ""버블 이후라고 불리는 시기를 확실히 빠져나왔다""고 주장했 다.",버블 이후라고 불리는 시기를 확실히 빠져나왔다,0,0.4863203465938568,0.3291922807693481,3,67,4,1,False,False,True
"['전면적 대중관세 부과, 美에도 악영향']",2019.05.28.,결국 미국 기업과 소비자가 관세 부담,1,0.4709338843822479,0.2283490896224975,5,63,4,1,False,False,True
"['버냉키의 FRB, 비둘기 둥지 안될 것']",무단전재 및 재배포 금지＞ 최현석 (,연준이나 버냉키가 내년에 비둘기파 관점을 가질 것이라는 견해에 반대한다,0,0.6305623054504395,0.766180157661438,6,7,4,1,False,False,True
['4분기에도 수출경기 회복 어려워'],"국제무역연구원 관계자는 ""연말까지 미국의 정책금리 인상, 중국의 경기둔화와 신흥국 경기불안 등 우리 수출의 하방리스크 요인들이 산재해 있다""면서 ""무역업계의 원가절감, 경영합리화 등 경쟁력을 높이는 노력이 그 어느 때보다 필요하다""고 강조했다.",연말까지 미국의 정책금리 인상 중국의 경기둔화와 신흥국 경기불안 등 우리 수출의 하방리스크 요인들이 산재해 있다,1,0.6879591941833496,0.2929390370845794,4,42,4,1,False,False,True
['경기 회복속도 둔화되는 정도..회복세 유효'],(서울=연합인포맥스) 황병극 기자 = 한국은행은 그간 경기회복이 빠르게 전개된데 따른 기저 효과로 경기 회복속도가 다소 둔화되고 있다고 진단했다.,상반기에 빠르게 개선됐던 경기의 회복속도가하반기에 다소 둔화될 것으로 예상했던 것이 현실화되고 있다,0,0.8249343633651733,0.6174858808517456,5,33,1,0,False,False,True
['재정확대 효과'],"['생존 재테크' 백과사전 ""재테크를 부탁해"" ] ['생존 재테크' 백과사전 ""재테크를 부탁해"" ] [부자들에게 배우는 성공 노하우 '줄리아 투자노트' ] [부자들에게 배우는 성공 노하우 '줄리아 투자노트' ] [내 삶을 바꾸는 정치뉴스 'the 300'] [내 삶을 바꾸는 정치뉴스 'the 300'] [CEO의 삶을 바꾼 '내 인생 최고의 조언' ] [CEO의 삶을 바꾼 '내 인생 최고의 조언' ] [아찔한 girl~ 레이싱모델 핫포토 ] [아찔한 girl~ 레이싱모델 핫포토 ] 전병윤 기자",재테크를 부탁해,0,0.6231023073196411,0.6023615598678589,2,75,6,1,False,True,False
['올해 경제성장률 6%도 달성 가능'],【서울=뉴시스】류난영 기자 = 윤증현 기획재정부 장관은 28일 올해 우리나라의 경제 성장이 당초 예상했던 5.8%를 넘어 6% 달성이 가능할 것이라고 말했다.,올 4분기에 전기대비 퍼센트 이상만 성장한다면 올해 6 퍼센트 이상 성장은 문제 없다,0,0.6929491758346558,0.8417295813560486,5,71,2,0,False,False,True
['우리 잠시 떨어져있자'],"""그래, 잠시 떨어져 있자."" 일단 지수선물은 상승세다.",그래 잠시 떨어져 있자 ,0,0.9753738045692444,0.7468340396881104,3,41,4,1,False,False,True
['메르스 벗어났다'],하지만 내수판매 부문을 살펴보면 메르스 여파가 컸던 6월을 기점으로 상승 추세를 보이고 있다.,메르스 영향이 해소되면서 비제조업에서는 숙박 여가업종 제조업에서도 의복 가방 등 최종소비재에 대한 기업 심리지수가 개선되고 있다,1,0.1374298930168151,0.2332508116960525,2,33,5,1,False,False,True
['6월에 더 안 좋아진다'],전망수치는 3월부터 오르다가 6월부터 반전했다.,원자재인 철광석 가격이 올랐고 중국산 저가 수입이 늘어난 것도 경기 전망을 비관적으로 보게 한 요인,1,0.302057534456253,0.4418543577194214,4,23,5,1,False,False,True
['중국 제조업 부진 지속…글로벌 경기에 악영향 미쳐'],"아울러 ""실제로 중국의 경기 둔화 우려로 뉴욕, 상하이, 국내증시는 물론, 서부 텍사스산 원유(WTI)가 부진한 흐름을 나타내고 있다""고 지적했다.",실제로 중국의 경기 둔화 우려로 뉴욕 상하이 국내증시는 물론 서부 텍사스산 원유 가 부진한 흐름을 나타내고 있다,0,0.6216750741004944,0.6578537225723267,7,53,5,1,False,False,True
['소비는 살아나는데…'],과연 우리 경제 살아나고 있는 것인지 다른 걱정은 없는 것인지 성승환 기자가 진단해봤습니다.,소비는 살아나는데 ,1,0.9550976157188416,0.568546712398529,2,32,5,1,False,False,True
['ECB 양적완화 소용없다…구조개혁 필요'],그렇다고 ECB가 할 수 있는 일이 아주 없는 것은 아니다.,그러나 가 이런 기관들로부터 채권을 사들인다면 그 효과는 분명히 크게 확대될 것,1,0.3701488971710205,0.7128921747207642,4,53,6,1,True,False,False
['고교 졸업예정자도 중소기업 인턴 가능'],고용부 관계자는 “최근 서울과 수도권 고용센터 실무자들과의 간담회와 국민 신문고 등을 통해 수렴된 제도개선 요구 사항을 반영했다”며 “제도 활성화의 계기가 될 것으로 본다”고 말했다.,제도 활성화의 계기가 될 것으로 본다,1,0.3638114929199219,0.3072525262832641,5,44,4,1,False,False,True
['대졸 남성 청년 체감 실업률 27.9%'],무단 전재-재배포 금지],숙박 음식점이나 이런 곳에서 물론 아르바이트 자리가 없을 수는 없겠죠 그쪽에서 알바 아르바이트 자리가 많이 늘어서 그런 것 아니냐 질문하시는데 그게 전부 알바 아르바이트 자리라고 볼 수는 없고 ,1,0.2702618837356567,0.7208845019340515,6,20,4,1,False,False,True
['미·중 갈등에 불확실성 커졌다'],금통위가 '전망경로의 불확실성'을 언급했다는 점을 주목할 필요가 있다.,다만 미 중 무역분쟁 심화 등으로 전망경로의 불확실성은 높아진 것으로 판단된다,0,0.8105788826942444,0.7551077604293823,4,54,0,0,True,False,False
['금도 좋고 은도 좋다'],[관련기사]☞ '금값이 진짜 금값!' 투자 유의사항은?,금값이 최근 수주간 폭발적인 오름세를 보였기 때문에 잠시 주춤할 수도 있겠지만 향후 10년동안 큰 폭 오른다는 것만은 확실하다,1,0.5815094709396362,0.6707062721252441,4,47,5,1,False,False,True
['소비자심리 업턴했다'],최근 청와대와 더불어민주당은 한국은행 소비자심리지수를 예로 들면서 “소비자심리가 ‘업턴’했다”고 한 것과는 달라진 상황이다.,소비자심리가 업턴 했다,0,0.9057093262672424,0.4958931803703308,2,50,5,1,False,False,True
['중소기업 생산·수출은 감소…벤처투자는 증가'],4월 중소기업 취업자 수도 5~299인 업체의 고용 부진으로 증가 폭은 축소됐지만 1~4인 업체의 고용 증가 속에 회복세는 유지했다.,미 중 무역협상의 불확실성과 그에 따른 대내외 경기여건 악화에 대비해야 한다,1,0.4113733172416687,0.6937622427940369,4,57,3,1,False,False,True
['설비투자 감소와 경기부진 영향'],중기중앙회 측은 “설비투자 감소와 심리악화 등 모멘텀 부재로 하락했다”며 “최근 건설업의 전망이 개선되고 있음에도 서비스업의 부진과 계절적 수요 감소 등으로 비제조업 전체로는 전월보다 소폭 하락했다”고 설명했다.,설비투자 감소와 심리악화 등 모멘텀 부재로 하락했다,0,0.8120816946029663,0.507544994354248,4,47,4,1,False,False,True
"['정부, 씀씀이 줄여라']",[동아일보] 《대표적인 국책연구기관인 한국개발연구원(KDI)이 정부에 대해 “씀씀이를 줄여야 한다”고 충고했다.,씀씀이를 줄여야 한다,0,0.6896957159042358,0.6839635968208313,3,25,0,0,True,False,False
"['실업률 감축, 오랜 시간 걸릴 것']",[머니투데이 김경원 기자][블룸버그 TV '주디 우드러프와의 대화' 출연] 오스탄 굴스비 미 백악관 경제자문위원회(CEA) 위원장은 29일(현지시간) 실업률을 줄이려는 정부 노력이 효과를 내기까지는 시간이 걸릴 것이라고 밝혔다.,현재 9 6 퍼센트 인 실업률을 낮추기 위해서는 많은 노력과 오랜 시간이 필요하다,0,0.8524988889694214,0.6507538557052612,6,43,0,0,True,False,False
['변곡점이 임박했다'],"맥스 버블리츠 SCM 어드바이저스 스트래티지스트는 중간선거와 FOMC 회의결과가 ""위로든 아래로든 `변곡점(inflection point)`이 될 수 있다""고 전망했다.",위로든 아래로든 변곡점 이 될 수 있다,0,0.7572298049926758,0.4857088029384613,2,46,5,1,False,False,True
['통화전쟁 되살아나고 있다'],[서울신문] 도미니크 스트로스칸 국제통화기금(IMF) 총재는 지난 2일(현지시간) ‘세계 통화전쟁’이 국제금융시스템을 무너뜨릴 위험성을 경고하며 이를 막기 위해 주요 선진국들이 대화와 협력을 해야 한다고 촉구했다.,주요 경제대국들이 2008년 위기 상황에서 통화와 재정정책 분야에서 보여줬던 합의와 협력 정신이 줄어들고 있다는 것이 주요한 위협,1,0.3120613694190979,0.407561719417572,3,45,6,1,True,False,False
['인플레 목표치 밑돌면'],// flash 오류를 우회하기 위한 함수 추가 function _flash_removeCallback() {} 클라리다 부의장 뉴욕 경제 클럽 연설 클라리다 부의장 뉴욕 경제 클럽 연설 미 연방준비제도© AFP=뉴스1 미 연방준비제도© AFP=뉴스1 미 연방준비제도© AFP=뉴스1 (서울=뉴스1) 권영미 기자 = 리처드 클라리다 미 연방준비제도(Fed) 부의장이 미국 경제는 양호한 편이지만 연준 위원들은 경제 지표가 현재 예상보다 급격한 경기 둔화의 구체적인 리스크를 보일 경우 금리 인하를 고려할 것이라고 30일(현지시간) 말했다.,만약 향후 들어오는 수치가 지속적으로 2 퍼센트 인플레이션 목표 이하거나 세계 경제 및 금융 전개 상황이 우리의 기준 전망에 비해 중대한 하방 위험을 내포하고 있다면 이 같은 입장을 재평가할 것,0,0.655772864818573,0.3312268853187561,3,96,6,1,False,True,False
['경제위기 구조·일상적 위기와 구별해야'],"노 대통령은 ""통계는 통계고 체감경기는 가는 곳마다 다를 수 있기 때문에 우리 경제를 위기로 생각해서는 안된다""며 ""우리 한국도 지금 성장속도가 줄어가고 있기 때문에 위기감이 심각해지고 이에 대한 개혁을 어떻게 할 것인가를 놓고 사회 전체가 몸살을 앓을 가능성이 있다""고 설명했다.", 그러나 이는 총체적 위기나 경제자체의 위기와는 구분해야 한다,0,0.9195109605789183,0.6960439682006836,4,100,4,1,False,False,True
['美경기침체 아직 진행중'],2010.5.3 hoonkim@yna.co.kr,미국이 여전히 경기침체 속에 있다 ,0,0.8110373020172119,0.3199929296970367,3,8,2,0,False,False,True
['경기저점 지난해 2월'],"[관련기사] ☞ 기업 체감경기 '싸늘'…제조업 BSI지수 연중최저 ☞ 유럽 경기회복 전망 2008년래 최고치 ☞ 경기도 내년 국비 3조8637억원 확보 ☞ 경기도, 30일 조류인플루엔자 대비 가상훈련 실시 [증권방송오픈] 제대로된 기법전수!",기준순환일 설정은 최근 경기순환 국면에 대한 공식적인 선언,1,0.4150500893592834,0.893193244934082,3,70,5,1,False,False,True
['北 방방곡곡 개성공단을'],"박 총재는 대북경협과 관련,“북한은 한국경제의 신 개척지(뉴프런티어)”라면서 “북한의 개성공단이 당초 구상대로 성공적으로 운영되고 있으며 북한 방방곡곡에 이같은 공단들을 지어야 한다.”고 주장했다.",북한은 한국경제의 신 개척지 뉴프런티어 ,0,0.6038140654563904,0.3904815316200256,3,66,6,1,False,True,False
['지금 업황은 좋지만 전망은 `글쎄`'],"한은 경제통계국 손 원 과장은 ""경기 둔화 우려에다 환율이 계속 하락할 것이라는 예측이 팽배해진 결과로 보인다""고 말했다.",경기 둔화 우려에다 환율이 계속 하락할 것이라는 예측이 팽배해진 결과로 보인다,1,0.4310598373413086,0.4220984280109405,5,40,3,1,False,False,True
['여권 발표 경제지표는 국민 기만'],"한나라, 현 정부들어 양극화 더 심화, 무역 흑자는 작년 절반에 불과 [데일리안 김영 기자]여권이 한나라당에 요구한 경제파탄에 대한 구체적 지표를 들어달라는 요구에 대해 한나라당이 “여권의 경제지표에 대한 자화자찬이 아전인수를 넘어 국민을 기만하는 수준에 이르렀다""며 공세의 수위를 높였다.",여권의 경제지표에 대한 자화자찬이 아전인수를 넘어 국민을 기만하는 수준에 이르렀다,0,0.8310548067092896,0.3226466774940491,5,62,4,1,False,False,True
['4분기 수출도 개선되기 힘들어'],"국제무역연구원 관계자는“연말까지 미국의 정책금리 인상, 중국의 경기둔화와 신흥국 경기불안 등 우리 수출의 하방리스크 요인들이 산재해 있다”고 설명했다.",연말까지 미국의 정책금리 인상 중국의 경기둔화와 신흥국 경기불안 등 우리 수출의 하방리스크 요인들이 산재해 있다,1,0.6710623502731323,0.3534019589424133,4,30,4,1,False,False,True
"['과감하고, 창조적인 정책대응 필요']","미국 연방준비제도이사회(FRB)는 높은 실업, 지나치게 낮은 물가 상승률, 낮은 성장률 등 심각한 경제문제에 대해 '과감하고(vigorously)' '창조적으로(creative)' 대처해야 한다고 FRB 고위 관계자가 29일(현지시간) 주장했다.에릭 로젠그린 보스턴 연방준비은행 총재는 이날 뉴욕에서 열린 한 콘퍼런스에 참석해 질의 응답을 통해 이같이 밝혔다.그의 발언은 FRB가 연방공개시장위원회(FOMC)에서 추가 통화완화정책을 시행할 준비가 돼 있다고 밝힌 것과 맥을 같이 하는 것으로 다양한 정책시행을 내부적으로 구상하고 있음을 시사하는 것으로 해석된다.앞서 월스트리트 저널(WSJ)지는 FRB가 채권 매입 목표액을 설정하고, 대규모로 이를 사들이던 방식에서 벗어나 규모를 조금씩 늘리며 시장 반응에 따라 완급을 조절하는 새로운 방식을 도입할 것을 검토하고 있다고 보도한 바 있다.로젠그린 총재는 ""내 관점으로는 현 경제 여건, 10%에 육박하는 실업률, 더딘 성장, 바람직하지 않은 낮은 물가 상승률 등이 겹쳐지며 심각한 경제문제를 야기하고 있다""면서 이같이 말했다.그는 '더딘 회복세에 통화정책이 어떻게 대응해야 할 것인가'라는 주제 발표에서 ""수단이 남아 있는 한 과감하고, 창조적이며 사려깊고, 지속적인 대응이 그 답이 될 것""이라면서 ""우리는 이같은 수단들을 갖고 있다""고 강조했다.로젠그린은 현 실업이 노동자들의 기술과 고용주들의 요구가 맞지 않아 생기는 구조적 문제로 통화정책을 통해 대응하는 것은 효과가 없다는 일부 매파의 주장에 동의하지 않는다고 밝혔다.대신 그는 기업들이 충분한 수요가 없어 고용을 늘리지 않는 것이라고 지적하고 ""기업들이 수요 증가를 확신할 수 있다면 고용을 늘릴 것""이라며 수요확대를 위한 추가 통화완화정책 필요성을 강조했다.총수요확대 정책은 여전히 유효하다는 것이다.로젠그린은 미 경제 성장세가 높은 실업과, 디플레이션 압력을 완화할 만큼 충분히 빠르지 않은 것이 문제라고 덧붙였다./",수단이 남아 있는 한 과감하고 창조적이며 사려깊고 지속적인 대응이 그 답이 될 것,0,0.5293269157409668,0.6276793479919434,4,209,2,0,False,False,True
['회복엔 동의하지만 강도는 미약'],하지만 경기가 과연 본격회복 국면에 진입했는지에 대해서 는 의견이 엇갈리는 모습이다.,소비를 중심 으로 한 회복세라는 점에는 동의하지만 강도는 미약하다,0,0.6990969777107239,0.6426384449005127,4,50,2,0,False,False,True
['성장잠재력 확충위해 강력한 드라이브 걸 것'],한 부총리는 이날 출입기자들과 만난 자리에서 “재경부를 중심으로 잠재성장률과 실질성장률을 높이기 위해 강력한 드라이브를 걸 것”이라며 이 같이 말했다.,재경부를 중심으로 잠재성장률과 실질성장률을 높이기 위해 강력한 드라이브를 걸 것,0,0.9181501865386964,0.6714946031570435,6,55,0,0,True,False,False
['추가 양적완화 안된다'],"그는 ""연준이 (자산매입으로) 장기 채권 금리를 10~20 베이시스포인트(=0.1~0.2%포인트) 낮추더라도, 연준의 자산매입이 단기 고용전망에 큰 영향을 미칠 것으로는 보지 않는다""고 덧붙였다.▶ 이데일리ON, 문자로 시세,추천,진단,상담정보 - #2200▶ 이데일리 모바일ㆍ실시간 해외지수/SMS ▶ 가장 빠른 글로벌 경제뉴스ㆍ금융정보 터미널, 이데일리 MARKETPOINT＜ⓒ종합 경제정보 미디어 이데일리 - 무단전재&재배포 금지＞＜안방에서 만나는 가장 빠른 경제뉴스ㆍ돈이 되는 재테크정보 - 이데일리TV＞ 지영한 (yhji@)", 자산 매입 프로그램이 비용만 들뿐 실익이 없으리라고 보기 때문에 지금은 추가 자산 매입에 착수하는 것을 바라지 않는다,0,0.4528952836990356,0.501051664352417,3,76,1,0,False,False,True
['추석경기 작년보다 나빠질 것'],// flash 오류를 우회하기 위한 함수 추가 function _flash_removeCallback() {} - 네명 중 한 명 추석 지출 줄일 것…“부모님 용돈 가장 부담” - 네명 중 한 명 추석 지출 줄일 것…“부모님 용돈 가장 부담” - 네명 중 한 명 추석 지출 줄일 것…“부모님 용돈 가장 부담” [이데일리 유재희 기자] 서울시민 절반 이상이 이번 추석 경기가 지난해보다 나빠질 것으로 전망했다.,부모님 용돈 가장 부담,1,0.2711470127105713,0.4886682331562042,4,74,3,1,False,False,True
['수출·소비 경기 쌍끌이'],〈박문규기자〉 - 대한민국 새신문!,소비가 성장세를 이끌었던 2000년 당시와는 달리 앞으로는 수출과 소비의 동반성장으로 한층 강한 회복세가 예상된다,0,0.6121251583099365,0.9144911170005798,3,31,3,1,False,False,True
"['美기업 디폴트, 위기전 수준 하락']",(뉴욕=연합뉴스) 김지훈 특파원 = 미국 기업들의 자금 사정이 호전되면서 기업들의 디폴트 비율(Default Rate.채무불이행 비율)이 올해 말까지 금융위기 이전 수준으로 하락할 것이라는 전망이 나왔다.,상황이 꽤 빠르게 복구됐고 자본시장은 기업 디폴트에 대한 많은 우려를 해결해왔다,1,0.3866001665592193,0.260336697101593,5,38,1,0,False,False,True
['올해 한국경제 성장률 6%대 이를 것'],"(서울=연합인포맥스) 임승규 기자 = 윤증현 기획재정부 장관은 28일 ""올해 한국경제의 성장률은 당초 예상했던 5.8%를 넘어 6%대에 이를 것""이라고 전망했다.",올해 한국경제의 성장률은 당초 예상했던 5 8 퍼센트 를 넘어 6 퍼센트 대에 이를 것,0,0.9371308088302612,0.780872106552124,6,52,1,0,False,False,True
"['국내 경기, 상승세 이어갈 것']",[증권방송오픈] 제대로된 기법전수!," 

그는 앞으로 국내 경제에 대해 ",0,0.6632785201072693,0.9005833864212036,5,51,3,1,False,False,True
['통화·재정정책 확장적 운용'],정재형기자 ddotti@,확장적 재정정책이라는 말이 아니고 확장적 정책기조라는 것,0,0.7715156078338623,0.6355695128440857,3,39,6,1,False,True,False
['고학력 남성청년 체감실업률 27.9%…공식통계보다 3배 많아 '],한국경제연구원은 25일 청년실업과 관련한 보고서에서 올해 1∼8월 청년층(15∼29세)을 대상으로 학력별ㆍ성별 체감실업률을 추정한 결과 이같이 나타났다고 밝혔다.,올해 3월 기준 청년층 비정규직 취업자의 여성 비중은 남성보다 약14 퍼센트 포인트 높다,1,0.6401882767677307,0.3817101716995239,7,49,2,0,False,False,True
['경기회복 기조 지속될 것'],"[녹취 : 윤증현 / 기획재정부 장관]""지표 경기 개선이 서민들의 체감경기 개선으로 이어질 수 있도록 일자리 창출과 물가의 안정 등 서민생활 안정을 위한 정책 노력을 강화해 나가야 할 것으로 생각됩니다.""▶ 이데일리ON, 문자로 시세,추천,진단,상담정보 - #2200▶ 이데일리 모바일ㆍ실시간 해외지수/SMS ▶ 가장 빠른 글로벌 경제뉴스ㆍ금융정보 터미널, 이데일리 MARKETPOINT＜ⓒ종합 경제정보 미디어 이데일리 - 무단전재&재배포 금지＞＜안방에서 만나는 가장 빠른 경제뉴스ㆍ돈이 되는 재테크정보 - 이데일리TV＞ 성문재 (mjseong@)",전반적인 경기회복 기조는 지속될 것,0,0.9659495949745178,0.7579512000083923,4,72,2,0,False,False,True
['한국경제 4~5% 성장 지속할 것'],무단전재 및 재배포 금지＞ 이학선 (,금년중에도 한국경제는 국내총생산 성장률 약 4 퍼센트 소비자물가 상승률 3 퍼센트 경상수지흑자 130억달러 외환보유액 2060억달러로 예상되는 등 전반적인 거시경제지표가 건실한 모습을 보이고 있다,0,0.8503597378730774,0.9509259462356568,5,7,4,1,False,False,True
"['연준, 공격적 부양조치 취해야']",'모바일익스프레스' 뉴욕=강호병특파원,연준이 경기회복세가 힘을 받도록 공격적이고 독창적으로 사려깊은 조치를 일관성 있게 취해야 한다,0,0.6367443799972534,0.6525670289993286,4,10,6,1,False,True,False
['청년 고용절벽 최소 5년 더 지속… 勞·使 한걸음씩 양보해야 풀려'],"그는 “지난해 우리나라 근로자 평균 퇴직 연령이 53세였는데 정년이 60세로 연장됨에 따라 청년고용절벽 현상이 앞으로 7년, 최소 5년 이상 지속할 상황”이라며 “올해 채용규모가 지난해 수준보다 낮은 것도 그런 이유 때문”이라고 말했다.",청년고용 절벽은 이제 시작입니다 청년실업 문제를 해결하기 위해 고용 유연성을 높이고 근로조건의 안정성을 높이는 방향으로 노사가 한 걸음씩 양보해 노동시장 구조개혁을 조기에 마무리 지어야 합니다 ,0,0.7586053609848022,0.7302934527397156,10,53,3,1,False,False,True
['美 금리인상 했어야'],이에 대해 불라드 총재는 “물가상승률 자체는 이같은 통화완화책을 정당화하기에 충분치 않다”며 “상당 부분이 유가하락 때문인데 이는 일시적인 현상이기 때문”이라고 설명했다.,공개시장위원회 의 목표가 기본적으로 달성된 상태기 때문에 금리정상화에 나서야 하는 필요성이 상당하다,0,0.59977126121521,0.5492870211601257,3,39,6,1,False,True,False
['추가 양적완화 가능'],"[관련기사]☞ 뉴욕 연은총재 ""美, 개선 없으면 연준 부양해야"" ☞ JP모간 ""11월초 美연준 소규모 국채매입 나설것"" ▶ (머니마켓) 성공투자의 지름길 '오늘의 추천주' ▶ (머니마켓) 오늘의 증권정보 '상승포착!",추가 매입이 금융시장의 상황을 개선할 것이라고 믿는다,1,0.4439550638198852,0.6211300492286682,3,52,2,0,False,False,True
['4분기 경기회복'],상의는 유통업태별로 RBSI가 양극화를 보이는 것에 대해 “백화점과 할인점은 크리스마스 등 연말 특수에 대한 기대가 비교적 높은 반면 편의점은 동절기 진입으로 야간 매출과 음료 등의 판매 감소를 우려하고 있고 슈퍼마켓은 대형점과의 힘겨운 싸움을 지속해야 하기 때문”으로 분석했다.,백화점과 할인점은 크리스마스 등 연말 특수에 대한 기대가 비교적 높은 반면 편의점은 동절기 진입으로 야간 매출과 음료 등의 판매 감소를 우려하고 있고 슈퍼마켓은 대형점과의 힘겨운 싸움을 지속해야 하기 때문,1,0.2647089064121246,0.0979205220937728,2,67,6,1,True,False,False
['경기 나빠질 것'],무단전재 및 재배포 금지＞ 강종구 (,더 나빠질 것,0,0.9158899784088136,0.9391669034957886,3,7,3,1,False,False,True
['경기 악화시 적절한 정책'],뉴욕(미국)=이상배 특파원,만약 물가상승률 인플레이션 이 우리의 목표인 2 퍼센트 를 계속 밑돌거나 글로벌 경제 및 금융시장이 우리의 경제전망을 크게 하회할 위험이 있다면 이는 적절한 통화정책을 검토하는 데 고려해야 할 사안,0,0.6976062059402466,0.6158661842346191,4,26,5,1,False,False,True
['고학력 남성 청년층 체감실업률 27.9%'],한국경제연구원은 25일 청년실업과 관련한 보고서에서 올해 1∼8월 청년층(15∼29세)을 대상으로 학력별·성별 체감실업률을 추정한 결과 이같이 나타났다고 밝혔다.,올해 3월 기준 청년층 비정규직 취업자의 여성 비중은 남성보다 약 14 퍼센트 포인트 높다,1,0.6668775677680969,0.4553670287132263,5,55,2,0,False,False,True
['朴대표발언 틀렸다'],[머니투데이 채원배 기자]한덕수 부총리 겸 재정경제부 장관이 16일 박근혜 한나라당 대표의 '서민들의 보유세 부담'등의 발언에 대해 조목조목 반박했다.,박 대표가 종부세와 재산세 과표현실화를 잘못 인식한 것으로 보인다,0,0.6126103401184082,0.6875944137573242,2,39,5,1,False,False,True
['경제올인 주문은 정치논리일뿐'],◆ 경제 '올인' 주문은 정치논리＝노 대통령은 경제 '올인' 주문에 대해 강한 반박 논리를 개진했다.,경제 올인 주문은 대통령에게 경제만 하고 다른 것은 아무 것 도 하지 말라는 무책임한 논리,0,0.7647692561149597,0.874797523021698,3,55,6,1,False,True,False
['4분기에도 수출부진 계속될 듯'],"['생존 재테크' 백과사전 ""재테크를 부탁해"" ] ['생존 재테크' 백과사전 ""재테크를 부탁해"" ] [부자들에게 배우는 성공 노하우 '줄리아 투자노트' ] [부자들에게 배우는 성공 노하우 '줄리아 투자노트' ] [내 삶을 바꾸는 정치뉴스 'the 300'] [내 삶을 바꾸는 정치뉴스 'the 300'] [CEO의 삶을 바꾼 '내 인생 최고의 조언' ] [CEO의 삶을 바꾼 '내 인생 최고의 조언' ] [아찔한 girl~ 레이싱모델 핫포토 ] [아찔한 girl~ 레이싱모델 핫포토 ] 김지산 기자",연말까지 미국의 정책금리 인상 중국의 경기둔화와 신흥국 경기불안 등 우리 수출의 하방리스크 요인들이 산재해 있다,1,0.6910616159439087,0.5562305450439453,4,92,4,1,False,False,True
['강력한 경기 대응책 필요하다'],"그는 연준이 이러한 두 가지 목표를 지키지 못하고 있다고 거듭 지적하고 ""(연준의) 정책 메이커들이 완전고용과 적정물가를 달성하기 위한 정책을 받아들일 필요가 있다""고 말했다.", 연준의 정책 메이커들이 완전고용과 적정물가를 달성하기 위한 정책을 받아들일 필요가 있다,1,0.5684021711349487,0.5649516582489014,4,68,3,1,False,False,True
['고학력 남성 청년층 체감실업률 27.9%'],한국경제연구원은 25일 청년실업과 관련한 보고서에서 올해 1∼8월 청년층(15∼29세)을 대상으로 학력별·성별 체감실업률을 추정한 결과 이같이 나타났다고 밝혔다.,올해 3월 기준 청년층 비정규직 취업자의 여성 비중은 남성보다 약 14 퍼센트 포인트 높다,1,0.6668775677680969,0.4553670287132263,5,58,2,0,False,False,True
['내년엔 약간 높아질듯'],그러나 전문가들은 이러한 노동시장 호황이 오래가지 않고 내년엔 실업률이 약간 오를 것으로 예상하고 있다고 공영 ARD방송은 보도했다.,노동시장이 지속적으로 호조를 보이고 있다,1,0.3475712835788727,0.5061869621276855,3,48,3,1,False,False,True
['최저임금 규모별 차등화해야'],이에 따라 소상공인연합회는 올해 최저임금 위원회에서 최저임금의 '규모별 차등화 권고안'을 의결하는데 집중할 계획이다.,과거 최저임금은 정부가 일방적으로 정한 인상폭에 따라 위원들이 들러리를 선 격이었다,1,0.7845880389213562,0.7597531676292419,3,59,4,1,False,False,True
['미국 금리 불확실성 지속…9월 고용 촉각'],"25일 이 증권사 김유미 연구원은 ""다음 주 미국 고용 보고서가 발표되고 중앙은행(Fed) 인사들의 발언이 예정돼 있다""며 ""매파와 비둘기파적 성향 인사들이 혼재한다는 점에서 이는 금리 불확실성을 높이는 이벤트""라고 설명했다.",미국 9월 고용 보고서는 12월 기준금리 인상을 강화시켜 주는 쪽으로 반영될 것,1,0.739452600479126,0.7391136884689331,6,86,3,1,False,False,True
['4분기 수출호조 불구...채산성은 불안'],무단전재 및 재배포 금지＞ 손희동 (,고유가 및 환율하락 등 대내외적인 악재에도 불구하고 수출기업들의 수출경기상승에 대한 기대감이 크다,1,0.7088873982429504,0.9424288272857666,4,7,3,1,False,False,True
['추가 양적완화 반대'],"[머니투데이 뉴욕=강호병특파원 ]찰스 플로서 필라델피아 연방준비은행총재가 29일(현지시간) 연방준비제도이사회(FRB, 연준)가 추가로 양적완화정책을 실시하는 것을 반대한다는 입장을 나타냈다.",지금 시점에서 연준이 추가로 국채를 사는 것은 득은 없고 실만 많다,0,0.5116220712661743,0.5074996948242188,3,48,0,0,True,False,False
['인구조사 하려다 실업률만 올렸네'],“인구조사 두 번만 했다가는 실업률 감당 못하겠어요.” 예년보다 실업률이 상대적으로 높게 나온 9월 고용동향을 놓고 통계청이 말 못할 “내 탓이오” 고민에 빠졌다.,인구조사 두 번만 했다가는 실업률 감당 못하겠어요 ,1,0.7435002326965332,0.6978402137756348,4,36,6,1,True,False,False
['금리 올려도 시장충격 적을 것'],"박총재는 이어 ""경제상황을 감안할 경우 길게보면 금리는 올라가는게 당연하다""며 ""지금 우리의 금리 수준은 누가봐도 낮다""고 지적했습니다.",내수경기가 회복되고 유효수요가 늘어났을때 물가가 어떻게 될지 불확실한 측면이 있다,1,0.7446150779724121,0.8124440908432007,5,65,4,1,False,False,True
['추가 양적완화 부절적'],"미국의 중앙은행인 연방준비제도이사회(FRB)의 수뇌부에서 경기부양을 위한 유동성 공급 문제를 놓고 첨예한 이견이 노출돼 향후 통화정책을 둘러싼 시장 전망이 엇갈릴 것으로 전망되고 있다.[김지형 기자][매일경제 핫뉴스] • 파리모터쇼 신차 컨셉트는 `실용`• 휠라코리아 상장 대박…직원들 `신났다`• LG 스마트폰 부진에 빠진 3가지 이유• 여경 귀 물어 뜯은 女…도대체 왜?• 新그랜저 `도망자` 통해 첫 선…현대·기아차, 드라마 마케팅 강화[ⓒ 매일경제 & mk.co.kr, 무단전재 및 재배포 금지] MBA도 모바일로 공부한다.",경기부양을 위해 더 많은 자금을 시중에 공급해야 한다,0,0.4020992517471313,0.5409358739852905,3,96,4,1,False,False,True
['경기는 안 좋지만 집값은 오를 것'],그럼에도 집값은 상승할 것이란 기대심리는 오히려 상승했다.,강남권 주요 아파트 단지의 실거래 가격이 지난해 최고 수준에 근접하면서 서울을 중심으로 주택가격이 회복할 것이라는 전망이 확산하고 있다,1,0.6364300847053528,0.6687618494033813,6,32,1,0,False,False,True
['인플레 계속 2% 밑돌면 금리인하 고려'],(사진 출처 = 클라리다 부의장 트위터) 【로스앤젤레스=뉴시스】류강훈 기자 = 미 연방준비제도(Fed·연준) 리처드 클라리다 부의장이 30일(현지시간) 인플레이션이 목표치인 2%를 계속 밑돌거나 글로벌 경제·금융상황에 위험이 나타난다면 금리 인하를 고려할 수 있을 것이라고 밝혔다.,금리인하 조건은 낮은 인플레이션 글로벌 경제 위험,0,0.7771428227424622,0.4907382130622864,6,71,4,1,False,False,True
['中企 생산·수출은 감소…벤처투자는 증가'],"// flash 오류를 우회하기 위한 함수 추가 function _flash_removeCallback() {} 중소기업연구원 '5월 KOSBI 중소기업 동향' (서울=연합뉴스) 김보경 기자 = 최근 중소기업의 생산, 수출, 체감경기는 계속해서 부진한 상태이지만 고용은 회복세를 유지하고, 벤처투자도 증가한 것으로 나타났다.",미 중 무역협상의 불확실성과 그에 따른 대내외 경기여건 악화에 대비해야 한다,1,0.4260329604148865,0.7071458101272583,4,55,4,1,False,False,True
['체감 실업률 28%'],무단 전재-재배포 금지],숙박 음식점이나 이런 곳에서 물론 아르바이트 자리가 없을 수는 없겠죠 그쪽에서 알바 자리가 많이 늘어서 그런 것 아니냐 질문하시는데 그게 전부 알바 자리라고 볼 수는 없고 ,1,0.233880341053009,0.6929552555084229,3,20,4,1,False,False,True
['카트리나 단기충격 불가피'],무단전재 및 재배포 금지＞ 김현동 (,허리케인 카트리나로 인해 3분기 실업률이 올라가고 성장률이 둔화되는 등 단기적인 효과는 분명하다,0,0.5380226373672485,0.7980559468269348,3,7,3,1,False,False,True
"['美연준 부의장, 경기전망 악화 땐 금리인하 시사']","// flash 오류를 우회하기 위한 함수 추가 function _flash_removeCallback() {} ""인플레이션 목표치 밑돌고 경제상황 기대 못 미치면 정책 재평가"" ""인플레이션 목표치 밑돌고 경제상황 기대 못 미치면 정책 재평가"" 제롬 파월 미국 연방준비제도 의장 /AP연합뉴스 제롬 파월 미국 연방준비제도 의장 /AP연합뉴스 제롬 파월 미국 연방준비제도 의장 /AP연합뉴스 [서울경제] 리처드 클라리다 미국 연방준비제도(Fed·연준) 부의장이 30일(현지시간) 성장전망 악화를 전제로 금리인하 가능성을 언급했다고 일간 월스트리트저널(WSJ)이 보도했다.",만약 경기전망이 악화하는 위험을 보게 된다면 이는 더욱 완화적인 통화정책을 요구하는 요인이 될 것,0,0.704245388507843,0.2640590071678161,7,85,2,0,False,False,True
['수출·투자에 힘써야'],"이어 """"3분기 성장세를 이어나가기 위해서는 기업들이 수출·투자에 힘쓰는 한편 한·중 FTA 비준, 노동개혁 추진 등으로 기업심리가 살아나야 할 것""이라고 강조했다.",3분기 성장세를 이어나가기 위해서는 기업들이 수출 투자에 힘쓰는 한편 한 중 비준 노동개혁 추진 등으로 기업심리가 살아나야 할 것,0,0.765072226524353,0.439521312713623,2,43,5,1,False,False,True
['투자의 금리 탄력성 강화 필요'],이에 따라 투자의 이자율 탄력성을 강화시켜 통화정책의 효율성을 높여야 한다고 주장했다.,뉴케인지언 모델에 기초한 연구에 따르면 유연한 통화정책의 효율성도 외환위기이후 극도로 낮은 수요의 금리 탄력성 때문에 제한되고 있어 현 시점에서는 투자의 금리 탄력성 강화를 통해 통화정책의 효율성을 강화하는 것이 무엇보다 중요하다,0,0.7846164703369141,0.7681788802146912,5,47,1,0,False,False,True
['조금씩 자주 쓴다'],승인금액은 제자리걸음을 하고 있는 반면 전체 카드 승인건수는 늘어나 소액화 현상이 지속되고 있다.,이는 다음 9월 카드승인금액에 반영될 것,1,0.2065607607364654,0.193842202425003,3,26,4,1,False,False,True
"['경제위기 풀 해법, 정치에 있다']",특히 노 대통령은 야당측에 제안한 연정론으로 “경제는 챙기기 않고 정치만 생각한다”는 강도 높은 비판을 받고 있지만 ‘경제위기는 곧 정치위기에서 나온다’는 평소 지론을 거듭 확인함으로써 향후 정치적인 행보에 무게를 두겠다는 의지를 강력하게 피력한 것으로 보인다.,경제는 챙기기 않고 정치만 생각한다,0,0.7849922776222229,0.7989133596420288,5,91,4,1,False,False,True
['기업 경기전망 석달째 하락…고용은 19년만에 최저'],"김윤경 한경연 기업연구실장은 ""생산성 증가 없는 인건비 증가는 기업 경쟁력 하락으로 이어지기 때문에 노동 정책 방향성을 재고해야 한다""고 말했다.",생산성 증가 없는 인건비 증가는 기업 경쟁력 하락으로 이어지기 때문에 노동 정책 방향성을 재고해야 한다,1,0.5619524717330933,0.1987131088972091,6,75,4,1,False,False,True
['물가 보면 금리 올려야..금통위가 조정할 것'],"(서울=연합인포맥스) 임승규 기자 = 윤증현 기획재정부 장관은 28일 ""현재 물가나 인플레이션에 대한 우려 등을 보면 기준금리를 올려야 한다는 당위론이 성립한다""고 밝혔다.",현재 물가나 인플레이션에 대한 우려 등을 보면 기준금리를 올려야 한다는 당위론이 성립한다,0,0.8438993692398071,0.7879073619842529,6,44,4,1,False,False,True
['대졸 남성 청년 체감 실업률 27.9%'],무단 전재-재배포 금지],숙박 음식점이나 이런 곳에서 물론 아르바이트 자리가 없을 수는 없겠죠 그쪽에서 알바 자리가 많이 늘어서 그런 것 아니냐 질문하시는데 그게 전부 알바 자리라고 볼 수는 없고 ,1,0.269237220287323,0.7208845615386963,6,20,4,1,False,False,True
['내년 국내 경제성장률 4.3%'],'모바일익스프레스' 머니투데이 전혜영기자 mfuture@,올해 우리 경제는 5 9 퍼센트 성장하겠지만 내년에는 세계 경제 상승세 약화와 내수 경기 둔화 등의 영향을 받아 4 3 퍼센트 로 하락할 것,0,0.7796733379364014,0.7643837332725525,4,12,5,1,False,False,True
['구조적 大卒 취업난 해결하려면 대학진학률 50%정도로 낮춰야'],그는 이어 “대학에서 가르치는 내용과 사회 및 산업계에서 요구하는 지식과의 간격도 줄일 필요가 있다”며 “앞서 설명한 20만 명의 대졸자가 눈높이를 낮춰 중소기업에 취업을 희망해도 기업이 요구하는 기능 교육이 모자라 취업이 쉽지 않은 상황”이라고 지적했다.,대학 진학률을 평균인 퍼센트 수준으로 조정하게 되면 대졸자는 35만 명 정도가 되고 대졸자 실업률은 거의 해결될 수 있다,0,0.7056381702423096,0.7283721566200256,7,81,3,1,False,False,True
['일자리 1인당 1.63개'],유효 구인배율은 구직자 1인당 기업에서 몇 건의 구인을 하는지를 나타낸다.,일손부족 상황서 자발적 퇴직자 줄어 실업률 더 떨어져 ,1,0.5689117908477783,0.4756669700145721,3,41,4,1,False,False,True
['美 3Q GDP 재고투자 제외시 2.9%↑…양호'],// flash 오류를 우회하기 위한 함수 추가 function _flash_removeCallback() {} [아시아경제 조유진 기자] 31일 신한금융투자는 미국 3분기 국내총생산(GDP)는 재고투자를 제외하면 2.9%의 양호한 성장세를 보였다고 분석했다.,개인소비와 고정투자 정부지출 등은 양호한 증가세를 보였으나 재고투자가 큰 폭으로 둔화되면서 성장률을 끌어내렸다,0,0.6991835236549377,0.6756154298782349,6,54,3,1,False,False,True
['부동산투기 잡혀…국회 입법후 보완'],◆ 경제 올인 주문은 선동정치의 표본＝노 대통령은 경제 올인 주문에 대해 강 한 반박 논리를 개진했다.,국회에서 법안이 변질되거나 부작용이 드러나면 보완책을 따로 강구 하겠다,0,0.5640072822570801,0.3900058269500732,4,48,5,1,False,False,True
['체감-지표경기 괴리는 경제양극화 탓'],무단전재 및 재배포 금지＞ 이정훈 (,현재 나타나고 있는 체감경기와 지표경기 간의 괴리는 우리 경제의 양극화 구조 때문,0,0.8525453209877014,0.9381152391433716,4,7,1,0,False,False,True
['경기 악화'],"6개월 전엔 ""악화됐다"" 응답 제로…엔高·車보조금 중단이 직격탄 일본 기업의 최고경영자(CEO) 4명 중 1명은 일본 경기가 악화되고 있다고 판단했다.",악화됐다,1,0.7296637296676636,0.1599987149238586,2,30,5,1,False,False,True
['정부 내수진작 통했다'],2015.8.12/뉴스1 © News1 손형주 기자 최경환 경제부총리가 12일 오전 서울 세종로 정부서울청사에서 열린 경제관계장관회의에서 모두발언하고 있다.,내수 진작을 위한 정부의 확장적 재정 정책에 힘입어 체감경기가 개선됐다,1,0.3759142160415649,0.7763624787330627,3,53,3,1,False,False,True
"['사물인터넷, 3D 프린터 기술 우리나라 뿌리산업에 접목시켜야']","그는 “글로벌 제조 경쟁력이 떨어지고 있는 한국에 3D 프린터, 무인자동차, 사물인터넷 등 미국의 제조업 시스템을 접목할 필요가 있다”며 “정보통신 기술을 우리나라 뿌리산업에 접목시키기 위해 우선적으로 뿌리산업의 현장을 점검하고 실태를 조사해 대안을 마련할 것”이라고 덧붙였다.",정보통신 기술을 우리나라 뿌리산업에 접목시키기 위해 우선적으로 뿌리산업의 현장을 점검하고 실태를 조사해 대안을 마련할 것,0,0.6401853561401367,0.4410257041454315,7,66,4,1,False,False,True
"['글쎄, 체감경기 갸우뚱']",마치 경기회복을 자신했던 올초와 같은 분위기이다.,최근의 지표경기 개선을 만족스런 수준으로 보기 어렵다,1,0.4348167777061462,0.58504319190979,3,34,6,1,True,False,False
"['통계는 통계, 체감경기 가는데마다 다를수 밖에']","노 대통령은 그러나 ""통계는 통계이고 체감경기는 가는데 마다 다를 수밖에 없다""며 ""여의도 증시에 가면 체감 경기자 좋지 않냐""고 되물었다.",통계는 통계이고 체감경기는 가는데 마다 다를 수밖에 없다,0,0.982055127620697,0.7993288636207581,6,80,0,0,True,False,False
['내년 4.6% 성장..주가 1500p까지 상승'],[이데일리 오상용기자] 내년 우리 경제가 4.6%의 성장률을 기록할 것이라는 전망이 나왔다.,내년 종합주가지수는 경기를 비롯한 전반적인 경기 회복과 주식시장의 수급기반 강화에 따른 지속적인 레벨 업 등의 요인으로 최고 1400 1500 범위까지 상승할 가능성이 있다,0,0.6856122016906738,0.7019190788269043,5,22,5,1,False,False,True
['4분기 성장예감 4% 후반 예상'],CBS경제부 정재훈기자 (대한민국 중심언론 CBS 뉴스FM98.1 / 음악FM93.9 / TV CH 162),4분기 성장률이 4 퍼센트 대 후반으로 잠재성장률 수준의 성장을 보일 것,0,0.9164719581604004,0.6905137300491333,5,34,3,1,False,False,True
['올해 4분기 수출경기 보합세일 듯'],// flash 오류를 우회하기 위한 함수 추가 function _flash_removeCallback() {} 수출산업경기전망지수 조사…석유제품 개선·자동차 악화 예상 (서울=연합뉴스) 김영현 기자 = 국내 주요 수출업체들은 올해 4분기에도 수출경기가 회복세로 돌아서기는 어려울 것으로 내다봤다.,연말까지 미국의 정책금리 인상 중국의 경기둔화와 신흥국 경기 불안 등 수출 리스크 요인이 산재해 있다,1,0.632233202457428,0.236907497048378,5,47,3,1,False,False,True
['전반적 경기회복 기조 지속..물가안정 노력'],- “3분기에도 내수·수출 모두 증가세”[이데일리 최정희 기자] 윤증현 기획재정부 장관은 28일 현재 경제상황에 대해 “전반적인 경기회복 기조는 지속될 것”이라며 안정적인 거시경제정책을 계속 운용해나갈 것이라고 밝혔다.,전반적인 경기회복 기조는 지속될 것,0,0.8415653705596924,0.5451608896255493,5,51,3,1,False,False,True
['스테인리스 산업 고사시킬 것'],부산시의 무분별한 외자유치가 국내 스테인리스 산업을 고사시킬 수 있다는 이유에서다.,국내 스테인리스 냉연업체 고사 시 수소경제의 핵심 분야인 수소자동차 연료전지용 첨단 스테인리스강 소재 개발 등 미래 산업 경쟁력 약화 역시 불가피하다,0,0.7609076499938965,0.5010901689529419,4,82,4,1,False,False,True
"['기업 경기전망 석달째 하락, 고용은 19년만에 최저']","김윤경 기업연구실장은 ""경제협력개발기구(OECD)가 한국 성장률 전망을 하향 조정한 주요 이유로 최저임금 인상에 따른 투자·고용 위축을 지목했다""면서 ""생산성 증가 없는 인건비 증가는 기업 경쟁력 하락으로 이어지기 때문에 노동 정책 방향성을 재고해야 한다""고 말했다.",생산성 증가 없는 인건비 증가는 기업 경쟁력 하락으로 이어지기 때문에 노동 정책 방향성을 재고해야 한다,1,0.5455249547958374,0.2721608877182007,7,40,4,1,False,False,True
['현금 안써'],[증권방송오픈] 제대로된 기법전수!,미국 경제에 불확실성이 자리하고 있는 한 기업들은 보유 현금을 사업 확장에 사용하길 주저할 것,1,0.3440339565277099,0.894506573677063,2,46,5,1,False,False,True
['올해 성장률 6% 달성할 것'],윤증현 기획재정부 장관은 28일 “올해 우리나라 경제성장률이 5.8%를 넘어 6%에 이를 것”이라고 말했다.,올해 우리나라 경제성장률이 5 8 퍼센트 를 넘어 6 퍼센트 에 이를 것,0,0.8522933721542358,0.7916236519813538,5,41,2,0,False,False,True
['GDP 양호..U자형 회복 가능성도'],"조원동 경제정책국장은 ""GDP 속보치는 괜찮은 편""이라며 ""그러나 아직 잠재성장률 수준으로 올라선 것은 아니다""라고 말했다.", 성장은 견조하지만 국내총소득 증가율에 따라 체감경기는 다소 차이가 날 수 있다,0,0.726594090461731,0.720310389995575,4,60,4,1,False,False,True
"['추가 양적완화, 효과 없을 것...리스크만 증대']",[증권방송오픈] 제대로된 기법전수!,양적완화를 통해 장기적 효과를 기대할 수 없다,0,0.8010342121124268,0.6413812637329102,6,25,1,0,False,False,True
['美기업들 1조弗 비축..투자는 주저'],"무디스 투자 서비스의 스티븐 오만 수석부회장은 ""미국의 경제전망에 대한 확실성이 높아질 때까지 기업들은 보유하고 있는 현금자산을 투자하는데 주저할 것""이라면서 이같이 분석했다.",미국의 경제전망에 대한 확실성이 높아질 때까지 기업들은 보유하고 있는 현금자산을 투자하는데 주저할 것,0,0.7294414043426514,0.355289876461029,4,64,4,1,False,False,True
"['美기업 디폴트 비율, 위기 이전으로 회복']","기업 디폴트율이 낮아지는 것은 미국 경제가 점차 안정화 추세로 가고 있다는 신호다.이처럼 많은 기업들이 채무불이행 위험에서 벗어날 수 있었던 것은 미 연방준비제도이사회(FRB)의 저금리 경기부양으로 투자자들이 고수익 회사채를 구입할 수 있는 환경을 만들었기 때문이라고 WSJ는 분석했다.▶ 이데일리ON, 문자로 시세,추천,진단,상담정보 - #2200▶ 이데일리 모바일ㆍ실시간 해외지수/SMS ▶ 가장 빠른 글로벌 경제뉴스ㆍ금융정보 터미널, 이데일리 MARKETPOINT＜ⓒ종합 경제정보 미디어 이데일리 - 무단전재&재배포 금지＞＜안방에서 만나는 가장 빠른 경제뉴스ㆍ돈이 되는 재테크정보 - 이데일리TV＞ 임일곤 (igon@)",우리는 조만간 구조조정 파동을 극복하게 될 것으로 보인다 며 ,1,0.4248374402523041,0.6325551867485046,6,97,2,0,False,False,True
['내년 국내경기 1분기 저점 통과'],"☞ ""백두산 폭발하면 엄청난 재앙이…"" ☞ ""北 여성들에 성고문 당했다"" 충격 고백 ☞ 문란한 톱스타, 애인에 성병 옮겨 '발칵' ☞ '중저가 스마트폰' 어떤걸 살까 ☞ 애플 '아이폰6' 디자인 공개 알고보니… 이재유기자",전체적으로 내년 1분기 저점을 통과해 상승할 것,0,0.765373945236206,0.3659021854400635,5,52,2,0,False,False,True
['다음달 체감경기 급속히 냉각'],제조업(자료사진) (서울=연합뉴스) 홍정규 기자 = 제조업의 다음 달 체감경기 전망 지표가 큰 폭으로 내렸다.,경기 둔화 우려에다 환율이 계속 하락할 것이라는 예측이 팽배해진 결과로 보인다,1,0.5881713032722473,0.891135573387146,4,29,5,1,False,False,True
['내년 성장률 4.6% 전망'],(서울=연합뉴스) 박용주 기자 = 기업은행 부설 기은경제연구소가 내년 우리나라의 경제성장률을 4.6%로 전망했다.,수출 호조와 내수의 완만한 회복에 힘입어 올해 3 7 퍼센트 에 이어 내년엔 4 6 퍼센트 의 성장률을 달성할 것,0,0.6878689527511597,0.8022699356079102,4,32,1,0,False,False,True
['환율 불확실성과 변동성 완화될 것'],"(서울=연합인포맥스) 황병극 기자 = 김중수 한국은행 총재는 ""주요 20개국(G20)회의에서 이뤄지는 자본유출입의 영향완화를 위한 정책논의가 환율안정에 도움을 주고 앞으로 환율 관련 불확실성과 변동성도 어느 정도 완화할 것""이라고 밝혔다.",주요 20개국 회의에서 이뤄지는 자본유출입의 영향완화를 위한 정책논의가 환율안정에 도움을 주고 앞으로 환율 관련 불확실성과 변동성도 어느 정도 완화할 것,0,0.7575162649154663,0.5935323238372803,5,60,2,0,False,False,True
['美 기업 1조달러 현금보유…투자에는 인색'],[0730]미국 기업들이 1조달러(약 1130조원)에 육박하는 현금을 보유하고 있지만 불확실한 경기 전망으로 투자에 나서지 않을 것으로 전망됐다.,미국 경제에 불확실성이 가시지 않는 한 기업들은 앞으로도 사업 확장과 고용에 나서지 않을 것,1,0.4989967346191406,0.3649061322212219,5,54,5,1,False,False,True
['고용충격 작았다'],＜저작권자ⓒ이데일리.,허리케인 피해를 입은 곳 이외 지역에서는 최근 수개월간 보여준 것과 대체로 비슷한 고용패턴이 나타났다,1,0.5035387277603149,0.6458190083503723,2,11,5,1,False,False,True
['올해 경제성장률 6%도 달성 가능'],【서울=뉴시스】류난영 기자 = 윤증현 기획재정부 장관은 28일 올해 우리나라의 경제 성장이 당초 예상했던 5.8%를 넘어 6%까지도 달성이 가능할 것이라고 말했다.,현재 소비와 설비투자 등 내수와 수출이 견조한 증가세를 지속하고 있다,1,0.5320777893066406,0.8423466682434082,5,43,1,0,False,False,True
"['美 부동산 시장, 잔치는 끝났다']","[이데일리 김현동기자] ""캘리포니아 집값은 45% 고평가돼 있다.",그렇지만 부동산 시장에서의 파티가 끝나가고 있다는 신호들이 곳곳에서 나타나고 있다,0,0.8101814389228821,0.69525545835495,5,36,5,1,False,False,True
['경기회복 흐름 지속될 것'],"윤 장관은 28일 오전 정부 과천청사에서 열린 위기관리대책회의에서 “3분기 성장률 둔화는 상반기(1~6월) 호조에 따른 기저효과와 8월과 9월 기상악화에 따른 일시적 요인으로 최근 설비투자와 제조업의 높은 증가율, 수출 증가세 등을 볼 때 전반적인 경기회복의 흐름은 지속될 것”이라고 밝혔다.",3분기 성장률 둔화는 상반기 1 6월 호조에 따른 기저효과와 8월과 9월 기상악화에 따른 일시적 요인으로 최근 설비투자와 제조업의 높은 증가율 수출 증가세 등을 볼 때 전반적인 경기회복의 흐름은 지속될 것,0,0.7854920625686646,0.3603962957859039,4,85,1,0,False,False,True
['내수부진·환율 부담 줄었다'],무단 전재-재배포 금지],애로사항이 없다,1,0.3185702562332153,0.8352903127670288,3,5,5,1,False,False,True
"['美, 11월 고용·생산 지표 개선될 것']",▶ (머니마켓) 성공투자의 지름길 '오늘의 추천주' ▶ (머니마켓) 오늘의 증권정보 '상승포착!,수출 투자 확대 실업률 9 6 퍼센트 유지,1,0.6263195276260376,0.8493175506591797,6,23,5,1,False,False,True
['2006년 금융완화강도 점차줄일것'],"박 총재는 30일 미리 발표한 2006년 신년사를 통해 ""올해는 2004년을 기점으로 한 물가안정목표 설정기간의 마지막 해인만큼 그 어느 때보다 물가안정 노력을 강화해야 한다""고 말했다.",올해는 잠재성장률 수준의 경제성장 달성이 무난할 것으로 예상됨에 따라 금리정책은 완화기조를 유지하되 완화의 정도는 점차 줄여 나감으로써 경기회복을 뒷받침하고 자금배분의 효율성을 도모해야 할 것,0,0.6459534168243408,0.6010753512382507,3,42,3,1,False,False,True
"['세계 경제, 회복은 끝났다']",세계 무역의 공정한 조건이 붕괴되면서 신흥국 주도의 세계 경제 회복 역시 막을 내렸다는 것.,중국 정부의 시장개입 미국의 저금리 정책 연준의 2 의 재정위기 원자재 가격 상승 신흥국의 자본 규제 등으로 세계 무역의 조건은 변곡점을 맞이하고 있다,0,0.5546630620956421,0.6875465512275696,4,59,6,1,False,True,False
['中청산강철 국내 진출 결사 반대'],"아울러 ""중국, 인도네시아산 소재를 가공한 청산강철의 냉연 제품이 한국산으로 둔갑해 수출될 경우 한국은 우회수출처라는 비난을 피할 수 없게 된다""며 ""G20 및 OECD 철강위원회가 글로벌 공급과잉을 부추기는 해외투자를 모니터링하는데, 이번 청산강철 건으로 반덤핑 등 무역제재가 확대되는 빌미도 제공할 수 있다""고 덧붙였다.",중국 인도네시아산 소재를 가공한 청산강철의 냉연 제품이 한국산으로 둔갑해 수출될 경우 한국은 우회수출처라는 비난을 피할 수 없게 된다,0,0.4630294442176819,0.2855927646160126,5,80,2,0,False,False,True
['내년 1분기 경기하락 우려 제조업체 늘어'],[증권방송오픈] 제대로된 기법전수!,경기악화보다 경기호전을 기대하는 기업들이 많긴 하지만 체감경기 하락세가 지속되는 것을 볼 때 경기하락을 우려하는 기업들이 조금씩 늘고 있음을 알 수 있다,0,0.6692062020301819,0.8752177953720093,6,28,6,1,False,True,False
['소비심리 더딘 회복'],"[© 뉴스1코리아( news1.kr ), 무단 전재 및 재배포 금지] [© 뉴스1코리아( news1.kr news1.kr), 무단 전재 및 재배포 금지]",소비심리 회복이 더디고 일부 업종의 계절적 비수기가 시작됐다,0,0.7510758638381958,0.6849527359008789,3,25,2,0,False,False,True
"['국내 산업, 위기 상황']","23일 중소기업중앙회에 따르면 지난달 30일부터 이달 3일까지 전국 300개 중소제조업체를 대상으로 '우리 산업에 대한 중소기업 인식'을 조사한 결과, 응답 업체의 72.4%가 한국의 산업은 '위기'(위기 43.7%+심각한 위기 28.7%)라고 답했다.",우리 경제의 근원적 문제 해결을 위해서는 중소기업이 시행하는 위기 대응책에 맞춰 청년고용 소비 여력 확충 등을 위한 정부 정책도 필요하다,1,0.5892366170883179,0.2141854017972946,4,61,3,1,False,False,True
['현재 경제상황은 위기'],"[기획취재팀=이상덕 기자 / 정의현 기자 / 나현준 기자] [ⓒ 매일경제 & mk.co.kr, 무단전재 및 재배포 금지]",때문에 다른 계층 보다 현 경제 상황을 비교적 정확히 판단하고 있을 수 있다,1,0.4807869791984558,0.8035774230957031,3,29,6,1,True,False,False
"['원·달러 환율, 1160원대 안착 시도…대외 이벤트 주목']",박상재 한경닷컴 기자 sangjae@hankyung.com,이날 원 달러 환율은 소폭 상승한 뒤 1160원선 안착을 시도할 것,0,0.8069300651550293,0.5946681499481201,7,13,3,1,False,False,True
"['경제, 긴장의 끈 놓을 수 없다']","윤 장관은 2011년 경제 여건에 대해서는 “세계 경제의 완만한 회복세에 힘입어 잠재수준의 성장세가 지속될 전망이나 미국 등 일부 국가의 경기회복 지연, 유럽 재정위기 장기화, 원자재 가격 상승 등 불안요인이 잠재돼 있고, 서민들의 체감경기 회복이 충분하지 못한 상황”이라고 진단했다.",세계 경제의 완만한 회복세에 힘입어 잠재수준의 성장세가 지속될 전망이나 미국 등 일부 국가의 경기회복 지연 유럽 재정위기 장기화 원자재 가격 상승 등 불안요인이 잠재돼 있고 서민들의 체감경기 회복이 충분하지 못한 상황,0,0.6807563304901123,0.5598850250244141,6,90,4,1,False,False,True
['내년 기계산업 전부문 호조'],"기산진 동향분석팀 관계자는 “품목별로도 금속제품, 정밀기계, 수송기계 등 전업종이 호전될 것으로 보이며 자금사정도 경영성과가 나아지면서 원활해질 것”이라고 설명했다.",품목별로도 금속제품 정밀기계 수송기계 등 전업종이 호전될 것으로 보이며 자금사정도 경영성과가 나아지면서 원활해질 것,1,0.7116165161132812,0.1082493513822555,4,47,0,0,False,True,False
['업계 고사 위험'],"그러면서 ""중국·인니산 소재를 가공한 청산강철의 냉연 제품이 한국산으로 둔갑하여 수출될 시 한국은 우회수출처라는 비난을 피할 수 없게 됨은 물론 무역 제재 확대의 빌미를 제공한다""며 ""주요 20개국(G20)과 경제협력개발기구(OECD) 철강위원회에서는 글로벌 공급과잉 설비를 부추기는 해외투자에 대해 심각한 우려를 표명하고 관련사항을 면밀히 모니터링하고 있다""고 했다.",자동차 전자 등 국내 핵심 산업에 필수 소재를 공급하는 스테인리스강 업계에서 해외 경쟁업체가 지배적 위치를 차지할 경우 한국 제조업에 위협이 된다,0,0.453556090593338,0.2945291101932525,3,83,5,1,False,False,True
"['국내 스타트업 초기 투자금, 글로벌 3분의 1 불과']",최근 스타트업의 활성화는 높은 실업률과 저성장에 갇힌 한국경제에 주요 돌파구로 거론된다.,결국 스타트업 생태계가 커지기 위해서는 스타트업들이 초기 투자금을 원활하게 유치하고 투자자들은 쉽게 투자금을 회수 할 수 있는 선순환 생태계가 중요하다,1,0.6114200949668884,0.6129040122032166,8,43,3,1,False,False,True
"['한국 산업, 현재 위기 처해 있다']","현재 대한민국 산업이 위기상황이라고 응답한 업체의 36.9%(이하 복수응답)는 ‘가격·품질·기술 경쟁력 약화’를 원인으로 꼽았고 ‘업체 간 과당 경쟁(36.4%)’, ‘생산성 향상 둔화(34.1%)’, ‘성장동력 산업 미확보(31.8%)’ 등을 이유로 꼽는 답변도 많았다.",많은 중소기업들이 우리경제의 근원적 문제를 해결하려면 격차해소 청년고용 소비여력 확충 등의 정책이 필요하다고 인식하고 있다,1,0.4222557544708252,0.4792692065238952,6,63,2,0,False,False,True
['금융지원 시급'],진상현기자 jisa@,이에 대한 금융지원대책이 시급히 마련돼야 한다,0,0.7405276298522949,0.6767332553863525,2,22,3,1,False,False,True
['더 추워지기 전에'],"['생존 재테크' 백과사전 ""재테크를 부탁해"" ] ['생존 재테크' 백과사전 ""재테크를 부탁해"" ] [부자들에게 배우는 성공 노하우 '줄리아 투자노트' ] [부자들에게 배우는 성공 노하우 '줄리아 투자노트' ] [내 삶을 바꾸는 정치뉴스 'the 300'] [내 삶을 바꾸는 정치뉴스 'the 300'] [CEO의 삶을 바꾼 '내 인생 최고의 조언' ] [CEO의 삶을 바꾼 '내 인생 최고의 조언' ] [아찔한 girl~ 레이싱모델 핫포토 ] [아찔한 girl~ 레이싱모델 핫포토 ] 심재현 기자",재테크를 부탁해,1,0.446318507194519,0.4262290000915527,3,94,6,1,True,False,False
"['日, 디플레 방관 안돼...돈 더 풀어야']",[증권방송오픈] 제대로된 기법전수!,결국 는 채권 매입 규모를 더 늘리는 등 연준의 뒤를 따르게 될 것,1,0.3622289299964905,0.6749580502510071,6,47,3,1,False,False,True
['지금은 위기 상황'],"[기획취재팀 = 이상덕 기자 / 정의현 기자 / 나현준 기자] [ⓒ 매일경제 & mk.co.kr, 무단전재 및 재배포 금지]",이 때문에 현 경제 상황을 비교적 정확히 판단하고 있을 수 있다,1,0.3369710147380829,0.830512523651123,3,31,5,1,False,False,True
['은행 충당금 더 쌓아라'],시중은행의 관계자는 “연말을 하루 앞두고 갑자기 충당금을 더 쌓으라고 하면 지점별 적립액과 순익이 다 조정해야 한다”며 “NPL 목표치와도 어긋난다”고 지적했다.,이익을 너무 많이 내려고 하지 말 것과 충당금을 더 쌓을 필요가 있다는 것 등을 은행에 전달했다,0,0.7630048990249634,0.532779335975647,4,54,4,1,False,False,True
['美 금리인상 계속된다'],박성희기자 stargirl@,그러나 임금이 오르고 기업의 가격 결정력도 상승하는 등 인플레이션의 잠재 요소는 존재한다,1,0.6349675059318542,0.5172960758209229,3,31,6,1,True,False,False
['중소기업은 연말도 추울 것 같아요'],[이데일리 김세형기자] 다음달 중소제조업의 체감경기가 여전히 부진할 것으로 조사됐다.,이번 4분기 대한 경기회복 기대감에도 불구하고 국내소비 회복 지연 등으로 중소제조업의 체감경기 회복은 여전히 개선되지 않고 있다,1,0.408732533454895,0.5586447715759277,5,31,5,1,False,False,True
"['서울, 교통-인프라 아시아 최고']",kim091@fnnews.com 김영권 기자,한국 도시들은 치열한 글로벌 도시 대전의 최대 격전지에 위치해 있어 타 도시와의 경쟁에서 도태되지 않기 위한 경쟁력을 확보하는 것이 중요하다,1,0.7323545217514038,0.5280112028121948,4,43,4,1,False,False,True
['미·중 무역분쟁 우려'],"필립 로(Philip Lowe) 호주 RBA 총재는 이날 성명을 내고 ""국제무역 성장세가 여전히 취약하고 불확실성 증가가 여러 나라 투자의 의도에 영향을 끼치고 있다""며 ""무역분쟁에 따른 위험도 커지는 중""이라고 밝혔다.",무역분쟁에 따른 위험도 커지는 중,1,0.818557620048523,0.6153370141983032,3,55,4,1,False,False,True
['中서 성공하려면 시장 앞서 보고 장기투자 해야'],"정 대표는 이날 롯데호텔에서 열린 ‘미래에셋증권 투자포럼 2010’에서 중국에서성공한 기업으로 이랜드, 두산인프라코어(042670)등을 들며 “이들 기업은 급격하게 성장하는 중국의 소비시장을 미리내다봤고, 소비시장에 장기적으로 투자를 해왔다”고 설명했다.",이들 기업은 급격하게 성장하는 중국의 소비시장을 미리내다봤고 소비시장에 장기적으로 투자를 해왔다,0,0.7264783978462219,0.6959859728813171,7,58,0,0,True,False,False
"['美 잠재성장률 상승, 투자ㆍ노동ㆍ생산 삼박자 영향']","한은(조사국 미국유럽경제팀 최기산 과장, 이서현 조사역)은 2일 해외경제 포커스를 통해 발표한 ‘최근 미국 잠재성장률 상승 배경’이란 보고서를 통해 “미국 경제가 장기간에 걸쳐 견조한 성장세를 보이는 가운데서도 낮은 수준의 물가상승세를 지속하면서 잠재성장률 상승에 대한 관심이 증대되고 있다”며 이같이 밝혔다.",미국 경제가 장기간에 걸쳐 견조한 성장세를 보이는 가운데서도 낮은 수준의 물가상승세를 지속하면서 잠재성장률 상승에 대한 관심이 증대되고 있다,1,0.7884047031402588,0.3874079287052154,6,91,2,0,False,False,True
['내년 1Q에도 완만한 경기회복세 지속'],"이 지수는 지난해 2·4분기에 101을 기록한 이래 3·4분기 106, 4·4분기 104를 찍었고 올해 1·4분기 100, 2·4분기 112를 기록하는 등 7분기 연속 경기회복의 추세가 지속되고 있다.부문별로도 매출 110, 내수 107, 수출 104 등 대부분 실적이 호조세였다.",내년 1 4분기 전망지수도 대부분의 업종이 기준치를 상회해 기업들의 경기회복 전망을 반영했다,1,0.7236267328262329,0.3219147324562073,5,74,1,0,False,False,True
['내년 1.4분기 나쁘지 않다'],"보고서는 ""통상적으로 1.4분기가 계절적 요인으로 인해 100을 하회하는 경향이 많은 점을 감안하면 이같은 결과는 나쁘지 않은 전망""이라고 설명했다.",통상적으로 1 4분기가 계절적 요인으로 인해 100을 하회하는 경향이 많은 점을 감안하면 이같은 결과는 나쁘지 않은 전망,0,0.6785621047019958,0.5705409049987793,4,45,1,0,False,False,True
"['한국, 미국 금리인상해도 외국자본 이탈 제한적']","[매경닷컴 이가희 기자] [ⓒ 매일경제 & mk.co.kr, 무단전재 및 재배포 금지]",한국의 경제는 다른 신흥국가들에 비해 단단하다 미국이 금리인상을 단행해도 외국자본의 이탈은 제한적일 것이다,0,0.8704917430877686,0.9063743948936462,6,29,3,1,False,False,True
['경제가 이론대로 안 되네'],그러나 최근 과거에 굳건했던 경제학의 인과관계가 흔들리는 일이 빈번해지면서 이주열(사진) 한은 총재의 고민이 커지고 있다.,이제는 경제주체들이 기존 경제이론과는 다른 방향으로 행동하는 일이 빈번해지고 있다,0,0.7511806488037109,0.7609716653823853,4,67,6,1,False,True,False
"['답답한 증시, 11월 美 실업률 관건']","(서울=연합인포맥스) 김다정 기자 = 미래에셋증권은 국내 증시가 대북리스크로 답답한 지수 흐름이 지속되고 있지만, 주중 발표되는 미국의 11월 실업률 지수가 방향을 바꿀 수 있는 관건이 될 것으로 전망했다.",주간 실업수당 청구건수를 보면 감소추세에 속도를 더하고 있어 11월에는 실업률 하락을 기대해볼 수 있는 상황,1,0.7493193745613098,0.3102232217788696,6,50,2,0,False,False,True
['대외경제 불안'],"[© 뉴스1코리아( news1.kr ), 무단 전재 및 재배포 금지] [© 뉴스1코리아( news1.kr news1.kr), 무단 전재 및 재배포 금지]",수출부진이 지속되고 중국 경기둔화 미국 금리인상 등 경제불확실성이 확대되면서 내달 경기가 어려울 것으로 전망됐다,0,0.6146371960639954,0.6457085609436035,2,25,4,1,False,False,True
['中企ㆍ자영업자 금융지원 시급'],참석자들은 또 내년 한국 경제가 해결해야 할 과제로 △경제 문제가 정치논리 에 흔들리지 않도록 하는 일△제조업 고용 감소에 대응해 서비스업에서 양질의 일자리 창출△경기 회복을 가로막는 과격한 노사분규 방지 등을 꼽았다.,"내년에는 지표경기와 체감경기 모두 올해보다 나아질 것

 으로 보이지만 기본적인 양극화 현상은 계속될 것",1,0.256253182888031,0.313537985086441,3,67,2,0,False,False,True
['건설위축.신불자 문제가 한국경제 위험요인'],"""건설위축.신불자 문제가 한국경제 위험요인"" OECD, 내년 한국 성장률 5.1%로 상향 조정 (서울=연합뉴스) 이상원 기자= 경제협력개발기구(OECD)는 29일 한국 경제의 위험요인으로 금융채무 불이행자(신용불량자)에 따른 민간소비 위축, 8.31 부동산대책으로 인한 건설경기 위축 가능성을 꼽았다.",건설위축 신불자 문제가 한국경제 위험요인,1,0.9844499230384828,0.5706305503845215,4,61,1,0,False,False,True
['미중 무역분쟁 탓 생산ㆍ투자 연기'],아시아에서는 한국이 48.4를 기록한 것을 비롯해 일본(49.8) 대만(48.4) 등이 기준선 아래에 머물렀다.,각종 관세 부과로 인해 비용이 증가했음에도 수요가 낮아 물가 상승은 미미했고 기업들의 수익성은 압박을 받고 있다,1,0.6011703014373779,0.2993502616882324,5,41,4,1,False,False,True
['금리인하 서두를 필요없어'],"파월 의장은 ""연준은 예전부터 지금까지 인내심을 가질 것이라고 말해 왔다""며 ""인내심을 가진다는 것은 우리 금리 정책 변동을 서두를 필요를 느끼지 못한다는 것""이라고 설명했다.",인내심을 가진다는 것은 우리 금리 정책 변동을 서두를 필요를 느끼지 못한다는 것,0,0.638277530670166,0.4769302606582641,3,64,0,0,True,False,False
"[""IT '맑음', 철강·석유 '흐림'""]","[© 뉴스1코리아( news1.kr ), 무단 전재 및 재배포 금지] [© 뉴스1코리아( news1.kr news1.kr), 무단 전재 및 재배포 금지]",내년도 수출 환경에 선제적으로 대응하기 위해 원가절감 경영합리와 차별화된 제조기술 축적을 통한 경쟁력 강화 중국 내수시장 진출 등이 그 어느 때보다 필요하다,1,0.2300448417663574,0.6233185529708862,4,25,4,1,False,False,True
['한국경제 앞날 밝다'],CBS경제부 정재훈 기자,한국경제의 회복세를 확인했다,0,0.8207079172134399,0.8759644031524658,3,18,6,1,False,True,False
"['중국 철강사, 부산에 냉연 공장 신설 반대']",철강협회는 “청산강철의 국내 진출은 국제 무역규제로 인한 열연 제품 판로 축소에 대응한 우회 수출 거점 및 신규 판매처 확보 의도로 파악된다”면서 “중국·인도네시아산 소재를 가공한 청산강철의 냉연 제품이 한국산으로 둔갑해 수출될 경우 한국은 우회 수출처라는 비난을 피할 수 없게 된다”고 반발했다.,부산시에 청산강철 부산공장 투자건 검토 백지화를 촉구한다,0,0.6207798719406128,0.2899612188339233,7,75,3,1,False,False,True
['글로벌 정세 불안이 유로존 회복을 위협'],"// flash 오류를 우회하기 위한 함수 추가 function _flash_removeCallback() {} [머니투데이 김지훈 기자] [내년 유로존 성장률 전망치 1.8% 전망…미국은 2.8% ] 유럽연합(EU)집행위원회는 26일(현지시간) 유로존(유로화 사용 19개국)의 경제 회복이 불안한 국제정세, 제 2차 세계대전 이후 최대 규모의 난민 유입, 테러 등으로 위협받고 있다고 지적했다.",안보 우려와 지정학적 긴장이 높아지면서 경제전망도 어두워지고 있다,1,0.7442848682403564,0.6313339471817017,6,59,1,0,False,False,True
['TPP 가입 가능성 크다…일본이 지원키로'],"이와 함께 그는 일본이 태국의 TPP 가입을 지원하기로 했다며, 태국이 TPP 가입 시 얻게 될 혜택과 영향, 문제점 등을 연구하는 데 일본이 돕기로 했다고 덧붙였습니다.",태국은 에 매우 관심이 있다,1,0.3934293389320373,0.8041303157806396,5,67,3,1,False,False,True
['자유무역이 멕시코의 힘'],"퀘사다 대통령은 이날 '북미자유무역협정(NAFTA)와 자유무역'이란 주제로 조찬 강연을 갖고 ""멕시코는 지난 10년간 많은 국가, 지역들과 자유무역 협정을 체결했으며 앞으로 멕시코의 나아갈 길은 자유무역체제 수호를 통한 경제 교역 확대""라고 강조했다.",멕시코는 지난 10년간 많은 국가 지역들과 자유무역 협정을 체결했으며 앞으로 멕시코의 나아갈 길은 자유무역체제 수호를 통한 경제 교역 확대,0,0.8390499949455261,0.7142461538314819,3,97,1,0,False,False,True
['새해 5%성장 무난할 것'],박 총재는 “새해 우리나라 경제는 수출이 두자릿수의 증가세를 지속하고 민간소비의 회복세도 뚜렷해짐으로써 5% 정도의 성장이 무난할 것으로 보인다”며 “체감경기도 국제유가의 상대적 안 정 등에 따른 교역조건 호전으로 국민총소득(GNI) 성장률이 국내 총생산(GDP) 성장률에 근접하면서 다소 개선될 것으로 예상된다 ”고 전망했다.,"새해 우리나라 경제는 수출이 두자릿수의 증가세를 

지속하고 민간소비의 회복세도 뚜렷해짐으로써 5 퍼센트 정도의 성장이

 무난할 것으로 보인다",0,0.6756724715232849,0.4212828874588012,4,98,4,1,False,False,True
['내년 경영상황 악화될 것'],자료=중소기업중앙회 2016년 소기업·소상공인 경기전망.,메르스 여파 등 갑작스러운 내수침체요인 등으로 인해 소기업 소상공인들의 경영상황은 예상보다 더욱 어려웠다,1,0.6019923686981201,0.7013602256774902,4,11,3,1,False,False,True
['경쟁력 약화'],"[© 뉴스1코리아( news1.kr ), 무단 전재 및 재배포 금지] [© 뉴스1코리아( news1.kr news1.kr), 무단 전재 및 재배포 금지]",많은 중소기업이 위기 상황에 빠졌다고 인식하고 있다,1,0.4409362971782684,0.6679145097732544,2,25,5,1,False,False,True
"['내년 1분기 달러-원 환율 1,200원도 가능']","(서울=연합인포맥스) 오진우 기자 = 외환선물이 오는 2011년 1.4분기 달러-원 환율이 1,200원선까지 오를 수 있다는 전망을 내놨다.",1 4분기 달러화종가는 1 150원선이 될 전망,0,0.8305496573448181,0.4759055376052856,6,37,4,1,False,False,True
"['서울 교통접근성, 아시아 9개 도시 중 1위']","// flash 오류를 우회하기 위한 함수 추가 function _flash_removeCallback() {} 강남대로의 토요일&lt;&gt; 강남대로의 토요일&lt;&gt; 강남대로의 토요일<> (서울=연합뉴스) 차대운 기자 = 서울이 다른 아시아 주요 도시와 비교해 교통 접근성과 연구개발 능력, 환경 등 3개 분야에서 강점이 있다는 분석이 나왔다.",한국 도시는 치열한 세계 도시 대전의 최대 격전지에 자리 잡고 있어 다른 도시와의 경쟁에서 도태되지 않기 위한 경쟁력을 확보하는 것이 중요하다,1,0.6639741063117981,0.3854424357414245,7,66,2,0,False,False,True
['美 내년 2%대 중반 성장…하반기 경기쟁점 부각'],"이어 ""당분간 미국 경제를 바라보는 시선은 전반적으로 우호적이지만 미국 경제의 숨겨진 약점이 내년에 점차 드러날 개연성을 열어 두어야 한다""며 ""하반기로 갈수록 잠재적 리스크에 대한 부담이 노출되며 성장탄력이 떨어질 가능성을 열어놓고 있다""고 설명했다.",1952년 이후 대선 주기에 따라 미국의 국내총생산 성장률을 살펴보면 집권 2 3년차에는 경기가 확장하지만 선거가 있는 해에는 유독 성장률이 떨어지는 경우가 많다,1,0.7230829000473022,0.1725804209709167,7,60,4,1,False,False,True
['2006년은 통화정책 완화 줄이는 해'],＜저작권자ⓒ이데일리.,금리정책은 완화기조를 유지하되 완화의 정도는 점차 줄여나감으로써 경기회복을 뒷받침하고 자금배분의 효율성을 도모해야 할 것,0,0.6667229533195496,0.6241801977157593,5,35,5,1,False,False,True
['정보공유 통해 AI 조치 시급'],한국은 미래에 대해 투자했고 미래 개혁 의제를 담아 크게 성공할 수 있었다는 것.,전염병이 발생했을 때는 이를 신속하게 인정하고 정보를 공유하는 한편 국제사회에 도움을 요청해야 한다,0,0.5075056552886963,0.3222806453704834,5,60,5,1,False,False,True
['자유무역이 경제발전 앞당겨'],"폭스 대통령은 ""자유무역이야말로 개발과 경제발전, 지속성장을 위한 기본요소 라고 생각한다""며 ""멕시코는 전세계 43개국과 자유무역관계를 유지하고 있다"" 고 말했다.",자유무역이야말로 개발과 경제발전 지속성장을 위한 기본요소 라고 생각한다,0,0.8979851603507996,0.6405841112136841,3,69,0,0,True,False,False
['나부터 솔선수범하겠다'],류성철;김용진(사진) 저작권자 ⓒ 조세일보(http://www.joseilbo.com).,나부터 6000여 직원들을 믿고 솔선수범하면서 소통하고 함께 땀 흘리며 항상 모든 분들과 함께할 것,0,0.4773800373077392,0.6011010408401489,2,15,3,1,False,False,True
['中서 성공하려면 정확한 시장포착과 인내심 필요'],"이랜드.락앤락.두산인프라.태평양 성공 사례 미래에셋증권 투자포럼 정상훈 대표 (서울=연합뉴스) 곽세연 기자 = 정상훈 미래에셋 상해투자자문 대표는 30일 ""중국에 진출한 한국기업 가운데 성공한 기업은 공통적으로 시장에 대한 정확한 포착과 인내심이 있었다""고 말했다.",중국에 진출한 한국기업 가운데 성공한 기업은 공통적으로 시장에 대한 정확한 포착과 인내심이 있었다,0,0.7154660224914551,0.688919186592102,6,58,0,0,True,False,False
['中 실업자수 내년 1700만명 이른다'],무단전재 및 재배포 금지＞ 이태호 (,1억5000만명에 이르는 지방의 잉여 인력 풀을 감안하면 중국의 고용시장은 여전히 복잡하고 위험한 수준,1,0.5485389232635498,0.7848650813102722,5,7,5,1,False,False,True
['자유무역이 경제발전 앞당겨'],"폭스 대통령은 ""자유무역이야말로 개발과 경제발전, 지속성장을 위한 기본요소라고 생각한다""며 ""멕시코는 전세계 43개국과 자유무역관계를 유지하고 있다""고 말했다.",자유무역이야말로 개발과 경제발전 지속성장을 위한 기본요소라고 생각한다,0,0.8909375667572021,0.6418203115463257,3,68,1,0,False,False,True
['미 고용호조로 12월 기준금리 인상 청신호'],// flash 오류를 우회하기 위한 함수 추가 function _flash_removeCallback() {} 【서울=뉴시스】권성근 기자 = 미국의 고용지표가 양호한 흐름을 이어가면서 오는 12월 기준금리가 인상될 가능성이 커지고 있다.,11월 신규고용이 10만명 밑으로 추락하지 않는다면 미 연방준비제도이사회 가 오는 12월 기준금리를 인상할 것이 확실하다,1,0.7128724455833435,0.3431047797203064,6,43,1,0,False,False,True
['수익 늘릴 틈조차 안보여'],이 은행의 전략담당 부행장은 “지금 같은 상황에선 도저히 내년 이익목표와 같은 숫자를 확정하기 어렵다는 인식을 공유했다”고 귀띔했다.,지금 같은 상황에선 도저히 내년 이익목표와 같은 숫자를 확정하기 어렵다는 인식을 공유했다,1,0.5506702661514282,0.6102191805839539,4,37,6,1,True,False,False
['내년 1분기에도 수출 회복 어렵다…여건 나빠질듯'],"하지만, 수출국 경기 91.2, 수출 채산성 91.3, 자금사정 93.5 등 다른 수출 여건은 전분기보다 악화할 것으로 예상됐습니다.",중국 경기둔화 원자재 가격하락에 따라 신흥시장을 중심으로 세계 경제가 취약한 상황에서 미국의 기준금리 인상은 신흥국 경기를 더욱 위축시킬 가능성이 있다,1,0.6461090445518494,0.7610854506492615,6,53,5,1,False,False,True
"['원화 강세,  양극화 해소·물가 안정에 기여']",무단전재 및 재배포 금지＞ 최현석 (,물가와 금리 등 가격 변수의 안정성도 높일 것,0,0.7969656586647034,0.9302034378051758,6,7,3,1,False,False,True
"[""현재 상황은 '위기'""]","김경만 중기중앙회 산업지원본부장은 ""많은 중소기업이 위기상황에 있고, 우리경제의 근원적 문제해결을 위해 격차해소, 청년고용, 소비여력 확충 등의 정책이 필요하다고 인식하고 있다""며 ""정부가 신제품 개발과 기술개발 투자, 산업전환 등에 초점을 맞춘 정책을 강화해야 한다""고 밝혔다.",위기 상황 2017년까지 계속될 것,1,0.6882034540176392,0.1663332283496856,3,47,2,0,False,False,True
['미 잠재성장률 상승은 늘어난 기업 투자 영향'],"잠재성장률이란 한 나라의 노동, 자본 등 자원을 최대로 활용했을 때 유지되는 경제성장 능력의 최대치를 의미한다.",미국의 잠재성장률은 최근에는 금융위기 직전 수준에 근접한 것으로 추정된다,1,0.7043724060058594,0.6952522993087769,7,78,3,1,False,False,True
['새해 금리정책 완화정도 점차 줄일 것'],"""경기회복 뒷받침하며 자금배분 효율화 도모"" (서울=연합뉴스) 박상현 기자 = 박승 한국은행 총재는 2006년에는 성장과 안정의 균형을 유지하는 바탕 위에서 금리정책의 완화기조는 유지하되, 완화의 정도는 점차 줄여나갈 것이라고 밝혔다.",새해 금리정책은 경기회복을 뒷받침하고 자금배분의 효율성을 도모해야 할 것,1,0.7266417145729065,0.7599458694458008,6,59,2,0,False,False,True
['지역경기 회복세 고용은 불안'],"한국은행 강원본부는 향후 강원경제에 대해 “제조업과 서비스업이 꾸준히 증가하면서 회복세가 지속될 것”이라고 전망하면서도 고용창출 능력이 큰 건설업황의 호전 지연, 세계경제의 불확실성 잔존 등으로 지역경기의 확대 국면이 뚜렷하게 나타나지 않을 수도 있다고 분석했다.",전체적으로 경기가 나아지고 있는 분위기이나 물가 고용 등이 불안해질 가능성도 있는 만큼 지속적인 관리가 필요하다,0,0.6731975078582764,0.6154749393463135,4,76,6,1,False,True,False
['내년 경기전망 불안'],내년 경제여건이 올해보다 어려워질 것이라는 우려가 반영된 것이다.,경기 악화보다 호전을 기대하는 기업이 많긴 하지만 체감경기 하락세가 지속하는 것을 볼 때 환율 하락 내수 부진 등 불안요소 때문에 경기 하락을 걱정하는 기업이 조금씩 늘고 있다,1,0.6733677983283997,0.1176382601261138,3,33,4,1,False,False,True
['양적완화 필요하다'],김영식 기자 grad@,크게 우려하고 있다,1,0.5399912595748901,0.693366527557373,2,6,6,1,True,False,False
['소비·투자 위축으로 유럽경제 악영향 우려'],이들은 파리테러가 소비와 투자를 위축시켜 유로존(유로화사용 19개국)이 직면한 문제들을 악화시킬 수 있다고 지적했다.,보통 파리테러와 같은 사건은 경제에 일시적인 영향을 주는데 그치기 때문에 유럽경제에 대한 시각을 바꿀만한 중요한 일은 아니다,1,0.5992454290390015,0.6556133031845093,5,79,4,1,False,False,True
"['국내기업, 내년 1분기 경기호전 지속']","내년 1분기 예상되는 경영애로 요인으로는 원자재가(26.1%)와 환율변동(17.1%), 자금부족(11.2%), 내수부진(8.9%) 순 이었다.대한상의 관계자는 ""환율하락과 내수부진 등 여전히 불안요인을 안고 있는 만큼 금융시장을 안정화시키고 내수를 활성화할 수 있는 정부의 지속적인 노력이 필요하다""고 덧붙였다.▶ 이데일리ON, 문자로 시세,추천,진단,상담정보 - #2200▶ 이데일리 모바일ㆍ실시간 해외지수/SMS ▶ 가장 빠른 글로벌 경제뉴스ㆍ금융정보 터미널, 이데일리 MARKETPOINT＜ⓒ종합 경제정보 미디어 이데일리 - 무단전재&재배포 금지＞＜안방에서 만나는 가장 빠른 경제뉴스ㆍ돈이 되는 재테크정보 - 이데일리TV＞ 류의성 (esryu@)",환율하락과 내수부진 등 여전히 불안요인을 안고 있는 만큼 금융시장을 안정화시키고 내수를 활성화할 수 있는 정부의 지속적인 노력이 필요하다,1,0.3169460296630859,0.1419035494327545,5,71,5,1,False,False,True
['연말연초 상승추세 지속'],"박 센터장은 경제협력개발기구(OECD) 경기선행지수의 5개월 연속 상승과 지난 2004년 중반 이후 성장 모멘텀이 둔화됐던 미국경제의 상승 사이클 재진입, 국제유가의 하락반전에 따른 인플레이션 우려의 진정 등을 고려할 때 글로벌 경기전망은 긍정적인 상황이라고 진단했다.",주가상승에 따른 밸류에이션 부담은 기업의 이익증가로 상쇄되고 경기 모멘텀과 유동성의 호전은 주가수익비율 등 주가평가 승수의 상승요인으로 작용할 것,1,0.5845776796340942,0.2800677120685577,3,103,1,0,False,False,True
"[""내년 1분기 BSI '111'···경기호조""]",【서울=뉴시스】김정남 기자 = 내년 1분기에도 기업들이 느끼는 체감경기가 호조를 보일 것으로 전망됐다.,향후 경기에 대한 기대감이 지속되고 있다,1,0.251719057559967,0.3589966893196106,4,31,1,0,False,False,True
['내년 1분기 나쁘지 않다'],"다만 정밀기기(108→92), 화학(104→98), 전기기계(102→99), 섬유(104→98) 등은 전분기에 비해 다소 부진했다.특히 내년 1분기 경기전망치(110→102)는 전분기에 비해 하락했지만 여전히 기준치(100)를 상회하고 있어, 기업들은 경기호조의 완만한 지속을 예상하고 있다는 게 지경부측 설명이다.아울러 매출(114→106), 내수(110→103), 수출(106→104), 설비투자(105→105), 고용(108→106)의 전망지수 역시 기준치를 상회, 경기호조 예상을 보여주고 있다는 설명이다.업종별로도 목재·종이·인쇄(120→120), 반도체(100→115) 등 대체적으로 전망지수가 기준치를 상회했으나, 조선(106→93) 등 일부는 부진이 예상됐다.지경부 관계자는 ""내년 1분기 시황 전망지수는 대부분의 업종에서 기준치를 상회, 기업들의 경기회복 예상을 반영하고 있다""며 ""다만 전자(99), 자동차(99), 조선(93), 화학(99) 등은 다소 부진할 것으로 보고 있다""고 설명했다./박영례기자",내년 1분기 시황 전망지수는 대부분의 업종에서 기준치를 상회 기업들의 경기회복 예상을 반영하고 있다,1,0.5821331739425659,0.3693998754024505,4,108,4,1,False,False,True
['내년 5% 성장 불충분..6.8%는 돼야'],"[이데일리 김기성기자] 한국경제연구원은 ""내수경기 회복 등으로 내년 성장률이 5%에 달할 것으로 예상되곤 있지만 이같은 성장률은 산출량 갭, 체감경기부진, 양극화, 재정악화 등을 고려할 때 미흡한 수준""이라고 평가했다.",내수경기 회복 등으로 내년 성장률이 5 퍼센트 에 달할 것으로 예상되곤 있지만 이같은 성장률은 산출량 갭 체감경기부진 양극화 재정악화 등을 고려할 때 미흡한 수준,0,0.8015386462211609,0.7948935031890869,5,44,6,1,False,True,False
['평창올림픽·월드컵 유치 힘쓰겠다'],"특히 경제계가 주최한 G20 비즈니스 서밋에서 제시된 대정부 권고안 68개 중 60개가 G20 정상회의에 직·간접적으로 반영된 것은 큰 성과였다고 자평했다.총수들은 마지막으로 기업의 사회적 책임을 인식해 연말연시 소외된 이웃들을 위한 봉사활동을 적극 펼치기로 했다.한편 이날 회의에는 최태원 SK(003600) 회장, 이준용 대림산업(000210) 회장, 박용현 두산(000150) 회장, 박영주 이건산업(008250) 회장, 현재현 동양 회장, 허창수 GS(078930) 회장, 강덕수 STX(011810) 회장, 정준양 포스코(005490) 회장, 최용권 삼환기업(000360) 회장, 이웅열 코오롱(002020) 회장, 류진 풍산(103140) 회장, 정병철 전경련 상근부회장 등이 참석했다.▶ 관련기사 ◀☞SK, 자체 모멘텀 부족..합병 `중장기 이슈`-한국☞국세청, SK㈜에 조사인력 투입☞SK 분기실적 개선..`자회사 호조`▶ 이데일리ON, 문자로 시세,추천,진단,상담정보 - #2200▶ 이데일리 모바일ㆍ실시간 해외지수/SMS ▶ 가장 빠른 글로벌 경제뉴스ㆍ금융정보 터미널, 이데일리 MARKETPOINT＜ⓒ종합 경제정보 미디어 이데일리 - 무단전재&재배포 금지＞＜안방에서 만나는 가장 빠른 경제뉴스ㆍ돈이 되는 재테크정보 - 이데일리TV＞ 전설리 (sljun@)",한 비준 한 미 원만한 타협 촉구,1,0.3100676834583282,0.249666079878807,3,166,4,1,False,False,True
['자유무역 모든 경제와 주체에 혜택'],무단전재 및 재배포 금지＞ 김기성 (,자유무역의 옹호와 주창이 모든 국가에 혜택이 된다는 것을 보여주고 있다,0,0.8802820444107056,0.750034511089325,5,7,4,1,False,False,True
['현재 한국산업은 위기 상황'],한국 경제의 가장 심각한 문제에 대해서는 응답기업의 52.0%가 ‘소득 및 대·중소기업 간 불균형 심화’를 선택했다.,우리 경제의 근원적 문제 해결을 위해서는 중소기업이 시행하는 위기 대응책에 맞춰 청년고용 소비 여력 확충 등을 위한 정부 정책도 필요하다,1,0.4070849418640136,0.183514729142189,4,44,6,1,True,False,False
['너무 많이 올랐다'],그동안의 상승폭이 과도하다는 인식이 확산되면서 경계 매물이 출회됐다.,연말이 되면서 일부 투자자들은 이 가운데 일부에 대해 이익실현 욕구를 느끼고 있다,1,0.3198283910751343,0.617257297039032,3,20,4,1,False,False,True
['지방경기 상승세…건설업 부진'],【서울=뉴시스】김민자 기자 = 한국은행은 지방 경기가 상승세를 지속하는 것으로 분석했다.,제조업 생산은 반도체 자동차 및 기계장비 등이 활기를 지속한 데 힘입어 꾸준히 증가하고 있다,1,0.298111617565155,0.3696731626987457,3,32,4,1,False,False,True
"['브라질, 정치 악화가 경제 억눌러…BBB-로 강등']",// flash 오류를 우회하기 위한 함수 추가 function _flash_removeCallback() {} - 국내 통화표시 등급 BBB로 - 국내 통화표시 등급 BBB로 - 국내 통화표시 등급 BBB로 [이데일리 김인경 기자] NICE신용평가는 브라질 정치 문제가 더욱 나빠지며 경제를 짓누르고 있다며 외화표시 신용등급을 BBB‘’에서 ‘BBB-’로 낮췄다.,지난 2년간 공격적인 여신 확장을 해 온 국영은행이 자산건전성 악화 위험에 노출돼 있는 점을 예의주시해야 할 것,1,0.4358353018760681,0.7170743942260742,6,46,3,1,False,False,True
['연말 증시 상승추세 지속'],박센터장은 “연말·연초 랠리에서는 금융업종과 계절적 수혜가 예상되는 정보기술(IT) 및 자동차업종에 관심을 가져라”며 “헬스케어 관련주와 경기 소비재도 유망할 것”이라고 추천했다.,연말 연초 랠리에서는 금융업종과 계절적 수혜가 예상되는 정보기술 및 자동차업종에 관심을 가져라,1,0.3724591135978699,0.2758943438529968,4,35,3,1,False,False,True
['현실과 거리 먼 실업통계 보완 내년부터 취준생 등 부가조사'],"유경준 통계청장은 13일 서울경제신문과의 인터뷰에서 ""우리나라 취업자 중 고용보험 미가입자가 많아 이들이 실직했을 때 실업급여를 신청하지 않으면 실업자로 통계에 잡히지 않는 문제가 있다""며 ""비경제활동인구 부가조사를 통해 보완할 수 있을 것""이라고 밝혔다.",비경제활동인구 부가조사를 통해 보완할 수 있을 것,0,0.7177125811576843,0.1894620358943939,9,72,1,0,False,False,True
['새해 경기전망 밝아'],(부산=연합뉴스) 김상현 기자 = 부산과 울산지역 중소제조업체들의 새해 경기전망이 밝게 나타났다.,지역 중소제조업체들에게도 새해 경기회복에 대한 기대감이 높게 나타나고 있다,0,0.6582034826278687,0.9372559785842896,3,30,0,0,True,False,False
['내년초 상승세 지속..팔지말고 들고가라'],"이 연구위원은 ""외국인의 순매수 추세가 여전히 건재하며 미국과 국내 경기 회복에 대한 기대가 좀처럼 사그라들지 않고 있다""며 ""조만간 사상 최고치 돌파 시도가 이뤄질 것""이라고 전망했다.",조만간 사상 최고치 돌파 시도가 이뤄질 것,0,0.5507609844207764,0.4693559408187866,4,79,3,1,False,False,True
['美 장기국채 투자는 자살 행위'],"- ""귀금속·부동산·주식시장에 투자하라""[이데일리 김혜미 기자] 월가의 대표적인 비관론자 마크 파버가 미국의 장기 국채 투자는 `자살 행위`라며 독설을 날렸다.▲ 마크 파버(출처 : 블룸버그)글룸, 붐 앤 둠` 발행인인 파버는 30일(현지시간) 블룸버그와의 전화 인터뷰를 통해 미 정부 국채 가격이 하락세를 보일 것이라고 경고했다.",결국 최악의 투자는 미 장기 국채 투자,1,0.7411787509918213,0.587054431438446,5,61,3,1,False,False,True
"[""12월 BSI '104.2'···호조세 유지""]","28일 전국경제인연합회가 업종별 매출액순 600대 기업을 대상으로 조사한 12월 기업경기실사지수(BSI)에 따르면, 다음달 전망치는 '104.2'로 나타났다.",연말연시 특수에 따른 내수호조 기대 등 계절적 요인에 기인하는 바가 크다,1,0.3782896697521209,0.3682970404624939,4,41,6,1,True,False,False
['TPP 가입 가능성 크다…일본이 지원키로'],"이와 함께 그는 일본이 태국의 TPP 가입을 지원하기로 했다며, 태국이 TPP 가입 시 얻게 될 혜택과 영향, 문제점 등을 연구하는 데 일본이 돕기로 했다고 덧붙였다.",태국은 에 매우 관심이 있다,1,0.3934293389320373,0.8043384552001953,5,67,3,1,False,False,True
['장기 실업 문제 심각'],워싱턴=김홍열 특파원,특히 장기 실직자들이 걱정,0,0.812576174736023,0.8057265281677246,4,14,5,1,False,False,True
"['원·달러 환율, 1140원 중후반 등락…대외 이벤트 경계']",박상재 한경닷컴 기자 sangjae@hankyung.com,이날 원 달러 환율은 1140원대 중후반에서 제한적으로 등락할 것,0,0.8175169229507446,0.5771450996398926,7,13,0,0,True,False,False
['원재료값 올라도 가격 안올려'],국내 프랜차이즈 업계 절반 이상이 올해 원재료 가격이 상승해도 소비자 판매가격을 그대로 유지하거나 내릴 것이란 답변을 내놨다.대한상공회의소는 최근 지식경제부와 함께 전국 1400여 개 프랜차이즈 가맹본부를 대상으로 실시한 '2011년 프랜차이즈 산업 경기전망 및 해외진출 현황 조사'를 3일 발표했다.설문에 참여한 프랜차이즈 기업 74.7%가 올해 원재료 가격이 지난해에 비해 오를 것으로 예상했다.,올해 경기 확장세가 예상되는 가운데 소비심리 역시 긍정적일 것이란 기대가 작용하는 것 같다,1,0.3785521388053894,0.5264968872070312,4,59,2,0,False,False,True
"[""내년 주택시장 전반적 '흐림'… 변수는 금융정책""]",이 역시 올해보다 상승폭이 줄어든 수치다.,이는 거래 공급이 급증한 2015년에 대한 기고효과로 주택시장 침체로 해석할 수 없으며 지표상으로 보면 주택산업은 여전히 경제 전반을 견인할 수 있는 유일한 산업,1,0.6751680970191956,0.2090086042881012,6,41,5,1,False,False,True
"['금융감독당국, 은행 충당금 더 쌓아라']","시중은행의 한 관계자는 ""연말을 하루 앞두고 갑자기 충당금을 더 쌓으라고 하면 지점별 적립액과 순익이 다 조정해야 한다""며 ""NPL 목표치와도 어긋난다""고 지적했다.",이익을 너무 많이 내려고 하지 말 것과 충당금을 더 쌓을 필요가 있다는 것 등을 은행에 전달했다,0,0.7520153522491455,0.4333662390708923,5,55,2,0,False,False,True
"['스페인, 내년 압류주택 매물 3배 급증']","내년 스페인 부동산 시장에 매물로 나올 압류주택이 올해의 3배에 이를 것으로 전망됐다고 블룸버그 통신이 25일(현지시간) 보도했다.스페인은 막대한 대외부채로 구제금융을 요청한 아일랜드 다음 주자로 거론되는 이른바 유로권 '주변부' 국가 가운데 하나다.스페인의 회계기준이 바뀌면서 은행들은 내년 중에 자산가치가 급격히 하락한 부동산 등 자산을 대규모로 털어낼 것으로 예상된다.25개 스페인 은행을 대신해 압류 부동산 매물을 중개하는 온라인 사이트를 개설한 피소스 엠바르가도스 데 방코스 공동 창업자인 페르난도 아추나는 현재 은행이 내놓은 개인주택과 아파트가 약 10만호에 이른다면서 이같이 밝혔다.지난달 스페인 중앙은행인 스페인은행(BOS)에 따르면 스페인 은행들의 건설, 부동산 관련 악성 채권은 모두 1810억유로에 이른다.",은행들은 부동산 개발업자들과 주택 소유자들로부터 막대한 양의 부동산을 인수한 상태,1,0.460330605506897,0.0266996528953313,6,102,2,0,False,False,True
"['내년 상반기, 지금보다 좋을 것']",무단전재 및 재배포 금지＞ 김상욱 (,최근 경제는 지난 상반기보다 좋아졌고 내년 상반기에는 지금보다 더 나아질 것,0,0.7603127956390381,0.8330330848693848,5,7,3,1,False,False,True
